index,url,valid,domain,title,description,image,published,archive,content,quote,language,keyword
https://www.tagesspiegel.de/berlin/ein-halbes-jahr-nach-dem-blackout-wegner-verfolgt-das-tennis-gate-bis-heute-15779485.html,https://www.tagesspiegel.de/berlin/ein-halbes-jahr-nach-dem-blackout-wegner-verfolgt-das-tennis-gate-bis-heute-15779485.html,0,www.tagesspiegel.de,Ein halbes Jahr nach dem Blackout: Wegner verfolgt das „Tennis-Gate“ bis heute,Tennis statt Krisenmanagement? Seit einem halben Jahr steht Berlins Regierender Bürgermeister deswegen in der Kritik. Ist dazu alles gesagt?,https://www.tagesspiegel.de/images/15779484/alternates/BASE_16_9_W1400/1782874977000/parteitag-cdu-berlin.jpeg,2026-07-01T03:02:57Z,,Für das Image von Berlins Regierendem Bürgermeister Kai Wegner war der 3. Januar ein Einschnitt  ein halbes Jahr ist der Beginn des großen Stromausfalls in Berlin her. Bis dahin hätte kaum jemand bez… [+6113 chars],,de,'Blackout'
https://www.zeit.de/mobilitaet/2026-06/ende-tankrabatt-bundesregierung-benzinpreise-sprit,https://www.zeit.de/mobilitaet/2026-06/ende-tankrabatt-bundesregierung-benzinpreise-sprit,0,www.zeit.de,Ende des Tankrabatts: Tanke für nichts,"Die Bundesregierung hat deutschen Autofahrern über den Tankrabatt zwei Monate lang günstigere Spritpreise beschert. Warum bloß? Gut, dass damit endlich Schluss ist.",https://img.zeit.de/wirtschaft/2026-06/ende-tankrabatt-bundesregierung-benzinpreise-sprit-bild-2/wide__1300x731,2026-07-01T03:27:24Z,,"Wenn Sie an diesem Mittwoch tanken
gehen und sich ärgern, weil der Liter
Benzin oder Diesel wieder deutlich teurer ist, atmen Sie erst einmal tief
durch. Ja, es wird erst mal teurer, der
Tankraba… [+671 chars]",,de,'Spritpreise'
https://www.faz.net/aktuell/politik/ausland/ursula-von-der-leyen-in-baku-menschenrechte-in-aserbaidschan-accg-200982219.html,https://www.faz.net/aktuell/politik/ausland/ursula-von-der-leyen-in-baku-menschenrechte-in-aserbaidschan-accg-200982219.html,0,www.faz.net,Von der Leyen bei Alijew: Die Gefangenen in Baku melden sich zu Wort,"Vor von der Leyens Aserbaidschan-Besuch mahnen Aktivisten: Die EU dürfe nicht nur Gas kaufen, sie müsse sich auch für politische Häftlinge einsetzen.",https://media0.faz.net/image/w1200h627/b6cc7c845497/w1960h1024x0y131o/202309/43600.0.2075015514/die-eu-sieht-aserbaidschan-als.webp,2026-07-01T04:13:09Z,,"Vor der Reise der EU-Kommissionspräsidentin nach Aserbaidschan an diesem Mittwoch mehren sich die Stimmen von politischen Gefangenen des Regimes von Machthaber Ilham Alijew, die Ursula von der Leyen … [+4181 chars]",,de,'Gas'
https://www.telepolis.de/article/Europas-Gasspeicher-Niedrigster-Fuellstand-seit-15-Jahren-droht-11349825.html,https://www.telepolis.de/article/Europas-Gasspeicher-Niedrigster-Fuellstand-seit-15-Jahren-droht-11349825.html,0,www.telepolis.de,Europas Gasspeicher: Niedrigster Füllstand seit 15 Jahren droht,Die EU könnte mit nur 76 Prozent Speicherfüllung in den Winter starten – so wenig wie seit 2011 nicht. Höhere Heizkosten werden wahrscheinlicher.,https://heise.cloudimg.io/bound/1200x1200/q85.png-lossy-85.webp-lossy-85.foil1/_www-heise-de_/imgs/18/5/1/0/9/3/1/4/shutterstock_2750226223-144f71ea16d7c1cd.jpg,2026-07-01T04:30:00Z,,"Der Füllstand von Europas Gasspeichern könnten zu Beginn der Heizsaison einen historisch niedrigen Wert erreichen.
(Bild: muratart / Shutterstock.com)
Die EU könnte mit nur 76 Prozent Speicherfüllu… [+2930 chars]",,de,'Heizkosten'
https://www.morgenpost.de/politik/article412436296/zukunft-der-spritpreise-drei-szenarien-wie-es-im-iran-krieg-weitergeht.html,https://www.morgenpost.de/politik/article412436296/zukunft-der-spritpreise-drei-szenarien-wie-es-im-iran-krieg-weitergeht.html,0,www.morgenpost.de,"Zukunft der Spritpreise: Drei Szenarien, wie es im Iran-Krieg weitergeht",Hält das amerikanisch-iranische Rahmenabkommen – oder platzt es? Wie sich die Entwicklung am Golf auf unsere Wirtschaft auswirken könnte.,https://img.sparknews.funkemedien.de/412436835/412436835_1782880371_v16_9_1600.jpeg,2026-07-01T04:32:49Z,,"Nach der Unterzeichnung des amerikanisch-iranischen Rahmenabkommens Mitte Juni keimte Hoffnung auf, dass die Weltwirtschaft wieder auf Trab kommt. Eine verlängerte Waffenruhe, die Wiederöffnung der f… [+6727 chars]",,de,'Spritpreise'
https://www.tagesspiegel.de/wirtschaft/anstieg-nicht-gerechtfertigt-der-tankrabatt-ist-geschichte--und-die-spritpreise-schiessen-hoch-15779640.html,https://www.tagesspiegel.de/wirtschaft/anstieg-nicht-gerechtfertigt-der-tankrabatt-ist-geschichte--und-die-spritpreise-schiessen-hoch-15779640.html,0,www.tagesspiegel.de,„Anstieg nicht gerechtfertigt“: Der Tankrabatt ist Geschichte – und die Spritpreise schießen hoch,Seit Mitternacht ist die Steuerermäßigung vorbei. Punkt 12 Uhr zogen die Preise an den Tankstellen noch einmal abrupt an. Kritik kommt vom ADAC und dem Kartellamt.,https://www.tagesspiegel.de/images/15779807/alternates/BASE_16_9_W1400/1782886583000/tanken.jpeg,2026-07-01T04:56:38Z,,Der Tankrabatt ist vorbei: Am ersten Tag nach dem Auslaufen sind die Preise für Benzin und Diesel am Mittwoch an den Zapfsäulen kräftig gestiegen. Auswertungen des Automobilclubs ADAC zufolge verteue… [+4074 chars],,de,'Spritpreise'
https://www.faz.net/aktuell/wirtschaft/unternehmen/business-liveticker-baywa-erhaelt-mehr-zeit-zur-sanierung-faz-200452404.html,https://www.faz.net/aktuell/wirtschaft/unternehmen/business-liveticker-baywa-erhaelt-mehr-zeit-zur-sanierung-faz-200452404.html,0,www.faz.net,Business-Ticker: Baywa erhält mehr Zeit zur Sanierung,Spritpreise schon vor Ende des Tankrabatts gestiegen +++ Wegen KI: Rechenzentren tragen bereits zu 20 Prozent des Stromverbrauchs bei +++ Ungarns Haushaltsloch wird größer +++ Neuigkeiten im Unternehmen-Liveblog.,https://media0.faz.net/image/w1200h627/95d1ab503f49/w5562h2906x0y111o/202603/43601.0.1899611949/wichtig-fuer-die.webp,2026-07-01T05:16:05Z,,Der Adidas-Rivale Nike sieht trotz eines Geschäfts-Schubs durch die Fußball-WM insgesamt eine trübe Stimmung am Sportartikel-Markt. Unsere Kunden sind rund um die Welt unter Druck und das bekomme man… [+1871 chars],,de,'Spritpreise'
https://www.zeit.de/arbeit/2026-06/highperformer-arbeit-karriere-arbeitszeit-arbeitnehmerschutz-regelungen,https://www.zeit.de/arbeit/2026-06/highperformer-arbeit-karriere-arbeitszeit-arbeitnehmerschutz-regelungen,0,www.zeit.de,"Highperformer: »Vielleicht liegt es daran, dass ich auf einem Bauernhof aufwuchs«","Sie arbeiten immer mehr, als sie müssten. Managen Job, Promotion, Kinder. Und gleichen Überstunden nicht aus. Highperformer erzählen, wie sie ihr Pensum locker schaffen.",https://img.zeit.de/arbeit/2026-06/highperformer-job-auslastung-karriere-familie-kinder-bild/wide__1300x731,2026-07-01T05:42:06Z,,"Es gibt die, die Dienst nach Vorschrift machen also genau so viel arbeiten, wie sie müssen. Und dann sind da noch die anderen: Für sie ist eine Arbeitswoche mit 60 Stunden normal. Sie sind trotzdem n… [+334 chars]",,de,'Kinder'
https://www.zeit.de/news/2026-07/01/reden-hilft-bei-zeugnissorgen-nummer-gegen-kummer,https://www.zeit.de/news/2026-07/01/reden-hilft-bei-zeugnissorgen-nummer-gegen-kummer,0,www.zeit.de,Kinder- und Jugendtelefon: Reden hilft bei Zeugnissorgen - Nummer gegen Kummer,Hier finden Sie Informationen zu dem Thema „Kinder- und Jugendtelefon“. Lesen Sie jetzt „Reden hilft bei Zeugnissorgen - Nummer gegen Kummer“.,https://img.zeit.de/news/2026-07/01/reden-hilft-bei-zeugnissorgen-nummer-gegen-kummer-image-group/wide__1300x731,2026-07-01T06:44:17Z,,"Am Freitag ist in Schleswig-Holstein der letzte Schultag vor den Sommerferien. Doch nicht alle Kinder und Jugendlichen können unbeschwert in die schulfreien Wochen starten, denn davor steht die Zeugn… [+2456 chars]",,de,'Kinder'
https://www.zeit.de/news/2026-07/01/anlage-flutet-hallen-mit-gas-mitarbeiter-verlassen-gebaeude,https://www.zeit.de/news/2026-07/01/anlage-flutet-hallen-mit-gas-mitarbeiter-verlassen-gebaeude,0,www.zeit.de,Großeinsatz: Anlage flutet Hallen mit Gas - Mitarbeiter verlassen Gebäude,Hier finden Sie Informationen zu dem Thema „Großeinsatz“. Lesen Sie jetzt „Anlage flutet Hallen mit Gas - Mitarbeiter verlassen Gebäude“.,https://img.zeit.de/news/2026-07/01/anlage-flutet-hallen-mit-gas-mitarbeiter-verlassen-gebaeude-image-group/wide__1300x731,2026-07-01T06:46:02Z,,Drei Hallen eines Industriebetriebes sind in Dörfles-Esbach (Landkreis Coburg) mit rund fünf Tonnen Kohlenstoffdioxid geflutet worden. Bei Arbeiten an einer Maschine hatte sich am Dienstag Qualm entw… [+370 chars],,de,'Gas'
https://www.faz.net/aktuell/gesellschaft/menschen/geburtenrate-in-deutschland-2025-tief-wie-vor-20-jahren-accg-200986289.html,https://www.faz.net/aktuell/gesellschaft/menschen/geburtenrate-in-deutschland-2025-tief-wie-vor-20-jahren-accg-200986289.html,0,www.faz.net,"1,32 Kinder je Frau: Geburtenrate ist weiter gesunken","Im vergangenen Jahr lag die Geburtenrate so niedrig wie seit 20 Jahren nicht mehr. Etwa 650.000 Kinder kamen in Deutschland zur Welt. Aber es gibt ein Bundesland, in dem die Zahl der Geburten pro Frau gestiegen ist.",https://media0.faz.net/image/w1200h627/27acf2d02ee3/w4355h2275x0y168o/202606/43601.0.2265253920/duisburg-ein-kind-spielt-bei.webp,2026-07-01T07:26:20Z,,"Die Geburtenrate ist erneut gesunken. Sie war 2025 mit 1,32 Kindern je Frau um 2,7 Prozent niedriger als im Vorjahr (1,35 Kinder je Frau), wie das Statistische Bundesamt am Mittwoch in Wiesbaden mitt… [+1711 chars]",,de,'Kinder'
https://www.zeit.de/feuilleton/literatur/2026-06/kinderbuch-bestenliste-jugendbuch-buecher-empfehlung-juli-2026,https://www.zeit.de/feuilleton/literatur/2026-06/kinderbuch-bestenliste-jugendbuch-buecher-empfehlung-juli-2026,0,www.zeit.de,Kinderbuch-Bestenliste: Die Kinder- und Jugendbuch-Bestenliste der ZEIT für Juli,"Wurm frisst Dino, Feministin trägt Hidschab, und ein Vater wird zum Eisbär: die fünf besten Kinder- und Jugendbücher des Monats.",https://img.zeit.de/feuilleton/literatur/2026-06/kinderbuch-bestenliste-jugendbuch-buehcer-empfehlung-juli-2026-bild-6/wide__1300x731,2026-07-01T08:19:28Z,,"Über die fünf Bücher dieser monatlichen Bestenliste stimmen 20 Redakteurinnen und Redakteure der ZEIT ab. Die aktuellen Titel stellt Katrin Hörnlein hier vor.
Platz 1
Martin Muser: LeimboyCarlsen V… [+974 chars]",,de,'Kinder'
https://www.tagesschau.de/inland/gesellschaft/geburtenrate-sinkt-100.html,https://www.tagesschau.de/inland/gesellschaft/geburtenrate-sinkt-100.html,0,www.tagesschau.de,Statistisches Bundesamt: So wenig Geburten wie zuletzt 1997,"Die Geburtenrate ist laut Statistischem Bundesamt auf den tiefsten Wert seit fast 30 Jahren gefallen - auf 1,32 Kinder pro Frau. In beinahe allen Bundesländern wurden 2025 weniger Kinder geboren als im Vorjahr.",https://images.tagesschau.de/image/41acf62f-b6dd-4e41-807a-42ab00288d46/AAABnxyVgoM/AAABnSSvrFg/16x9-big/neugeborenes-116.jpg?width=1280,2026-07-01T08:51:16Z,,"Stand: 01.07.2026 10:51 Uhr
Die Geburtenrate ist laut Statistischem Bundesamt auf den tiefsten Wert seit fast 30 Jahren gefallen - auf 1,32 Kinder pro Frau. In beinahe allen Bundesländern wurden 202… [+2405 chars]",,de,'Kinder'
https://www.tagesspiegel.de/gesellschaft/medien/hyperscaler-microsoft-plant-nachsten-grossen-ki-serverstandort-in-nrw-15780792.html,https://www.tagesspiegel.de/gesellschaft/medien/hyperscaler-microsoft-plant-nachsten-grossen-ki-serverstandort-in-nrw-15780792.html,0,www.tagesspiegel.de,Hyperscaler: Microsoft plant nächsten großen KI-Serverstandort in NRW,Die Tage des Kohle-Abbaus im Rheinischen Revier sind gezählt - und dann? Hohe Investitionen in neue Serverstandorte für KI-Anwendungen stimmen zumindest etwas hoffnungsfroh. Doch es gibt auch Skepsis.,https://www.tagesspiegel.de/images/15781625/alternates/BASE_16_9_W1400/1782905300000/microsoft-deutschlandchefin-agnes-heftberger.jpeg,2026-07-01T09:04:14Z,,"Der US-Technologiekonzern Microsoft erhöht seine milliardenschweren Investitionen in KI-Rechenzentren in NRW. Wie das Unternehmen mitteilte, möchte es einen weiteren Server-Standort in Grevenbroich a… [+5595 chars]",,de,'Kohle'
https://www.zeit.de/wirtschaft/2026-07/tankrabatt-ende-spritpreise-adac-12-uhr-regel-gxe,https://www.zeit.de/wirtschaft/2026-07/tankrabatt-ende-spritpreise-adac-12-uhr-regel-gxe,0,www.zeit.de,Tankrabatt: Spritpreise steigen nach Tankrabatt-Ende stark an,Nach dem Ende des Tankrabatts hat ein Liter Diesel über 15 Cent mehr als am Vortag gekostet. Umwelt- und Sozialverbände begrüßten das Auslaufen und fordern Alternativen.,https://img.zeit.de/wirtschaft/2026-07/tankrabatt-ende-spritpreise-adac-12-uhr-regel-foto-1/wide__1300x731,2026-07-01T09:10:27Z,,"Die Spritpreise sind mit dem Ende des Tankrabatts stark gestiegen. Wie der Allgemeine Deutsche Automobil-Club (ADAC) mitteilte, war Superbenzin der Sorte E10 um 8 Uhr am Morgen 13,4 Cent teurer als z… [+3843 chars]",,de,'Spritpreise'
https://www.tagesschau.de/wirtschaft/weltwirtschaft/stahlindustrie-krise-zoelle-100.html,https://www.tagesschau.de/wirtschaft/weltwirtschaft/stahlindustrie-krise-zoelle-100.html,0,www.tagesschau.de,Warum Stahlaktien trotz Dauerkrise so gut laufen,Hohe Energiekosten und wachsende Konkurrenz: Die Stahlindustrie ist in der Dauerkrise. Hinzu kommen neue US-Zölle auf europäischen Stahl. Trotzdem glänzten Stahlaktien zuletzt mit steigenden Kursen. Von Stefan Wolff.,https://images.tagesschau.de/image/2c526f8e-eae0-4b28-a0a1-515f2fd5258b/AAABnxyOF2k/AAABnSSvrFg/16x9-big/stahl-226.jpg?width=1280,2026-07-01T09:18:12Z,,"Stand: 01.07.2026 11:18 Uhr
Hohe Energiekosten und wachsende Konkurrenz: Die Stahlindustrie ist in der Dauerkrise. Hinzu kommen neue US-Zölle auf europäischen Stahl. Trotzdem glänzten Stahlaktien zu… [+2838 chars]",,de,'Energiekosten'
https://www.welt.de/wirtschaft/article6a44e58df027d323739636bf/adac-auswertung-ende-des-tankrabatts-spritpreise-steigen-deutlich-an.html,https://www.welt.de/wirtschaft/article6a44e58df027d323739636bf/adac-auswertung-ende-des-tankrabatts-spritpreise-steigen-deutlich-an.html,0,www.welt.de,Ende des Tankrabatts – Spritpreise steigen deutlich an,"Nach dem Auslaufen des Tankrabatts ziehen die Preise kräftig an. Super E10 liegt laut ADAC am Morgen rund 13 Cent, Diesel mehr als 15 Cent höher als am Vortag.",https://images.welt.de/6a44e58df027d323739636bf/44e15212571df69f486978d210ec1ad7-master/ci16x9-w1200/dpa-com-260701-935-1449719-jpg,2026-07-01T11:07:02Z,,"Nach dem Auslaufen des Tankrabatts ziehen die Preise kräftig an. Super E10 liegt laut ADAC am Morgen rund 13 Cent, Diesel mehr als 15 Cent höher als am Vortag.Die Spritpreise sind mit dem Ende des Ta… [+2331 chars]",,de,'Spritpreise'
https://www.zeit.de/news/2026-07/01/erster-mittagssprung-nach-tankrabatt-faellt-eher-klein-aus,https://www.zeit.de/news/2026-07/01/erster-mittagssprung-nach-tankrabatt-faellt-eher-klein-aus,0,www.zeit.de,Mobilitätskosten: Spritpreise ziehen mit dem Ende des Tankrabatts kräftig an,Hier finden Sie Informationen zu dem Thema „Mobilitätskosten“. Lesen Sie jetzt „Spritpreise ziehen mit dem Ende des Tankrabatts kräftig an“.,https://img.zeit.de/news/2026-07/01/erster-mittagssprung-nach-tankrabatt-faellt-eher-klein-aus-image-group/wide__1300x731,2026-07-01T11:36:44Z,,"Die Spritpreise sind mit dem Ende des Tankrabatts stark gestiegen. Am Mittwochmorgen war Superbenzin der Sorte E10 um 13,4 Cent teurer als zur gleichen Zeit am Dienstag, wie der ADAC mitteilt. Bei Di… [+3188 chars]",,de,'Spritpreise'
https://www.zeit.de/news/2026-07/01/mehr-e-scooter-unfaelle-polizei-startet-praeventionskampagne,https://www.zeit.de/news/2026-07/01/mehr-e-scooter-unfaelle-polizei-startet-praeventionskampagne,0,www.zeit.de,Kinder auf E-Rollern: Mehr E-Scooter-Unfälle – Polizei startet Präventionskampagne,Hier finden Sie Informationen zu dem Thema „Kinder auf E-Rollern“. Lesen Sie jetzt „Mehr E-Scooter-Unfälle – Polizei startet Präventionskampagne“.,https://img.zeit.de/news/2026-07/01/mehr-e-scooter-unfaelle-polizei-startet-praeventionskampagne-image-group/wide__1300x731,2026-07-01T11:44:23Z,,Anlässlich der deutlich gestiegenen Zahl von E-Scooter-Unfällen startet das Polizeipräsidium Südhessen zu Beginn des Heinerfestes eine Präventionskampagne. Unter dem Motto «E-Scooter? Nur mit Plan. R… [+538 chars],,de,'Kinder'
https://www.sueddeutsche.de/wirtschaft/spritpreise-deutschland-wegfall-tankrabatt-li.3508684,https://www.sueddeutsche.de/wirtschaft/spritpreise-deutschland-wegfall-tankrabatt-li.3508684,0,www.sueddeutsche.de,Ende des Tankrabatts: Spritpreise ziehen kräftig an,"Seit diesem Mittwoch ist die Steuerermäßigung an den Zapfsäulen ausgelaufen. Die Preise steigen stark, der befürchtete Rekord-Sprung zur Mittagszeit bleibt aber aus.",https://www.sueddeutsche.de/2026/07/01/f986aea2-82e5-4026-8e08-ecfab06955f7.jpg?q=60&fm=webp&width=1200&rect=0%2C134%2C2574%2C1448,2026-07-01T12:01:23Z,,"Am Mittag stiegen die Preise für E10 im bundesweiten Durchschnitt auf 2,15 Euro pro Liter an, bei Diesel auf 2,11 Euro. Der seit der Einführung der 12-Uhr-Regel typische Mittagssprung fiel allerdings… [+1637 chars]",,de,'Spritpreise'
https://www.tagesschau.de/wirtschaft/verbraucher/spritpreise-tankrabatt-steuererleichterung-100.html,https://www.tagesschau.de/wirtschaft/verbraucher/spritpreise-tankrabatt-steuererleichterung-100.html,0,www.tagesschau.de,Spritpreise ziehen mit dem Ende des Tankrabatts kräftig an,Die Spritpreise an den deutschen Tankstellen sind mit Auslaufen des Tankrabatts massiv angestiegen. Sowohl Super E10 als auch Diesel kosten am Mittag im bundesweiten Schnitt wieder deutlich über zwei Euro pro Liter.,https://images.tagesschau.de/image/fc315c26-ee2d-45d2-a126-af72784f29e8/AAABnx15FUo/AAABnSSvrFg/16x9-big/tanken-186.jpg?width=1280,2026-07-01T12:59:42Z,,"Stand: 01.07.2026 14:59 Uhr
Die Spritpreise an den deutschen Tankstellen sind mit Auslaufen des Tankrabatts massiv angestiegen. Sowohl Super E10 als auch Diesel kosten am Mittag im bundesweiten Schn… [+5234 chars]",,de,'Spritpreise'
https://www.n-tv.de/wirtschaft/Spritpreise-ziehen-zu-stark-und-zu-frueh-an-id31036100.html,https://www.n-tv.de/wirtschaft/Spritpreise-ziehen-zu-stark-und-zu-frueh-an-id31036100.html,0,www.n-tv.de,"Experte analysiert: Spritpreise ziehen ""zu stark und zu früh an""",Die steuerliche Schonfrist an den Zapfsäulen ist vorbei. Zur Mittagszeit steigen die Preise stark. Ist der aktuelle Sprung gerechtfertigt? IW-Ökonom Puls hat seine Zweifel.,https://www.n-tv.de/img/31030358/1782817468/Img_16_9/1200/Das-Ende-des-Tankrabatts-wird-sich-an-den-Tankstellen-bemerkbar-machen.jpg,2026-07-01T13:29:00Z,,"Bis sich die Preise an den Zapfsäulen wieder normalisieren, wird laut dem IW-Ökonomen Puls noch einige Zeit vergehen. 
Die steuerliche Schonfrist an den Zapfsäulen ist vorbei. Zur Mittagszeit steige… [+3769 chars]",,de,'Spritpreise'
https://taz.de/Nach-dem-Tankrabatt-Ende-Spritpreise-steigen-massiv/!6192643/,https://taz.de/Nach-dem-Tankrabatt-Ende-Spritpreise-steigen-massiv/!6192643/,0,taz.de,Nach Tankrabatt-Aus: Spritpreise steigen massiv,Mineralölkonzerne erhöhen Preise nach Auslaufen des Tankrabatts über Gebühr. Verbraucherschutzchefin Pop spricht von Abzocke.,https://taz.de/picture/8583813/1200/Tankrabatt.jpeg,2026-07-01T14:45:00Z,,Mineralölkonzerne erhöhen Preise nach Auslaufen des Tankrabatts über Gebühr. Verbraucherschutzchefin Pop spricht von Abzocke. mehr...,,de,'Spritpreise'
https://www.tagesschau.de/investigativ/anklage-nordstream-ukraine-russland-100.html,https://www.tagesschau.de/investigativ/anklage-nordstream-ukraine-russland-100.html,0,www.tagesschau.de,Gas-Pipelines: Erste Anklage gegen mutmaßlichen Nord-Stream-Saboteur,"Der Generalbundesanwalt hat im Fall der gesprengten Nord-Stream-Pipelines Anklage gegen einen Ukrainer erhoben.<em> </em>Laut<em> ARD</em>, SZ und Zeit soll sich der Ex-Soldat in abgehörten Telefonaten selbst belastet haben. Er wird in Hamburg vor Gericht ste…",https://images.tagesschau.de/image/0e41e889-1ee5-4db1-bf6e-24fe40ddb0af/AAABleyXnow/AAABnSSvrFg/16x9-big/nordstream-leck-101.jpg?width=1280,2026-07-01T15:00:28Z,,"Stand: 01.07.2026 17:00 Uhr
Der Generalbundesanwalt hat im Fall der gesprengten Nord-Stream-Pipelines Anklage gegen einen Ukrainer erhoben.Laut ARD, SZ und Zeit soll sich der Ex-Soldat in abgehörten… [+2493 chars]",,de,'Gas'
https://www.focus.de/kultur/stars/kohle-war-da-aber-kein-erfolg-nino-de-angelo-bekommt-millionen-gage-nach-vertragsfehler_c71bccf0-3a4e-4fd9-9c4e-228b5c21b583.html,https://www.focus.de/kultur/stars/kohle-war-da-aber-kein-erfolg-nino-de-angelo-bekommt-millionen-gage-nach-vertragsfehler_c71bccf0-3a4e-4fd9-9c4e-228b5c21b583.html,0,www.focus.de,"„Kohle war da, aber kein Erfolg”: Nino de Angelo bekommt Millionen-Gage nach Vertragsfehler","Zu Beginn seiner Karriere wurde Nino de Angelo mit dem schnellen Geld beglückt. Einige seiner Millionen beruhten damals auf einem Vertragsfehler, wie der Sänger nun verrät.","https://quadro.burda-forward.de/ctf/c5019b78-f344-4e0e-97f9-64c08367e01a.8a656e76-c525-4b4d-ae83-56b5c9d6d93a.jpg?im=RegionOfInterestCrop=(1200,630),regionOfInterest=(2522,863)&hash=8eeae1c7a311679800a6f091eb1e2d8df750e0c47c5f4da3f3ee943264db3e67",2026-07-01T15:35:00Z,,"In der MDR-Sendung MDR um 4: Gäste zum Kaffee wurde de Angelo auf seine schönste Gage angesprochen. Da musste der 62-Jährige nicht lange überlegen und landete im Jahr 1984, als sein Hit Jenseits von … [+1488 chars]",,de,'Kohle'
"https://www.gamestar.de/artikel/gasgrill-kohlegrill-alternative-weber-pelletgrill-tipp-bbq-empfehlung-sommer-2026,3448768.html","https://www.gamestar.de/artikel/gasgrill-kohlegrill-alternative-weber-pelletgrill-tipp-bbq-empfehlung-sommer-2026,3448768.html",0,www.gamestar.de,"Deals: Halt, Stop! - Bevor ihr einen Gasgrill kauft, solltet ihr diese Art von Grill mal kennenlernen! [Anzeige]","Gasgrill, Kohlegrill, Weber-Grill? Für mich kommt 2026 nichts mehr davon in Frage, denn ich habe mittlerweile eine ganz neue und andere Art von Grill entdeckt, die in meinen Augen sogar besser als der ganze Rest ist.",https://images.cgames.de/images/gamestar/293/activa-smoker-grill-xxl-el-paso-i-pellet-smoker-inkl-automatischer-pelletzuführung-thermometer-gasgrill-weber-grill-kohle_6404427.jpg,2026-07-01T18:15:00Z,,"Grillt ihr mit Gas oder Kohle? Eine neue Art von Grill benutzt weder noch. Und nein, ich meine natürlich keinen Elektrogrill.
Im Grunde genommen gibt es drei Arten von Grills: Gas, Kohle oder Elektr… [+5892 chars]",,de,'Kohle'
https://www.tagesschau.de/ausland/europa/polen-spritpreise-100.html,https://www.tagesschau.de/ausland/europa/polen-spritpreise-100.html,0,www.tagesschau.de,In Polen explodieren nach Ende der Preisbremse die Spritpreise,"Die Kraftstoffpreise sind in Polen über Nacht sprungartig angestiegen. Ähnlich wie in Deutschland lief im Juni ein Programm aus, das die Spritpreise begrenzte. Nun steht die Regierung massiv in der Kritik. Von Palina Milling.",https://images.tagesschau.de/image/6c37d72a-9ba7-4f78-9fc4-67b5f7361f2d/AAABnx8uTGQ/AAABnSSvrFg/16x9-big/tankstelle-polen-104.jpg?width=1280,2026-07-01T19:35:55Z,,"Stand: 01.07.2026 21:35 Uhr
Die Kraftstoffpreise sind in Polen über Nacht sprungartig angestiegen. Ähnlich wie in Deutschland lief im Juni ein Programm aus, das die Spritpreise begrenzte. Nun steht … [+2608 chars]",,de,'Spritpreise'
https://www.zeit.de/news/2026-07/02/kinder-drehen-tiktok-video-auf-bahngleisen,https://www.zeit.de/news/2026-07/02/kinder-drehen-tiktok-video-auf-bahngleisen,0,www.zeit.de,Polizeieinsatz: Kinder drehen TikTok-Video auf Bahngleisen,Hier finden Sie Informationen zu dem Thema „Polizeieinsatz“. Lesen Sie jetzt „Kinder drehen TikTok-Video auf Bahngleisen“.,https://img.zeit.de/news/2026-07/02/kinder-drehen-tiktok-video-auf-bahngleisen-image-group/wide__1300x731,2026-07-02T07:08:16Z,,Zwei Mädchen haben auf Bahngleisen in Amberg in der Oberpfalz Videoaufnahmen für TikTok gemacht und damit einen Polizeieinsatz ausgelöst. Der Streckenabschnitt sei für etwa 15 Minuten gesperrt worden… [+265 chars],,de,'Kinder'
https://www.zeit.de/news/2026-07/02/spritpreise-super-im-tagesschnitt-wieder-ueber-2-euro,https://www.zeit.de/news/2026-07/02/spritpreise-super-im-tagesschnitt-wieder-ueber-2-euro,0,www.zeit.de,Autokosten: Spritpreise: Super im Tagesschnitt wieder über 2 Euro,Hier finden Sie Informationen zu dem Thema „Autokosten“. Lesen Sie jetzt „Spritpreise: Super im Tagesschnitt wieder über 2 Euro“.,https://img.zeit.de/news/2026-07/02/spritpreise-super-im-tagesschnitt-wieder-ueber-2-euro-image-group/wide__1300x731,2026-07-02T08:21:34Z,,Zum ersten Mal seit Mai hat Superbenzin der Sorte E10 im bundesweiten Tagesschnitt wieder mehr als 2 Euro gekostet. Am Mittwoch - direkt nach dem Ende des Tankrabatts - schlug ein Liter des Kraftstof… [+1255 chars],,de,'Spritpreise'
https://www.tagesspiegel.de/wirtschaft/autokosten-spritpreise-super-im-tagesschnitt-wieder-uber-2-euro-15785539.html,https://www.tagesspiegel.de/wirtschaft/autokosten-spritpreise-super-im-tagesschnitt-wieder-uber-2-euro-15785539.html,0,www.tagesspiegel.de,Autokosten: Spritpreise: Super im Tagesschnitt wieder über 2 Euro,Das Ende des Tankrabatts hat die Preise steigen lassen - Diesel bleibt dennoch unter der emotional aufgeladenen Marke.,https://www.tagesspiegel.de/images/15785538/alternates/BASE_16_9_W1400/1782980558000/entwicklungen-spritpreise-nach-ende-tankrabatt.jpeg,2026-07-02T08:22:38Z,,Zum ersten Mal seit Mai hat Superbenzin der Sorte E10 im bundesweiten Tagesschnitt wieder mehr als 2 Euro gekostet. Am Mittwoch - direkt nach dem Ende des Tankrabatts - schlug ein Liter des Kraftstof… [+1311 chars],,de,'Spritpreise'
https://www.morgenpost.de/wirtschaft/article412458065/spritpreise-in-polen-explodieren-lohnt-sich-fuer-deutsche-der-tank-trip-noch.html,https://www.morgenpost.de/wirtschaft/article412458065/spritpreise-in-polen-explodieren-lohnt-sich-fuer-deutsche-der-tank-trip-noch.html,0,www.morgenpost.de,Spritpreise in Polen explodieren – Lohnt sich für Deutsche der Tank-Trip noch?,Der Tankrabatt ist Geschichte. Und auch in Polen enden jetzt die staatlichen Maßnahmen. Was das für deutsche Tank-Touristen bedeutet.,https://img.sparknews.funkemedien.de/412458088/412458088_1782986436_v16_9_1600.jpeg,2026-07-02T10:00:36Z,,"Für Deutsche in den östlichen Bundesländern war es in den vergangenen Monaten eine willkommene Entlastung: So mancher Autofahrer im Grenzgebiet zu Polen düste mal schnell ins Nachbarland, um den Tank… [+2658 chars]",,de,'Spritpreise'
https://www.sueddeutsche.de/kultur/elfriede-blauensteiner-serienmoerderin-buch-ausreden-florian-klenk-li.3500710,https://www.sueddeutsche.de/kultur/elfriede-blauensteiner-serienmoerderin-buch-ausreden-florian-klenk-li.3500710,0,www.sueddeutsche.de,"Verbrechen: Die Frau, die aus der Kälte kam",Die Serienmörderin Elfriede Blauensteiner liefert bis heute Stoff für True-Crime-Formate. Florian Klenk gelingt in „Ausreden“ eine eindringliche Spurensuche jenseits von „Wiener Weibsteufel“-Schlagzeilen.,https://www.sueddeutsche.de/2026/07/02/9c304c08-dbfd-4aeb-9fba-e2fef2464c7a.jpg?q=60&fm=webp&width=1200&rect=0%2C284%2C2048%2C1152,2026-07-02T11:04:10Z,,"Zu den Menschen, die es in Österreich zu fragwürdiger Prominenz gebracht haben, gehört die Serienmörderin Elfriede Blauensteiner. Diese hatte mehrere ältere Männer geheiratet und dann mit Diabetes-Me… [+321 chars]",,de,'Kälte'
https://www.welt.de/sicherheitsgipfel/video6a464c7693e0921d609d38f4/welt-sicherheitsgipfel-airbus-defence-space-kooperiert-mit-bravo1-der-ukraine.html,https://www.welt.de/sicherheitsgipfel/video6a464c7693e0921d609d38f4/welt-sicherheitsgipfel-airbus-defence-space-kooperiert-mit-bravo1-der-ukraine.html,0,www.welt.de,Airbus Defence & Space kooperiert mit Bravo1 der Ukraine,"Airbus Defence & Space, kooperiert als erstes westliches Unternehmen mit der ukrainischen Initiative Brave1. Ziel ist die gemeinsame Entwicklung innovativer Drohnen- und KI-Technologien. „Wir müssen jetzt Gas geben“, sagt Dr. Michael Schöllhorn, CEO, bei WELT…",https://images.welt.de/6a464c7693e0921d609d38f4/213b12c2cc757cea54453335bf9ae9da-master/ci16x9-w1200/michael-schoellhorn-airbus-welt-sicherheitsgipfel-jpg,2026-07-02T12:49:29Z,,"Airbus Defence &amp; Space, kooperiert als erstes westliches Unternehmen mit der ukrainischen Initiative Brave1. Ziel ist die gemeinsame Entwicklung innovativer Drohnen- und KI-Technologien. Wir müss… [+125 chars]",,de,'Gas'
https://www.googlewatchblog.de/2026/07/smart-home-grosses-update-fuer-die-google-home-app-optimiert-kamera-energie-nest-und-mehr-geraete-u/,https://www.googlewatchblog.de/2026/07/smart-home-grosses-update-fuer-die-google-home-app-optimiert-kamera-energie-nest-und-mehr-geraete-u/,0,www.googlewatchblog.de,"Smart Home: Großes Update für Google Home – die App optimiert Kamera, Energie, Nest und mehr Geräte","Google gibt im Smart Home richtig Gas und rollt in kurzen Abständen größere Updates für Google Home und die angebundenen Plattformen aus. Jetzt hat man eine neue Version der Home-App für Android angekündigt, die eine ganze Reihe von Verbesserungen und Neuerun…",https://www.googlewatchblog.de/wp-content/uploads/google-home-logo-new-1.jpg,2026-07-02T13:07:01Z,,Google gibt im Smart Home richtig Gas und rollt in kurzen Abständen größere Updates für Google Home und die angebundenen Plattformen aus. Jetzt hat man eine neue Version der Home-App für Android ange… [+3666 chars],,de,'Gas'
https://www.brigitte.de/leben/teenager-sprueche---mein-teenager-erkennt-keine-dvds-mehr----13757256.html,https://www.brigitte.de/leben/teenager-sprueche---mein-teenager-erkennt-keine-dvds-mehr----13757256.html,0,www.brigitte.de,"Teenagerperlen: ""Mein Teenager erkennt keine DVDs mehr?!""","Teenager können unberechenbar sein – Stimmungsschwankungen, Türknallen und provokative Sprüche inklusive. So ziemlich alle Eltern mit pubertierenden Kindern können da mitreden.",https://image.brigitte.de/13969422/t/EZ/v3/w1440/r1.7778/-/teenager-laptop-teaser.jpg,2026-07-02T15:28:00Z,,"Ja, so ein Kind im Teenageralter hat seinen eigenen Kopf und das ist auch gut so, schließlich wollen wir ja alle, dass unsere Kinder ihren Weg gehen. Manche Entscheidungen und Aktionen muss man aber … [+52177 chars]",,de,'Kinder'
https://www.zeit.de/news/2026-07/02/16-verwahrloste-kinder-in-usa-aus-elternhaus-gerettet,https://www.zeit.de/news/2026-07/02/16-verwahrloste-kinder-in-usa-aus-elternhaus-gerettet,0,www.zeit.de,Behörden geschockt: 16 verwahrloste Kinder in USA aus Elternhaus gerettet,Hier finden Sie Informationen zu dem Thema „Behörden geschockt“. Lesen Sie jetzt „16 verwahrloste Kinder in USA aus Elternhaus gerettet“.,https://img.zeit.de/news/2026-07/02/16-verwahrloste-kinder-in-usa-aus-elternhaus-gerettet-image-group/wide__1300x731,2026-07-02T16:41:09Z,,16 Kinder im Alter zwischen einem Jahr und 18 Jahren haben Behörden im US-Bundesstaat Ohio aus deren Elternhaus geholt - vier Erwachsene wurden unter dem Verdacht der Kindeswohlgefährdung festgenomme… [+1737 chars],,de,'Kinder'
https://www.bild.de/leben-wissen/food-essen-trinken-rezepte/die-wahl-des-grills-beeinflusst-mehr-als-sie-denken-660fc8f3b484e05aabe37575,https://www.bild.de/leben-wissen/food-essen-trinken-rezepte/die-wahl-des-grills-beeinflusst-mehr-als-sie-denken-660fc8f3b484e05aabe37575,0,www.bild.de,"Holzkohle, Gas- und Elektrogrill - Grillwahl beeinflusst mehr, als Sie denken","Gasgrill, Holzkohlegrill oder Elektrogrill? Wichtigste Vor- und Nachteile im Vergleich. So finden Sie den passenden Grill für Balkon, Garten und Terrasse.","https://images.bild.de/660fc8f3b484e05aabe37575/592728af099ecaaf549860a54954424a,35617a5a?w=1280",2026-07-03T02:48:50Z,,TTS-Player überspringenArtikel weiterlesenWarme Sommerabende und der verlockende Duft von gegrilltem Essen liegen in der Luft. Die Grillsaison hat begonnen! Doch welchen Grill sollten Sie wann benutz… [+3436 chars],,de,'Gas'
https://www.faz.net/aktuell/technik-motor/von-filterkaffeemaschine-bis-computerbrille-das-sind-neuheiten-aus-der-technikkiste-accg-200748529.html,https://www.faz.net/aktuell/technik-motor/von-filterkaffeemaschine-bis-computerbrille-das-sind-neuheiten-aus-der-technikkiste-accg-200748529.html,0,www.faz.net,Fünf am Freitag: Auf die Metaebene gehoben,"Filterkaffeemaschine, Kinderkochmesser, Weltallbuch, Ladesäulenalternative und Computerbrille: Das sind die Neuheiten aus der Technikkiste.",https://media0.faz.net/image/w1200h627/7bf156d2c7ff/w3174h1658x453y288o/202606/43601.0.2256562960/4360102256562960.webp,2026-07-03T06:45:00Z,,"Meta kündigt neue Computerbrillen an, die gemeinsam mit Essilor Luxottica entwickelt wurden, das ist der Konzern hinter Ray-Ban und Oakley. Die neuen Meta Glasses gibt es in drei Rahmenformen und ver… [+3387 chars]",,de,'Kälte'
https://www.telepolis.de/article/Amprion-Chef-warnt-Ohne-Kohle-droht-Deutschland-der-Stromausfall-11352648.html,https://www.telepolis.de/article/Amprion-Chef-warnt-Ohne-Kohle-droht-Deutschland-der-Stromausfall-11352648.html,0,www.telepolis.de,Amprion-Chef warnt: Ohne Kohle droht Deutschland der Stromausfall,Netzbetreiber Amprion fordert einen Stopp des Kohleausstiegs. Ohne neue Kraftwerke drohen ab 2030 massive Lücken bei der Stromversorgung.,https://heise.cloudimg.io/bound/1200x1200/q85.png-lossy-85.webp-lossy-85.foil1/_www-heise-de_/imgs/18/5/1/1/0/7/3/5/strom-656bd5a034a08d61.jpg,2026-07-03T07:50:00Z,,"Strommasten in Bremen
(Bild: heise online / anw)
Netzbetreiber Amprion fordert einen Stopp des Kohleausstiegs. Ohne neue Kraftwerke drohen ab 2030 massive Lücken bei der Stromversorgung.
Einer der… [+3920 chars]",,de,'Kohle'
https://www.sueddeutsche.de/bayern/justiz-bayern-blackout-mail-telefon-stoerung-it-li.3509805,https://www.sueddeutsche.de/bayern/justiz-bayern-blackout-mail-telefon-stoerung-it-li.3509805,0,www.sueddeutsche.de,"Keine Mails, keine Anrufe: Blackout im bayerischen Behördenapparat: Komplette Justiz nicht erreichbar","Wer bayerische Gerichte oder Staatsanwaltschaften erreichen will, hat derzeit Pech: Telefone und Mailserver sind gestört. Der Richterverein ruft empört nach einem Notfallkonzept.",https://www.sueddeutsche.de/2026/07/03/62103d74-b40d-46bb-909d-313359b393f7.jpg?q=60&fm=webp&width=1200&rect=0%2C0%2C4000%2C2250,2026-07-03T07:58:13Z,,"Der Richterverein dringt nach der großflächigen Störung der IT-Systeme auf ein Notfallkonzept. Eine digitale Justiz ohne belastbare Ausfallkonzepte ist nicht zukunftsfähig, sagte die Landesvorsitzend… [+540 chars]",,de,'Blackout'
https://www.golem.de/sonstiges/zustimmung/auswahl.html?from=https://www.golem.de/news/sony-und-rockstar-trollen-microsoft-brennt-github-code-auf-cd-und-versendet-ihn-2607-210467.html&referer=https://t.co/8590635016,https://www.golem.de/sonstiges/zustimmung/auswahl.html?from=https://www.golem.de/news/sony-und-rockstar-trollen-microsoft-brennt-github-code-auf-cd-und-versendet-ihn-2607-210467.html&referer=https://t.co/8590635016,0,www.golem.de,Sony und Rockstar trollen: Microsoft brennt Github-Code auf CD und versendet ihn,"""Behalten Sie den Code. Leihen Sie ihn Ihren Freunden. Vererben Sie ihn an Ihre Kinder"", schreibt Microsoft. (Microsoft, Sony)",,2026-07-03T08:17:01Z,,"Besuchen Sie Golem.de wie gewohnt mit Werbung und Tracking,
 indem Sie der Nutzung aller Cookies zustimmen.
 Details zum Tracking finden Sie im Privacy Center.
Skript wurde nicht geladen. Informat… [+607 chars]",,de,'Kinder'
https://ooe.orf.at/stories/3361115/,https://ooe.orf.at/stories/3361115/,0,ooe.orf.at,Gaseinsatz auf der Pyhrnautobahn,Vier Feuerwehren sind seit Freitagvormittag auf der Pyhrnautobahn (A9) bei Ried im Traunkreis im Einsatz. Nach ersten Informationen der Feuerwehren hat es einen Unfall mit einem Gefahrguttransporter gegeben.,https://ibs.orf.at/ooe?image=https%3A%2F%2Foekastatic.orf.at%2Fmojo%2F1_4_1%2Fstoryserver%2Foeka%2Fcommon%2Fimages%2Fog-fallback-ooe.png%3Fs%3Def746acc906d9323de3852387a2c35454871880f,2026-07-03T09:23:41Z,,"Laut Feuerwehr ist ein Gefahrgut-Transport betroffen, der unterschiedliche Stoffe transportiert unter anderem Chlorwasserstoff. Die Einsatzkräfte haben die Pyhrnautobahn komplett gesperrt.
Reizendes… [+530 chars]",,de,'Gas'
https://www.dw.com/de/bremst-die-afd-die-energiewende-im-osten-aus/a-77798464,https://www.dw.com/de/bremst-die-afd-die-energiewende-im-osten-aus/a-77798464,0,www.dw.com,Bremst die AfD die Energiewende im Osten aus?,"Zurück zu Kohle und Kernkraft, Windradmoratorium und ein Aufnahmestopp für Nicht-EU-Ausländer: Warum die Wirtschaft in Ostdeutschland eine Regierungsbeteiligung der Alternative für Deutschland (AfD) fürchtet.",https://static.dw.com/image/77788553_6.jpg,2026-07-03T09:34:00Z,,"Er fährt ein Elektro-Auto und will in seiner Gemeinde Windräder aufstellen. Hannes Loth, Deutschlands erster hauptamtlicher Bürgermeister der in Teilen rechtsextremen Partei Alternative für Deutschla… [+6426 chars]",,de,'Kohle'
https://www.welt.de/wirtschaft/article6a477d38ad32e994f8759d06/e-autos-neuzulassungen-steigen-um-fast-80-prozent.html,https://www.welt.de/wirtschaft/article6a477d38ad32e994f8759d06/e-autos-neuzulassungen-steigen-um-fast-80-prozent.html,0,www.welt.de,Neuzulassungen von E-Autos steigen um fast 80 Prozent,"Das Kraftfahrt-Bundesamt meldet einen starken Anstieg bei den Neuzulassungen von E-Autos. Der Marktanteil stieg damit auf 28,4 Prozent. Hintergrund sind die hohen Spritpreise und die staatliche Kaufprämie.",https://images.welt.de/6a477d38ad32e994f8759d06/7eb4821d8efacb103c2ac3e0e193f349/ci16x9-w1200/dpa-com-260623-935-1429207-jpg,2026-07-03T09:49:04Z,,"Das Kraftfahrt-Bundesamt meldet einen starken Anstieg bei den Neuzulassungen von E-Autos. Der Marktanteil stieg damit auf 28,4 Prozent. Hintergrund sind die hohen Spritpreise und die staatliche Kaufp… [+825 chars]",,de,'Spritpreise'
https://www.welt.de/vermischtes/article6a47adc3ad32e994f875a27d/aachen-13-jaehriger-im-krankenhaus-polizei-warnt-vor-blackout-challenge.html,https://www.welt.de/vermischtes/article6a47adc3ad32e994f875a27d/aachen-13-jaehriger-im-krankenhaus-polizei-warnt-vor-blackout-challenge.html,0,www.welt.de,13-Jähriger im Krankenhaus – Polizei warnt vor „Blackout-Challenge“,"Die Idee dazu stammt aus dem Internet, für einen Jungen aus der Region Aachen endete sie fast tödlich: Gemeinsam mit einem anderen Schüler hatte der 13-Jährige versucht, durch gegenseitiges Würgen bewusstlos zu werden.",https://images.welt.de/6a47adc3ad32e994f875a27d/15e3faffe30fcf029174f291eef9ba64-master/ci16x9-w1200/dpa-com-260617-935-1415501-jpg,2026-07-03T13:17:10Z,,"Die Idee dazu stammt aus dem Internet, für einen Jungen aus der Region Aachen endete sie fast tödlich: Gemeinsam mit einem anderen Schüler hatte der 13-Jährige versucht, durch gegenseitiges Würgen be… [+1474 chars]",,de,'Blackout'
https://www.kino-zeit.de/news-features/features/sonnentanz-im-schnee-sundance-telegramm-nr-1,https://www.kino-zeit.de/news-features/features/sonnentanz-im-schnee-sundance-telegramm-nr-1,0,www.kino-zeit.de,Sonnentanz im Schnee - Sundance-Telegramm Nr. 1,"Features

 

 
 




 
 Andreas Köhnemann

 
 Das Egyptian Theatre in Park City; Copyright: Andreas Köhnemann

 
 






Es ist Januar – und das bedeutet seit mehr als drei Dekaden: It&#8217;s time for Sundancing! Am 21. Januar 2016 wurde das diesjährige S…",https://www.kino-zeit.de/sites/default/files/styles/grosse_klickstrecke_940x530_/public/news/blogbild38445.JPG?itok=usrsxhrG,2026-07-03T16:45:19Z,,Vom 21. bis zum 31. Januar 2016 findet das SundanceFilmFestival wie gewohnt im US-Bundesstaat Utah statt: Abermals verwandelt sich die Wintersport-Gemeinde Park City für elf Tage in den zentralen Ort… [+4513 chars],,de,'Black Out'
https://www.zeit.de/news/2026-07/04/lng-anteil-an-gasimporten-trotz-iran-konfliktes-gestiegen,https://www.zeit.de/news/2026-07/04/lng-anteil-an-gasimporten-trotz-iran-konfliktes-gestiegen,0,www.zeit.de,Flüssigerdgas: LNG-Anteil an Gasimporten trotz Iran-Konfliktes gestiegen,Hier finden Sie Informationen zu dem Thema „Flüssigerdgas“. Lesen Sie jetzt „LNG-Anteil an Gasimporten trotz Iran-Konfliktes gestiegen“.,https://img.zeit.de/news/2026-07/04/lng-anteil-an-gasimporten-trotz-iran-konfliktes-gestiegen-image-group/wide__1300x731,2026-07-04T02:30:05Z,,Trotz des Iran-Kriegs ist der Anteil des über die deutschen LNG-Terminals eingeführten Erdgases am Gesamtimport weiter gestiegen. Nach Zahlen der Bundesnetzagentur (BNetzA) kamen im ersten Halbjahr r… [+3222 chars],,de,'Gas'
https://www.nzz.ch/wirtschaft/billiges-oel-teures-benzin-das-steckt-hinter-dem-aerger-ueber-hohe-spritpreise-ld.10013952,https://www.nzz.ch/wirtschaft/billiges-oel-teures-benzin-das-steckt-hinter-dem-aerger-ueber-hohe-spritpreise-ld.10013952,0,www.nzz.ch,"Autofahrer ärgern sich: Öl wird billiger, Benzin bleibt teuer. Was ist da los?","Donald Trump wittert Abzocke der Erdölkonzerne. Doch während die Welt schon wieder im Rohöl schwimmt, sieht das bei Benzin und Diesel anders aus – auch in Europa. Das sind die Gründe.","https://img-msp-prod.nzz.ch/2026/07/03/e9352aba-aa39-42f6-b83d-e373084d5c5c.jpg?width=1200&height=674&fit=bounds&quality=75&auto=webp&crop=5000,2812,x0,y521&wmark=nzz",2026-07-04T03:30:00Z,,"Donald Trump wittert Abzocke der Erdölkonzerne. Doch während die Welt schon wieder im Rohöl schwimmt, sieht das bei Benzin und Diesel anders aus auch in Europa. Das sind die Gründe.
Kommentieren
Zu… [+7309 chars]",,de,'Rohöl'
https://www.derstandard.at/story/3000000329355/warum-fuer-kinder-ein-stock-oft-spannender-ist-als-jedes-spielzeug,https://www.derstandard.at/story/3000000329355/warum-fuer-kinder-ein-stock-oft-spannender-ist-als-jedes-spielzeug,0,www.derstandard.at,Warum für Kinder ein Stock oft spannender ist als jedes Spielzeug,"Mehr Natur, weniger Bildschirm – viele Eltern suchen Wege dahin. Angelika Pretterhofer vom Waldpark Hochreiter zeigt, wie man Kinder für Käfer und Pflanzen begeistert",https://i.ds.at/D86SAw/rs:fill:1200:600/plain/lido-images/2026/07/01/2d557f80-0779-4fac-95ce-927600082c0b.jpg,2026-07-04T07:00:00Z,,"Sie entscheiden darüber, wie Sie unsere Inhalte nutzen wollen. Ihr Gerät erlaubt uns derzeit leider nicht, die entsprechenden Optionen anzuzeigen.
Bitte deaktivieren Sie sämtliche Hard- und Software… [+180 chars]",,de,'Kinder'
https://www.focus.de/panorama/welt/corine-55-verliebt-sich-waehrend-urlaub-als-alleinerziehende-nie-gedacht-dass-es-mich-so-ueberraschen-wuerde_616f2245-1dfb-4c12-993c-97d92e7a6e07.html,https://www.focus.de/panorama/welt/corine-55-verliebt-sich-waehrend-urlaub-als-alleinerziehende-nie-gedacht-dass-es-mich-so-ueberraschen-wuerde_616f2245-1dfb-4c12-993c-97d92e7a6e07.html,0,www.focus.de,"Corine (55) verliebt sich während Urlaub als Alleinerziehende: „Nie gedacht, dass es mich so überraschen würde“",Corine Siemons (55) unternahm nach ihrer Scheidung einen Urlaub als Alleinherziehende mit ihren Kindern. Dort traf sie den ebenfalls alleinerziehenden Vater Toine (57) und verliebte sich in ihn.,"https://quadro.burda-forward.de/ctf/2a792df7-c627-4c7a-83ab-4a7a747c8445.d081f8c2-d61f-423a-a95b-0a186b35e268.jpg?im=RegionOfInterestCrop=(1200,630),regionOfInterest=(672,612)&hash=76275749d86ac8b525ce35e8cf51ec78ad1bc6b583120e3d73e2673ab55e8546",2026-07-04T07:02:00Z,,"Die Niederländerin Corine Siemons (55) entschied sich nach ihrer Scheidung für einen Urlaub speziell für Alleinerziehende. Ich wollte unbedingt mal raus, aber auf einem normalen Campingplatz voller g… [+1902 chars]",,de,'Kinder'
https://www.faz.net/aktuell/rhein-main/familienstreit-loest-polizeieinsatz-in-wiesbaden-aus-aktuelle-nachrichten-aus-frankfurt-hessen-faz-19735361.html,https://www.faz.net/aktuell/rhein-main/familienstreit-loest-polizeieinsatz-in-wiesbaden-aus-aktuelle-nachrichten-aus-frankfurt-hessen-faz-19735361.html,0,www.faz.net,Rhein-Main-Liveblog: Familienstreit löst Polizeieinsatz in Wiesbaden aus,Kinder sollen Brand auf Bauernhof in Rüsselsheim verursacht haben +++ Ruhiges Sommerwetter in Hessen +++ Frankfurter Rettungskräfte: Zahl der Einsätze geht zurück +++ Liveblog zu Rhein-Main und Hessen,https://media0.faz.net/image/w1200h627/fadc37deffb5/w6048h3160x0y432o/202607/43601.0.2294054943/laut-polizei-wurde-niemand.webp,2026-07-04T08:00:43Z,,Noch Tage nach den extremen Temperaturen waren die Rettungskräfte in Frankfurt an der Grenze ihrer Kapazitäten nun wird es langsam besser: Die Einsatzzahlen waren nach Angaben der Feuerwehr am Donner… [+762 chars],,de,'Kinder'
https://www.welt.de/kultur/plus6a4275604377cebc6c227d0f/hochbegabung-wenn-kinder-ueber-bestimmte-witze-lachen-kann-dies-ebenso-ein-anzeichen-sein.html,https://www.welt.de/kultur/plus6a4275604377cebc6c227d0f/hochbegabung-wenn-kinder-ueber-bestimmte-witze-lachen-kann-dies-ebenso-ein-anzeichen-sein.html,0,www.welt.de,"„Wenn Kinder über bestimmte Witze lachen, kann dies ebenso ein Anzeichen sein“","Nadine Becken leitet ein Zentrum für hochbegabte Kinder. Überambitionierten Eltern begegnet sie dort kaum – sehr wohl aber Kindern, die ihre Fähigkeiten regelrecht verstecken. Wir haben gefragt, wie man solche Kinder erkennt.",https://images.welt.de/6a4275604377cebc6c227d0f/ddfe1b025b77509c91da63767df72ba2-master/ci16x9-w1200/becken-nadine5110-jpg,2026-07-04T08:54:04Z,,"Nadine Becken leitet ein Zentrum für hochbegabte Kinder. Überambitionierten Eltern begegnet sie dort kaum sehr wohl aber Kindern, die ihre Fähigkeiten regelrecht verstecken. Wir haben gefragt, wie ma… [+23 chars]",,de,'Kinder'
https://www.tagesschau.de/ausland/amerika/venezuela-erdbeben-kinder-100.html,https://www.tagesschau.de/ausland/amerika/venezuela-erdbeben-kinder-100.html,0,www.tagesschau.de,Kinder in Venezuela: Spielen zwischen den Trümmern,"Viele Kinder in Venezuela sind durch die schweren Erdbeben traumatisiert. Sie haben Eltern, Freunde oder Klassenkameraden verloren. In einem Park gibt es beim Spielen Momente der Normalität. Von Anne Demmer",https://images.tagesschau.de/image/90f70942-fdea-4968-9e71-35528d4194d8/AAABnyxqhY8/AAABnSSvrFg/16x9-big/venezuela-kinder-106.jpg?width=1280,2026-07-04T09:26:25Z,,"Stand: 04.07.2026 11:26 Uhr
Viele Kinder in Venezuela sind durch die schweren Erdbeben traumatisiert. Sie haben Eltern, Freunde oder Klassenkameraden verloren. In einem Park gibt es beim Spielen Mom… [+5153 chars]",,de,'Kinder'
https://www.faz.net/aktuell/rhein-main/hessen-motorradfahrer-bei-unfall-gestorben-aktuelle-nachrichten-aus-frankfurt-hessen-faz-19735361.html,https://www.faz.net/aktuell/rhein-main/hessen-motorradfahrer-bei-unfall-gestorben-aktuelle-nachrichten-aus-frankfurt-hessen-faz-19735361.html,0,www.faz.net,Rhein-Main-Liveblog: Motorradfahrer bei Unfall gestorben,Wetter in Hessen: Einzelne Gewitter am Sonntag möglich +++ Familienstreit löst Polizeieinsatz in Wiesbaden aus +++ Kinder sollen Brand auf Bauernhof in Rüsselsheim verursacht haben +++ Liveblog zu Rhein-Main und Hessen,https://media0.faz.net/image/w1200h627/6c8f4aec7942/w6000h3135x0y433o/202607/43601.0.2289843290/der-mann-erlag-seinen.webp,2026-07-04T09:39:44Z,,Noch Tage nach den extremen Temperaturen waren die Rettungskräfte in Frankfurt an der Grenze ihrer Kapazitäten nun wird es langsam besser: Die Einsatzzahlen waren nach Angaben der Feuerwehr am Donner… [+762 chars],,de,'Kinder'
https://salzburg.orf.at/stories/3361234/,https://salzburg.orf.at/stories/3361234/,0,salzburg.orf.at,Rehabilitation für Kinder kämpft um Finanzierung,Die Frührehabilitation „Rekiz“ für schwerst erkrankte und verletzte Kinder und Jugendliche an den Salzburger Landeskliniken kämpft nach dem Ausstieg der ÖGK um die Finanzierung. Es handelt sich um die größte derartige Einrichtung in Österreich.,https://ibs.orf.at/sbg?image=https%3A%2F%2Foekastatic.orf.at%2Fmims%2F2026%2F27%2F36%2Fcrops%2Fw%3D1200%2Ch%3D627%2Cq%3D75%2F3101029_master_1201036_downloadmedium_-_2026-07-04t113013.455.jpg%3Fs%3Dc7e6528d8a1650f2094e9b6414a96106621a0f01,2026-07-04T10:00:00Z,,"Die Station Rekiz gehört zur Abteilung für Kinder- und Jugendheilkunde am Salzburger Uniklinikum. Acht schwer kranke Kinder und Jugendliche werden dort direkt nach der Intensivstation versorgt, nach … [+1421 chars]",,de,'Kinder'
https://www.zeit.de/news/2026-07/05/expertin-ueber-ahrtal-heilung-laesst-sich-nicht-verordnen,https://www.zeit.de/news/2026-07/05/expertin-ueber-ahrtal-heilung-laesst-sich-nicht-verordnen,0,www.zeit.de,Fünf Jahre nach dem Hochwasser: Expertin über Ahrtal: «Heilung lässt sich nicht verordnen»,Hier finden Sie Informationen zu dem Thema „Fünf Jahre nach dem Hochwasser“. Lesen Sie jetzt „Expertin über Ahrtal: «Heilung lässt sich nicht verordnen»“.,https://img.zeit.de/news/2026-07/05/expertin-ueber-ahrtal-heilung-laesst-sich-nicht-verordnen-image-group/wide__1300x731,2026-07-05T01:30:06Z,,"Fünf Jahre nach der Flut im Ahrtal sind die seelischen Folgen für viele Betroffene noch immer spürbar. Die Trauma-Expertin Sybille Jatzko, die seit Jahrzehnten Überlebende und Hinterbliebene des Flug… [+3584 chars]",,de,'Hochwasser'
https://www.zeit.de/news/2026-07/05/handy-am-beckenrand-bademeister-ermahnen-eltern,https://www.zeit.de/news/2026-07/05/handy-am-beckenrand-bademeister-ermahnen-eltern,0,www.zeit.de,Kinder im Freibad: Handy am Beckenrand? Bademeister ermahnen Eltern,Hier finden Sie Informationen zu dem Thema „Kinder im Freibad“. Lesen Sie jetzt „Handy am Beckenrand? Bademeister ermahnen Eltern“.,https://img.zeit.de/news/2026-07/05/handy-am-beckenrand-bademeister-ermahnen-eltern-image-group/wide__1300x731,2026-07-05T02:00:29Z,,"Es braucht nicht viel, damit aus einem Familienausflug ins Freibad ein Notfall wird: Kinder können innerhalb von Sekunden lautlos im Wasser ertrinken, während Eltern in ihr Smartphone vertieft sind. … [+3279 chars]",,de,'Kinder'
https://www.faz.net/aktuell/besser-leben/familie/jugendliche-und-ki-wenn-chatgpt-zum-therapeuten-wird-accg-200855398.html,https://www.faz.net/aktuell/besser-leben/familie/jugendliche-und-ki-wenn-chatgpt-zum-therapeuten-wird-accg-200855398.html,0,www.faz.net,Kinder und Medien: „Jeder dritte Jugendliche erzählt dem Chatbot mehr als seinen Freunden“,"Viele Jugendliche vertrauen sich lieber KI-Chatbots wie ChatGPT an. Eine Expertin erklärt, warum aus der Nutzung eine Sucht entstehen kann und welche Kontrollen fehlen.",https://media0.faz.net/image/w1200h627/174f9f33fe91/w6125h3200x144y684o/202605/215f952c-5426-11f1-8e72-935af61147ac/problematisch-wird-es-wenn.webp,2026-07-05T10:09:53Z,,"Frau Paschke, wann haben Sie zuletzt mit der KI gechattet?
Tatsächlich gestern, mit ChatGPT. Ich hole mir manchmal Hintergrundinformationen oder frage nach wissenschaftlicher Literatur. Man muss ext… [+126 chars]",,de,'Kinder'
https://www.tagesspiegel.de/potsdam/brandenburg/heilung-fur-die-ganze-familie-trotz-gesundheitsreform-eroffnet-in-brandenburg-eine-neue-reha-klinik-15795187.html,https://www.tagesspiegel.de/potsdam/brandenburg/heilung-fur-die-ganze-familie-trotz-gesundheitsreform-eroffnet-in-brandenburg-eine-neue-reha-klinik-15795187.html,0,www.tagesspiegel.de,Heilung für die ganze Familie: Trotz Gesundheitsreform eröffnet in Brandenburg eine neue Reha-Klinik,"Wenn Kinder schwer krank sind, belastet das oft die ganze Familie. In Strausberg setzt man deshalb auf ein ganzheitliches Konzept, um junge Patienten und ihre Angehörigen zu betreuen.",https://www.tagesspiegel.de/images/15795186/alternates/BASE_16_9_W1400/1783089854000/strausberg.jpeg,2026-07-05T10:38:34Z,,"Eine fröhliche Straußenfigur begrüßt die Gäste, die im brandenburgischen Strausberg die Nachsorgeklinik am Straussee betreten. Direkt dahinter: eine große, helle, lichtdurchflutete Cafeteria. Noch li… [+227 chars]",,de,'Kinder'
https://www.sueddeutsche.de/kultur/mit-dem-sturm-um-die-wette-rennen-bilderbuch-brian-floca-illustration-sydney-smith-kritik-li.3507867,https://www.sueddeutsche.de/kultur/mit-dem-sturm-um-die-wette-rennen-bilderbuch-brian-floca-illustration-sydney-smith-kritik-li.3507867,0,www.sueddeutsche.de,Kinderliteratur: Wir stehen da und spüren alles,"Ganz auf Augenhöhe mit der bildenden Kunst wirkt das Bilderbuch „Mit dem Sturm um die Wette rennen“, das Sydney Smith illustriert hat. Ein Glück, wenn Kinder so sehen lernen.",https://www.sueddeutsche.de/2026/07/02/242c186b-81a6-40ae-954b-f98c10969a6a.jpg?q=60&fm=webp&width=1200&rect=0%2C519%2C4000%2C2250,2026-07-05T10:40:46Z,,"Zwei Geschwister entdecken ihre Welt: Buch auf, Blick vom Balkon, Bruder und Schwester schauen mit dem Rücken zum Betrachter ins Grüne. Noch ist alles licht, nur die Wäsche hat der Wind schon von der… [+235 chars]",,de,'Kinder'
https://www.bild.de/news/ausland/auf-indoor-spielplatz-in-dortmund-polizei-streckt-mann-mit-elektroschocker-nieder-6a4a3f7cad32e994f875c370,https://www.bild.de/news/ausland/auf-indoor-spielplatz-in-dortmund-polizei-streckt-mann-mit-elektroschocker-nieder-6a4a3f7cad32e994f875c370,0,www.bild.de,Auf Indoor-Spielplatz in Dortmund - Polizei streckt Mann mit Elektroschocker nieder,"Dortmund : Vor den Augen mehrerer Kinder soll ein 26-Jähriger auf einem Indoorspielplatz einen anderen Besucher bedroht haben. Als die Polizisten eingreifen, eskaliert die Situation.","https://images.bild.de/6a4a3f7cad32e994f875c370/6ad5c702c3ab1c0a51f66ef1ccc3f881,d4ca3c05?w=1280",2026-07-05T12:24:31Z,,"Mehr zum Video anzeigen 
Dortmund : Vor den Augen mehrerer Kinder soll ein 26-Jähriger auf einem Indoorspielplatz einen anderen Besucher bedroht haben. Als die Polizisten eingreifen, eskaliert die S… [+64 chars]",,de,'Kinder'
https://www.bild.de/regional/dortmund/nach-streit-am-autoscooter-polizei-streckt-mann-in-indoor-spielplatz-nieder-6a4a22bcac819a6f6bcafda6,https://www.bild.de/regional/dortmund/nach-streit-am-autoscooter-polizei-streckt-mann-in-indoor-spielplatz-nieder-6a4a22bcac819a6f6bcafda6,0,www.bild.de,Nach Streit am Autoscooter - Polizei streckt Mann in Indoor-Spielplatz nieder,"In Dortmund eskalierte ein Streit in einem Indoorspielplatz, obwohl Kinder anwesend waren. Die Polizei setzte einen Taser ein.","https://images.bild.de/6a4a22bcac819a6f6bcafda6/0beb4f4fc087cc3d4ce6baeb57f53af2,d02e95d0?w=1280",2026-07-05T12:27:54Z,,TTS-Player überspringenArtikel weiterlesenDortmund Geburtstagsfeiern und Familienausflüge Kinder lieben Indoor-Spielplätze. Am Samstagabend rückte in Dortmund (NRW) in einem solchen jedoch die Polize… [+1554 chars],,de,'Kinder'
https://www.welt.de/sport/fussball/wm/article6a47ab7b0b14ed961bb50abf/wm-2026-harry-kane-der-koenig-der-loewen.html,https://www.welt.de/sport/fussball/wm/article6a47ab7b0b14ed961bb50abf/wm-2026-harry-kane-der-koenig-der-loewen.html,0,www.welt.de,Der König der Löwen,Harry Kane trifft wie am Fließband. Doch gegen Gastgeber Mexiko stehen England und der von der Schippe gesprungene Thomas Tuchel vor ihrer bislang größten Aufgabe bei dieser Weltmeisterschaft.,https://images.welt.de/6a47ab7b0b14ed961bb50abf/f7c775dd09d88044855b2ab4ca30f2ee/ci16x9-w1200/gyi-2280771113-jpg,2026-07-05T13:53:51Z,,Harry Kane trifft wie am Fließband. Doch gegen Gastgeber Mexiko stehen England und der von der Schippe gesprungene Thomas Tuchel vor ihrer bislang größten Aufgabe bei dieser Weltmeisterschaft.Exakt 2… [+8719 chars],,de,'Gas'
https://www.tagesspiegel.de/berlin/104-stunden-ohne-strom-expertenkommission-legt-bericht-zu-blackout-im-januar-vor-15804035.html,https://www.tagesspiegel.de/berlin/104-stunden-ohne-strom-expertenkommission-legt-bericht-zu-blackout-im-januar-vor-15804035.html,0,www.tagesspiegel.de,104 Stunden ohne Strom: Expertenkommission legt Bericht zu Blackout im Januar vor,"Nach dem größten Stromausfall seit dem Zweiten Weltkrieg in Berlin hat eine Expertenrunde Bilanz gezogen, was aus dem Vorfall im Januar zu lernen ist. Welche Schutzmaßnahmen sind künftig notwendig?",https://www.tagesspiegel.de/images/15804034/alternates/BASE_16_9_W1400/1783301466000/stromnetz-berlin.jpeg,2026-07-06T01:31:06Z,,"Welche Lehren in Berlin aus dem tagelangen Stromausfall Anfang des Jahres gezogen werden sollten, will eine Expertenkommission am Montag (ab 11.30 Uhr) erläutern. Die Kommission wurde bereits Ende Ja… [+1423 chars]",,de,'Blackout'
https://www.zeit.de/news/2026-07/06/ungepixelte-kinder-soap-star-dumitru-kritisiert-influencer,https://www.zeit.de/news/2026-07/06/ungepixelte-kinder-soap-star-dumitru-kritisiert-influencer,0,www.zeit.de,Soziale Medien: Ungepixelte Kinder: Soap-Star Dumitru kritisiert Influencer,Hier finden Sie Informationen zu dem Thema „Soziale Medien“. Lesen Sie jetzt „Ungepixelte Kinder: Soap-Star Dumitru kritisiert Influencer“.,https://img.zeit.de/news/2026-07/06/ungepixelte-kinder-soap-star-dumitru-kritisiert-influencer-image-group/wide__1300x731,2026-07-06T03:55:04Z,,"Schauspieler Marc Dumitru («Alles was zählt») übt scharfe Kritik an sogenannten Mom- und Dadfluencern, die ihre Kinder für jedermann erkennbar in den sozialen Medien präsentieren. «Ich sehe den Trend… [+1605 chars]",,de,'Kinder'
https://www.morgenpost.de/berlin/article412494048/nach-stromausfall-im-januar-expertenkommission-legt-bericht-vor.html,https://www.morgenpost.de/berlin/article412494048/nach-stromausfall-im-januar-expertenkommission-legt-bericht-vor.html,0,www.morgenpost.de,Nach Stromausfall im Januar – Expertenkommission legt Bericht vor,100.000 Menschen ohne Strom und Heizung: Berlin präsentiert heute die Lehren aus dem tagelangen Blackout Anfang des Jahres.,https://img.sparknews.funkemedien.de/412494047/412494047_1783321163_v16_9_1600.jpeg,2026-07-06T06:59:21Z,,Monate nach dem tagelangen Stromausfall in Berlin zieht eine Expertenkommission am Montag offiziell Bilanz. Ab 11.30 Uhr stellt das vom Senat Ende Januar eingesetzte Gremium seinen Bericht im Roten R… [+1084 chars],,de,'Blackout'
https://www.focus.de/immobilien/mieten/die-haelfte-der-deutschen-laesst-staatliche-hilfen-liegen_46454c08-9223-4f75-9e73-4e765dc445eb.html,https://www.focus.de/immobilien/mieten/die-haelfte-der-deutschen-laesst-staatliche-hilfen-liegen_46454c08-9223-4f75-9e73-4e765dc445eb.html,0,www.focus.de,Die Hälfte der Deutschen lässt staatliche Hilfen liegen,"Viele Familien verschenken Kinderzuschlag und Wohngeld. Prüfen Sie jetzt, ob Ihnen 2026 Hunderte Euro im Monat zustehen.","https://quadro.burda-forward.de/ctf/5fc277c6-1571-4262-85d4-a939ab798f2d.b18663f0-b13f-477c-b1c2-3d4b439bb1b2.jpeg?im=RegionOfInterestCrop=(1200,630),regionOfInterest=(400,300)&hash=ad1d38045dbc052fe15e744e29aa3b1e5e8105e7bf646b03ebd655c66dfa976f",2026-07-06T07:51:00Z,,"Viele Menschen in Deutschland nehmen Sozialleistungen nicht wahr, obwohl sie eigentlich Anspruch darauf hätten. Oft wissen Betroffene nicht, was ihnen zusteht. So schätzt die Bundesregierung etwa sel… [+4334 chars]",,de,'Heizkosten'
https://www.zeit.de/news/2026-07/06/kleinbus-prallt-gegen-dachvorsprung-kinder-leicht-verletzt,https://www.zeit.de/news/2026-07/06/kleinbus-prallt-gegen-dachvorsprung-kinder-leicht-verletzt,0,www.zeit.de,Unfall mit Schulbus: Kleinbus prallt gegen Dachvorsprung – Kinder leicht verletzt,Hier finden Sie Informationen zu dem Thema „Unfall mit Schulbus“. Lesen Sie jetzt „Kleinbus prallt gegen Dachvorsprung – Kinder leicht verletzt“.,https://img.zeit.de/news/2026-07/06/kleinbus-prallt-gegen-dachvorsprung-kinder-leicht-verletzt-image-group/wide__1300x731,2026-07-06T09:02:33Z,,"Ein Kleinbus mit Grundschulkindern ist auf dem Weg zur Schule in Salem (Bodenseekreis) von der Straße abgekommen und gegen eine Wand geprallt. Nach Auskunft der Polizei waren 25 Kinder an Bord, 8 von… [+528 chars]",,de,'Kinder'
https://www.zeit.de/news/2026-07/06/warum-auch-immer-wieder-kinder-mit-e-scootern-verungluecken,https://www.zeit.de/news/2026-07/06/warum-auch-immer-wieder-kinder-mit-e-scootern-verungluecken,0,www.zeit.de,Verkehr: Warum auch immer wieder Kinder mit E-Scootern verunglücken,Hier finden Sie Informationen zu dem Thema „Verkehr“. Lesen Sie jetzt „Warum auch immer wieder Kinder mit E-Scootern verunglücken“.,https://img.zeit.de/news/2026-07/06/warum-auch-immer-wieder-kinder-mit-e-scootern-verungluecken-image-group/wide__1300x731,2026-07-06T10:52:58Z,,"Unfälle mit E-Scootern häufen sich in Hessen - und immer wieder werden dabei auch Kinder schwer verletzt oder sogar getötet, obwohl sie noch gar nicht mit den Rollern unterwegs sein dürfen. So starb … [+4741 chars]",,de,'Kinder'
https://www.tagesspiegel.de/berlin/expertenbericht-zum-blackout-berlin-steht-blank-da--und-ist-nicht-krisenfest-15806926.html,https://www.tagesspiegel.de/berlin/expertenbericht-zum-blackout-berlin-steht-blank-da--und-ist-nicht-krisenfest-15806926.html,0,www.tagesspiegel.de,Expertenbericht zum Blackout: „Berlin steht blank da“ – und ist nicht krisenfest,Nach den Anschlägen auf das Berliner Stromnetz fällt eine Expertenkommission ein vernichtendes Urteil: Berlin steht im Katastrophenfall blank da und muss dringend nachrüsten.,https://www.tagesspiegel.de/images/15529399/alternates/BASE_16_9_W1400/1777301503000/stromausfall-nach-anschlag-im-sudwesten-von-berlin.jpeg,2026-07-06T13:25:34Z,,"Das, was Teile des Berliner Südwestens in den ersten Tagen des noch jungen Jahres erleben mussten, das war Terror. So steht es direkt im ersten Satz des Berichts einer unabhängigen Expertenkommission… [+4662 chars]",,de,'Blackout'
https://www.morgenpost.de/panorama/article412501591/elf-tote-nach-wurst-verzehr-heute-beginnt-der-prozess-gegen-drei-ex-wilke-chefs.html,https://www.morgenpost.de/panorama/article412501591/elf-tote-nach-wurst-verzehr-heute-beginnt-der-prozess-gegen-drei-ex-wilke-chefs.html,0,www.morgenpost.de,Schimmel und Salmonellen: Unappetitliche Details im Prozess um Wilke-Wurst,Elf Menschen sollen durch vergammelte Wurstwaren gestorben sein. Drei Ex-Wilke-Chefs müssen sich nun verantworten. Wie sie zum Prozessstart auftraten.,https://img.sparknews.funkemedien.de/412496461/412496461_1783330942_v16_9_1600.jpeg,2026-07-06T14:39:23Z,,"Es sind durchaus unappetitliche Dinge, die am ersten Prozesstag um einen der größten Lebensmittelskandale in der Geschichte der Bundesrepublik im Landgericht Kassel zur Sprache kommen. Es geht um die… [+1390 chars]",,de,'Schimmel'
https://taz.de/Lehren-aus-dem-Stromausfall-in-Berlin/!6193731/,https://taz.de/Lehren-aus-dem-Stromausfall-in-Berlin/!6193731/,0,taz.de,Lehren aus dem Stromausfall in Berlin: Fachleute kritisieren Mängel beim Katastrophenschutz,Ein halbes Jahr nach dem Blackout fordern Experten Nachbesserungen beim Schutz der Bevölkerung. Mit ihren Vorschlägen stoßen sie beim Senat nicht nur auf Gegenliebe.,https://taz.de/picture/8593442/1200/41605298.jpeg,2026-07-06T15:25:00Z,,Ein halbes Jahr nach dem Blackout fordern Experten Nachbesserungen beim Schutz der Bevölkerung. Mit ihren Vorschlägen stoßen sie beim Senat nicht nur auf Gegenliebe. mehr...,,de,'Blackout'
https://www.zeit.de/news/2026-07/06/regierung-will-25-euro-zuschlag-fuer-arme-kinder-streichen,https://www.zeit.de/news/2026-07/06/regierung-will-25-euro-zuschlag-fuer-arme-kinder-streichen,0,www.zeit.de,Finanzen: Regierung will 25-Euro-Zuschlag für arme Kinder streichen,Hier finden Sie Informationen zu dem Thema „Finanzen“. Lesen Sie jetzt „Regierung will 25-Euro-Zuschlag für arme Kinder streichen“.,https://img.zeit.de/news/2026-07/06/regierung-will-25-euro-zuschlag-fuer-arme-kinder-streichen-image-group/wide__1300x731,2026-07-06T15:44:51Z,,Für von Armut betroffene Kinder und Jugendliche soll ein staatlicher Zuschlag in Höhe von 25 Euro pro Monat gestrichen werden. Das geht aus einem vom Bundeskabinett auf den Weg gebrachten Gesetz herv… [+2247 chars],,de,'Kinder'
https://www.zeit.de/news/2026-07/06/erneuter-strom-blackout-legt-ganz-kuba-lahm,https://www.zeit.de/news/2026-07/06/erneuter-strom-blackout-legt-ganz-kuba-lahm,0,www.zeit.de,Energiekrise: Erneuter Strom-Blackout legt ganz Kuba lahm,Hier finden Sie Informationen zu dem Thema „Energiekrise“. Lesen Sie jetzt „Erneuter Strom-Blackout legt ganz Kuba lahm“.,https://img.zeit.de/news/2026-07/06/erneuter-strom-blackout-legt-ganz-kuba-lahm-image-group/wide__1300x731,2026-07-06T17:11:03Z,,"Auf der Karibikinsel Kuba ist das Stromnetz erneut landesweit zusammengebrochen. Die Ursachen des vollständigen Ausfalls werden untersucht, wie die staatliche Stromgesellschaft UNE auf X mitteilte. D… [+753 chars]",,de,'Blackout'
https://www.tagesspiegel.de/gesellschaft/panorama/energiekrise-erneuter-strom-blackout-legt-ganz-kuba-lahm-15808659.html,https://www.tagesspiegel.de/gesellschaft/panorama/energiekrise-erneuter-strom-blackout-legt-ganz-kuba-lahm-15808659.html,0,www.tagesspiegel.de,Energiekrise: Erneuter Strom-Blackout legt ganz Kuba lahm,Wegen alter Infrastruktur und eines Ölembargos der USA kommt es in Kuba täglich zu langen Stromausfällen - oft auch landesweit. Die Ursachen des aktuellen Blackouts werden geprüft.,https://www.tagesspiegel.de/images/15808658/alternates/BASE_16_9_W1400/1783357924000/inselweiter-stromausfall-auf-kuba.jpeg,2026-07-06T17:12:04Z,,"Auf der Karibikinsel Kuba ist das Stromnetz erneut landesweit zusammengebrochen. Die Ursachen des vollständigen Ausfalls werden untersucht, wie die staatliche Stromgesellschaft UNE auf X mitteilte. D… [+807 chars]",,de,'Blackout'
https://www.welt.de/politik/ausland/article6a4bdf071cbe5f3a786a8e7a/ursache-unbekannt-kubas-netz-zusammengebrochen-zehn-millionen-menschen-ohne-strom.html,https://www.welt.de/politik/ausland/article6a4bdf071cbe5f3a786a8e7a/ursache-unbekannt-kubas-netz-zusammengebrochen-zehn-millionen-menschen-ohne-strom.html,0,www.welt.de,Kubas Netz zusammengebrochen – zehn Millionen Menschen ohne Strom,"Ein landesweiter Blackout legt Kuba lahm. Zehn Millionen Menschen sitzen im Dunkeln, die Regierung sucht die Ursache. Das marode Netz und die verschärften US-Sanktionen gegen Ölimporte treiben die Energiekrise der Insel auf eine neue Stufe.",https://images.welt.de/6a4bdf071cbe5f3a786a8e7a/73f68c62eafe76236e24d1212671f42d-master/ci16x9-w1200/urn-newsml-dpa-com-20090101-250911-99-990031,2026-07-06T17:14:04Z,,Das nationale Stromnetz auf Kuba ist nach Angaben des Netzbetreibers UNE am Montagmittag zusammengebrochen. Rund zehn Millionen Menschen auf der Karibikinsel waren dadurch ohne Strom. Die Ursache des… [+801 chars],,de,'Blackout'
https://www.faz.net/aktuell/politik/ausland/kuba-kompletter-blackout-nach-landesweitem-stromausfall-accg-201004385.html,https://www.faz.net/aktuell/politik/ausland/kuba-kompletter-blackout-nach-landesweitem-stromausfall-accg-201004385.html,0,www.faz.net,Im Dunkeln: Blackout auf Kuba nach landesweitem Stromausfall,Die Wiederherstellung der Versorgung läuft. Aber bis zum späten Nachmittag ‌konnte nur ein Prozent des Bedarfs der Hauptstadt Havanna gedeckt werden.,https://media0.faz.net/image/w1200h627/39f8eb0ae2e1/w5616h2934x0y405o/202607/43601.0.2306300656/strassenverkaeufer-unterhalten.webp,2026-07-07T01:51:30Z,,Auf Kuba ist am Montag das landesweite Stromnetz zusammengebrochen. Die Behörden begannen langsam mit der Wiederherstellung der Versorgung. Zunächst würden wichtige Einrichtungen wie Krankenhäuser un… [+1287 chars],,de,'Blackout'
https://www.zeit.de/news/2026-07/07/was-laesst-sich-beim-tankstopp-abseits-der-autobahn-sparen,https://www.zeit.de/news/2026-07/07/was-laesst-sich-beim-tankstopp-abseits-der-autobahn-sparen,0,www.zeit.de,Spritpreise: Was lässt sich beim Tankstopp abseits der Autobahn sparen?,Hier finden Sie Informationen zu dem Thema „Spritpreise“. Lesen Sie jetzt „Was lässt sich beim Tankstopp abseits der Autobahn sparen?“.,https://img.zeit.de/news/2026-07/07/was-laesst-sich-beim-tankstopp-abseits-der-autobahn-sparen-image-group/wide__1300x731,2026-07-07T02:00:26Z,,"Wer zum Tanken die Autobahn verlässt, kann nach Angaben des ADAC kräftig Geld sparen. Im Landesdurchschnitt sind das nach einer Untersuchung des Verkehrsclubs rund 17 Cent in Brandenburg bei Super E1… [+1760 chars]",,de,'Spritpreise'
https://www.tagesspiegel.de/berlin/spritpreise-was-lasst-sich-beim-tankstopp-abseits-der-autobahn-sparen-15809622.html,https://www.tagesspiegel.de/berlin/spritpreise-was-lasst-sich-beim-tankstopp-abseits-der-autobahn-sparen-15809622.html,0,www.tagesspiegel.de,Spritpreise: Was lässt sich beim Tankstopp abseits der Autobahn sparen?,Der ADAC hat die Preise aller Straßen- und Autobahntankstellen verglichen und kommt zu einem klaren Ergebnis: Abfahren lohnt sich. Aber Brandenburg ist bei der Ersparnis Schlusslicht.,https://www.tagesspiegel.de/images/15809621/alternates/BASE_16_9_W1400/1783389747000/tanken.jpeg,2026-07-07T02:02:28Z,,"Wer zum Tanken die Autobahn verlässt, kann nach Angaben des ADAC kräftig Geld sparen. Im Landesdurchschnitt sind das nach einer Untersuchung des Verkehrsclubs rund 17 Cent in Brandenburg bei Super E1… [+1816 chars]",,de,'Spritpreise'
https://www.zeit.de/news/2026-07/07/neue-regeln-beim-elterngeld-was-plant-prien,https://www.zeit.de/news/2026-07/07/neue-regeln-beim-elterngeld-was-plant-prien,0,www.zeit.de,Zeit für Kinder: Neue Regeln beim Elterngeld: Was plant Prien?,Hier finden Sie Informationen zu dem Thema „Zeit für Kinder“. Lesen Sie jetzt „Neue Regeln beim Elterngeld: Was plant Prien?“.,https://img.zeit.de/news/2026-07/07/neue-regeln-beim-elterngeld-was-plant-prien-image-group/wide__1300x731,2026-07-07T02:30:07Z,,"Füttern, wickeln, baden, singen, spielen: Wer künftig für sein Baby eine berufliche Auszeit nimmt, muss sich auf Änderungen beim Elterngeld einstellen. Familienministerin Karin Prien (CDU) hat ein ne… [+5197 chars]",,de,'Kinder'
https://www.welt.de/sport/fussball/wm/video6a4c6164b2ab39bc4a3237a3/usa-belgien-highlights-bitterer-blackout-keeper-freese-laedt-zum-toreschiessen-ein.html,https://www.welt.de/sport/fussball/wm/video6a4c6164b2ab39bc4a3237a3/usa-belgien-highlights-bitterer-blackout-keeper-freese-laedt-zum-toreschiessen-ein.html,0,www.welt.de,Bitterer Blackout – Keeper Freese lädt Belgien ein,"Vor dem 3:1 unterläuft dem Keeper der USA ein krasser Aussetzer. Statt den Ball zu klären, verliert er ihn außerhalb des eigenen Strafraums. Die Szene im Video.",https://images.welt.de/6a4c6164b2ab39bc4a3237a3/648a00f210952790e2cd2e2ee8110aa6/ci16x9-w1200/apdpa-d15cd753462f477e807e2d129cba29dc-jpg,2026-07-07T02:30:57Z,,Die WELT als ePaper: Die vollständige Ausgabe steht Ihnen bereits am Vorabend zur Verfügung so sind Sie immer hochaktuell informiert. Weitere Informationen https://epaper.welt.de,,de,'Blackout'
https://www.sueddeutsche.de/panorama/kuba-stromausfall-energiekrise-li.3511558,https://www.sueddeutsche.de/panorama/kuba-stromausfall-energiekrise-li.3511558,0,www.sueddeutsche.de,Blackout: Landesweiter Stromausfall auf Kuba,"Alle Bemühungen, die Versorgung wiederherzustellen, fruchten vorerst nicht. Die Stromausfälle hängen mit der von den USA verhängten Ölblockade zusammen.",https://www.sueddeutsche.de/2026/03/31/631d91a1-1674-4cb9-9a60-9d6ad51dae04.jpg?q=60&fm=webp&width=1200&rect=0%2C209%2C4000%2C2250,2026-07-07T04:16:07Z,,"Der Zusammenbruch ist der jüngste Rückschlag für die Insel, die bereits unter einer schweren Energie-, Treibstoff- und Medikamentenknappheit leidet. Seit Monaten kommt es zu stunden- und tagelangen S… [+823 chars]",,de,'Blackout'
https://taz.de/Leben-mit-Hitze/!6187924/,https://taz.de/Leben-mit-Hitze/!6187924/,0,taz.de,Leben mit Hitze: Last exit Badezimmer,"Niemand muss unter Hitze leiden. Es gibt Möglichkeiten, Wohnungen gegen Hitze zu präparieren. Schließlich haben wir ja auch Heizungen gegen die Kälte.",https://taz.de/picture/8589168/1200/41573145.jpeg,2026-07-07T05:39:00Z,,"Niemand muss unter Hitze leiden. Es gibt Möglichkeiten, Wohnungen gegen Hitze zu präparieren. Schließlich haben wir ja auch Heizungen gegen die Kälte. mehr...",,de,'Kälte'
https://www.diepresse.com/35523915/tornados-und-gewitterstuerme-tote-und-hunderte-verletzte-in-china,https://www.diepresse.com/35523915/tornados-und-gewitterstuerme-tote-und-hunderte-verletzte-in-china,0,www.diepresse.com,Tornados und Gewitterstürme: Tote und hunderte Verletzte in China,"Tödiche Wetterkapriolen in mehreren Teilen Chinas: In der Region Guangxi sind Dämme gebrochen, es gilt die höchste Hochwasser-Alarmstufe. In Gansu wird nach Verschütteten nach einem Erdrutsch gesucht.",https://img.diepresse.com/public/incoming/cpzzsb-asia-weatherchina/alternates/WEBP_WIDE_1200/ASIA-WEATHERCHINA,2026-07-07T06:11:10Z,,"Die Presse auf Google als bevorzugte Nachrichtenquelle hinzufügen.
 Durch Gewitter und starke Stürme sind in Zentral- und Südchina mindestens 15 Menschen getötet und hunderte weitere verletzt worden… [+1738 chars]",,de,'Hochwasser'
https://www.zeit.de/news/2026-07/07/zwei-kinder-auf-gueterzug-nothalt-nach-riskanter-aktion,https://www.zeit.de/news/2026-07/07/zwei-kinder-auf-gueterzug-nothalt-nach-riskanter-aktion,0,www.zeit.de,Notfälle: Zwei Kinder auf Güterzug: Nothalt nach riskanter Aktion,Hier finden Sie Informationen zu dem Thema „Notfälle“. Lesen Sie jetzt „Zwei Kinder auf Güterzug: Nothalt nach riskanter Aktion“.,https://img.zeit.de/news/2026-07/07/zwei-kinder-auf-gueterzug-nothalt-nach-riskanter-aktion-image-group/wide__1300x731,2026-07-07T08:24:48Z,,"Zwei Kinder haben sich in Lebensgefahr gebracht, indem sie auf einem Güterzug mitgefahren sind. Der 12-jährige Junge und das 13-jährige Mädchen kletterten nach Angaben der Polizei am Montagabend im B… [+463 chars]",,de,'Kinder'
https://www.diepresse.com/35290786/ploetzlich-fallen-die-oelpreise-aber-warum-bleibt-der-sprit-teuer,https://www.diepresse.com/35290786/ploetzlich-fallen-die-oelpreise-aber-warum-bleibt-der-sprit-teuer,0,www.diepresse.com,"Plötzlich fallen die Ölpreise, aber warum bleibt der Sprit teuer? [premium]",Die Preise für Rohöl sind deutlich gesunken und befinden sich wieder auf dem Niveau von vor dem Iran-Krieg. Warum man davon an den Tankstellen (noch) wenig spürt.,https://img.diepresse.com/public/incoming/1qcifq-imago-images-101667674/alternates/WEBP_WIDE_1200/imago%20images%20101667674,2026-07-07T08:55:26Z,,Die Lage auf den internationalen Rohölmärkten hat sich beruhigt. Ein Barrel der Nordseesorte Brent notiert inzwischen bei rund 73 US-Dollar und befindet sich damit wieder auf dem Niveau von vor Ausbr… [+4173 chars],,de,'Rohöl'
https://www.bild.de/politik/inland/spritpreise-steigen-tankrabatt-endet-adac-warnt-vor-hohen-autobahnpreisen-6a4caed7c3a9cf3e798158b3,https://www.bild.de/politik/inland/spritpreise-steigen-tankrabatt-endet-adac-warnt-vor-hohen-autobahnpreisen-6a4caed7c3a9cf3e798158b3,0,www.bild.de,Eine Woche nach Rabatt-Aus - Wo der Spritpreis steht,Tankrabatt endet – Spritpreise steigen: Diesel und Super rund zwanzig Cent teurer. ADAC: Tanken an Autobahnen deutlich teurer.,"https://images.bild.de/6a4caed7c3a9cf3e798158b3/53219e38b91d673ed34df42259c642ce,bc52c26a?w=1280",2026-07-07T11:58:20Z,,Berlin Preise rauf an den Zapfsäulen ausgerechnet zum Ferienstart in vielen Bundesländern klettert der Preis für Kraftstoff an der Tankstelle wieder nach oben. Grund: Der von der Bundesregierung gewä… [+2059 chars],,de,'Spritpreise'
https://www.zeit.de/news/2026-07/07/bund-listet-versaeumnisse-beim-hochwasserschutz-auf,https://www.zeit.de/news/2026-07/07/bund-listet-versaeumnisse-beim-hochwasserschutz-auf,0,www.zeit.de,Hochwasserschutz: BUND listet Versäumnisse beim Hochwasserschutz auf,Hier finden Sie Informationen zu dem Thema „Hochwasserschutz“. Lesen Sie jetzt „BUND listet Versäumnisse beim Hochwasserschutz auf“.,https://img.zeit.de/news/2026-07/07/bund-listet-versaeumnisse-beim-hochwasserschutz-auf-image-group/wide__1300x731,2026-07-07T12:48:53Z,,"Der Bund für Umwelt und Naturschutz Deutschland (BUND) sieht Sachsen noch immer nicht ausreichend auf Wetterextreme vorbereitet. Statt Flüssen mehr Raum zu geben, würden wichtige Überflutungsflächen … [+2116 chars]",,de,'Hochwasser'
https://www.tagesspiegel.de/berlin/anders-als-zuvor-behauptet-wegner-hat-am-morgen-des-stromausfalls-mit-niemandem-dienstlich-telefoniert-15807013.html,https://www.tagesspiegel.de/berlin/anders-als-zuvor-behauptet-wegner-hat-am-morgen-des-stromausfalls-mit-niemandem-dienstlich-telefoniert-15807013.html,0,www.tagesspiegel.de,Anders als zuvor behauptet: Wegner hat am Morgen des Stromausfalls mit niemandem dienstlich telefoniert,"Berlins Regierender Bürgermeister bestritt bislang, die Öffentlichkeit zum Blackout getäuscht zu haben. Doch daran mehren sich Zweifel. Die Senatskanzlei machte ebenfalls unwahre Angaben.",https://www.tagesspiegel.de/images/15807992/alternates/BASE_16_9_W1400/1783427211000/expertenkommission-stromausfall-legt-bericht-vor.jpeg,2026-07-07T12:57:32Z,,Berlins Regierender Bürgermeister Kai Wegner (CDU) hat über seine Telefonate am Morgen des Stromausfalls in der Öffentlichkeit offenbar wissentlich die Unwahrheit gesagt. Dies ergibt sich aus mitgete… [+6221 chars],,de,'Blackout'
https://www.golem.de/sonstiges/zustimmung/auswahl.html?from=https://www.golem.de/news/kauft-einen-dell-dell-aktie-steigt-nach-trump-aussage-2607-210600.html&referer=https://t.co/99eabcb559,https://www.golem.de/sonstiges/zustimmung/auswahl.html?from=https://www.golem.de/news/kauft-einen-dell-dell-aktie-steigt-nach-trump-aussage-2607-210600.html&referer=https://t.co/99eabcb559,0,www.golem.de,"""Kauft einen Dell"": Dell-Aktie steigt nach Trump-Aussage","Bei der Vorstellung der sogenannten Trump-Konten für Kinder lobt der US-Präsident die Spenden des Dell-Gründers und beeinflusst damit den Aktienkurs des Herstellers. (USA, Dell)",,2026-07-07T13:30:01Z,,"Besuchen Sie Golem.de wie gewohnt mit Werbung und Tracking,
 indem Sie der Nutzung aller Cookies zustimmen.
 Details zum Tracking finden Sie im Privacy Center.
Skript wurde nicht geladen. Informat… [+607 chars]",,de,'Kinder'
https://www.golem.de/sonstiges/zustimmung/auswahl.html?from=https://www.golem.de/news/anzeige-stabile-tablethalterung-fuers-auto-fuer-nur-16-96-euro-bei-amazon-2607-210609.html&referer=https://t.co/9b106e8f42,https://www.golem.de/sonstiges/zustimmung/auswahl.html?from=https://www.golem.de/news/anzeige-stabile-tablethalterung-fuers-auto-fuer-nur-16-96-euro-bei-amazon-2607-210609.html&referer=https://t.co/9b106e8f42,0,www.golem.de,"Anzeige: Stabile Tablethalterung fürs Auto für nur 16,96 Euro bei Amazon","Amazon hat eine Tablethalterung fürs Auto im Angebot, mit der Kinder auf der Rückbank bequem Filme und Serien anschauen können. (Technik/Hardware)",,2026-07-07T14:58:01Z,,"Besuchen Sie Golem.de wie gewohnt mit Werbung und Tracking,
 indem Sie der Nutzung aller Cookies zustimmen.
 Details zum Tracking finden Sie im Privacy Center.
Skript wurde nicht geladen. Informat… [+607 chars]",,de,'Kinder'
https://www.welt.de/politik/deutschland/article6a4d1baadfc0c82fa2909487/nach-stromausfall-wegner-erneut-unter-druck-regierender-buergermeister-sagte-wohl-nicht-die-wahrheit-ueber-telefonate.html,https://www.welt.de/politik/deutschland/article6a4d1baadfc0c82fa2909487/nach-stromausfall-wegner-erneut-unter-druck-regierender-buergermeister-sagte-wohl-nicht-die-wahrheit-ueber-telefonate.html,0,www.welt.de,Wegner erneut unter Druck – Regierender Bürgermeister sagte wohl nicht die Wahrheit über Telefonate,"Kai Wegners Darstellung zum ersten Blackout‑Tag wackelt erneut: Laut Senatskanzlei gab es nach dem Stromausfall im Januar vormittags keine dienstlichen Telefonate, nur Textnachrichten. Wegner hatte das im Januar anders dargestellt.",https://images.welt.de/6a4d1baadfc0c82fa2909487/ae48f69cf10931855489873688271473-master/ci16x9-w1200/dpa-com-260707-936-35094-jpg,2026-07-07T16:14:04Z,,"Kai Wegners Darstellung zum ersten BlackoutTag wackelt erneut: Laut Senatskanzlei gab es nach dem Stromausfall im Januar vormittags keine dienstlichen Telefonate, nur Textnachrichten. Wegner hatte da… [+1951 chars]",,de,'Blackout'
https://www.bild.de/politik/inland/berliner-stromausfall-jetzt-fliegt-wegners-telefon-unwahrheit-auf-6a4d13ad486ea1079bcfe9f0,https://www.bild.de/politik/inland/berliner-stromausfall-jetzt-fliegt-wegners-telefon-unwahrheit-auf-6a4d13ad486ea1079bcfe9f0,0,www.bild.de,Neue Enthüllung zum Berliner Blackout - Jetzt fliegt Wegners Telefon-Unwahrheitauf,Neue Angaben zum Blackout-Tag setzen Kai Wegner wegen falscher Telefon-Aussagen unter Druck.,"https://images.bild.de/6a4d13ad486ea1079bcfe9f0/0f99a8a79eb2fb78847ccb9965e62c59,798c13b5?w=1280",2026-07-07T16:16:29Z,,"TTS-Player überspringenArtikel weiterlesenBerlin Die Blackout-Affäre holt Berlins Regierenden Bürgermeister Kai Wegner (53, CDU) erneut ein: Anders als von ihm selbst behauptet, führte der CDU-Politi… [+2154 chars]",,de,'Blackout'
https://www.basicthinking.de/blog/2026/07/08/eisen-als-energiespeicher/,https://www.basicthinking.de/blog/2026/07/08/eisen-als-energiespeicher/,0,www.basicthinking.de,Eisen als Energiespeicher: Bekommen alte Kohlekraftwerke eine neue Aufgabe?,"Der Beitrag Eisen als Energiespeicher: Bekommen alte Kohlekraftwerke eine neue Aufgabe? erschien zuerst beim Online-Magazin BASIC thinking. Über unseren Newsletter UPDATE startest du jeden Morgen bestens informiert in den Tag.
Europas Energiesystem braucht Sp…",https://www.basicthinking.de/blog/wp-content/uploads/2026/07/eisenpulver-als-energiespeicher-1.webp,2026-07-08T03:46:44Z,,"Europas Energiesystem braucht Speicher, die grünen Strom über Wochen oder Monate verfügbar halten. Wasserstoff allein reicht dafür möglicherweise nicht aus. Eine neue Studie zeigt, dass Eisenpulver a… [+3754 chars]",,de,'Kohle'
https://www.focus.de/immobilien/wohnen/gas-und-oelheizungen-bleiben-erlaubt-doch-kostenrisiken-steigen_5a24ce32-72c4-4683-a3a8-d588f43bf707.html,https://www.focus.de/immobilien/wohnen/gas-und-oelheizungen-bleiben-erlaubt-doch-kostenrisiken-steigen_5a24ce32-72c4-4683-a3a8-d588f43bf707.html,0,www.focus.de,"Gas- und Ölheizungen bleiben erlaubt, doch Kostenrisiken steigen","Der Reformentwurf fürs Heizungsgesetz ist endlich da. Neue Gas- und Ölheizungen bleiben erlaubt, Mieter werden geschützt. Warum das nur Kosten und Aufwand für alle bedeutet.","https://quadro.burda-forward.de/ctf/1e3d82d6-7274-489f-822f-a1fa9da33f4e.4a566ee3-7f28-429f-be7c-b5cf8cc52f13.jpeg?im=RegionOfInterestCrop=(1200,630),regionOfInterest=(1024,681.5)&hash=454f8cc3dbc97d0b0e02f8a6b9d763bca946e306c2b06233d047c821b503c597",2026-07-08T05:00:00Z,,"Gerade das Thema Heizung ist für viele Menschen emotional. Die Reform der Bundesregierung erlaubt jetzt neue, fossile Heizungen. Das birgt langfristig hohe Kostenrisiken, egal ob Sie mieten, vermiete… [+8040 chars]",,de,'Gas'
https://taz.de/Blackout-in-Kuba/!6194138/,https://taz.de/Blackout-in-Kuba/!6194138/,0,taz.de,Blackout in Kuba: Der dritte in diesem Jahr,"In Kuba werden inselweite Stromausfälle immer häufiger. Grund ist nicht nur der Mangel an Öl, sondern ein marodes System der Energieversorgung.",https://taz.de/picture/8596129/1200/Kuba-Blackout.jpeg,2026-07-08T06:40:00Z,,"In Kuba werden inselweite Stromausfälle immer häufiger. Grund ist nicht nur der Mangel an Öl, sondern ein marodes System der Energieversorgung. mehr...",,de,'Blackout'
https://www.zeit.de/news/2026-07/08/nrw-und-niederlande-staerken-gemeinsamen-hochwasserschutz,https://www.zeit.de/news/2026-07/08/nrw-und-niederlande-staerken-gemeinsamen-hochwasserschutz,0,www.zeit.de,Fünf Jahre nach Hochwasser: NRW und Niederlande stärken gemeinsamen Hochwasserschutz,Hier finden Sie Informationen zu dem Thema „Fünf Jahre nach Hochwasser“. Lesen Sie jetzt „NRW und Niederlande stärken gemeinsamen Hochwasserschutz“.,https://img.zeit.de/news/2026-07/08/nrw-und-niederlande-staerken-gemeinsamen-hochwasserschutz-image-group/wide__1300x731,2026-07-08T09:00:07Z,,Fünf Jahre nach der verheerenden Flutkatastrophe von 2021 intensivieren Nordrhein-Westfalen und die Niederlande ihre Kooperation beim Hochwasserschutz. Bei einer gemeinsamen Pressekonferenz in Aachen… [+2142 chars],,de,'Hochwasser'
https://www.dw.com/de/australien-telstra-netzausfall-stoerung-flugverkehr-bahnverkehr-zahlungssysteme/a-77871912,https://www.dw.com/de/australien-telstra-netzausfall-stoerung-flugverkehr-bahnverkehr-zahlungssysteme/a-77871912,0,www.dw.com,Großstörung bei Mobilfunkanbieter trifft ganz Australien,"Der zeitweilige Blackout im Mobilfunknetz von Telstra sorgte in Australien landesweit für Ausfälle bei Zügen, Flügen und Zahlungssystemen. Laut dem Unternehmen war ein technischer Fehler verantwortlich.",https://static.dw.com/image/77873134_6.jpg,2026-07-08T10:11:00Z,,Ein großflächiger Ausfall im Mobilfunknetz des Telekommunikationsanbieters Telstra hat Australien zeitweise lahmgelegt. Neben Zugverbindungen waren auch der Flugverkehr sowie Notrufe und Bezahlsystem… [+2306 chars],,de,'Blackout'
https://www.morgenpost.de/wirtschaft/article412518487/experte-ueber-tanken-die-spritpreise-werden-jetzt-wieder-anziehen.html,https://www.morgenpost.de/wirtschaft/article412518487/experte-ueber-tanken-die-spritpreise-werden-jetzt-wieder-anziehen.html,0,www.morgenpost.de,Experte über Tanken: „Die Spritpreise werden jetzt wieder anziehen“,Die Kämpfe zwischen den USA und dem Iran flammen wieder auf. Der Ölpreis steigt bereits wieder an. Kommt das auch an der Zapfsäule an?,https://img.sparknews.funkemedien.de/412518581/412518581_1783505061_v16_9_1600.jpeg,2026-07-08T11:15:37Z,,"Kaum ist der Tankrabatt der Bundesregierung ausgelaufen, richten sich die Blicke der Autofahrer wieder bang Richtung Zapfsäule. Denn der Ölpreis ist nach dem Wiederaufflammen der Kämpfe zwischen den … [+1684 chars]",,de,'Spritpreise'
https://www.bild.de/politik/inland/spritpreise-steigen-nach-12-uhr-stark-an-super-jetzt-bei-2-23-euro-6a4e22420f71e0f715c394dc,https://www.bild.de/politik/inland/spritpreise-steigen-nach-12-uhr-stark-an-super-jetzt-bei-2-23-euro-6a4e22420f71e0f715c394dc,0,www.bild.de,Preisschock zur Mittagszeit - Trump lässt unseren Spritpreis explodieren,"Die Spritpreise ziehen nach der täglichen Preisrunde kräftig an: Super kostet jetzt 2,23 Euro, E10 2,17 Euro und Diesel 2,12 Euro. Neue Spannungen am Golf.","https://images.bild.de/6a4e22420f71e0f715c394dc/83e8288c9a162f77813c84a4ced12900,b1172e9f?w=1280",2026-07-08T11:20:37Z,,TTS-Player überspringenArtikel weiterlesenBerlin 12-Uhr-Schock an der Zapfsäule! Die wieder aufgeflammte Nahost-Krise treibt die Spritpreise abermals nach oben. Autofahrer müssen am Mittwochmittag er… [+2089 chars],,de,'Spritpreise'
https://www.bild.de/politik/inland/urlaub-wird-richtig-teuer-preisschock-an-den-zapfsaeulen-zum-sommerferienbeginn-6a4df67dbb0cf80de56a1cd4,https://www.bild.de/politik/inland/urlaub-wird-richtig-teuer-preisschock-an-den-zapfsaeulen-zum-sommerferienbeginn-6a4df67dbb0cf80de56a1cd4,0,www.bild.de,Urlaub wird richtig teuer - Preis-Schock an Zapfsäulen zum Sommerferienbeginn,"Der Tankrabatt ist Geschichte, Iran- und Ukraine-Krieg eskalieren. Pünktlich zum Start der großen Sommerreisewelle ziehen die Spritpreise wieder an.","https://images.bild.de/6a4df67dbb0cf80de56a1cd4/314fb9c355ae988b08123b37b3557a97,d8b2353c?w=1280",2026-07-08T11:22:24Z,,"TTS-Player überspringenArtikel weiterlesenBerlin Der Tankrabatt ist Geschichte, Iran- und Ukraine-Krieg eskalieren. Pünktlich zum Start der großen Sommerreisewelle ziehen die Spritpreise wieder an. S… [+2802 chars]",,de,'Rohöl'
https://www.zeit.de/mobilitaet/2026-07/tankrabatt-benzinpreis-super-e10-diesel-adac,https://www.zeit.de/mobilitaet/2026-07/tankrabatt-benzinpreis-super-e10-diesel-adac,0,www.zeit.de,Tankrabatt: Spritweise steigen nach Ende des Tankrabatts kräftig,"Der Tankrabatt ist in der vergangenen Woche ausgelaufen, seitdem steigen die Spritpreise. Der ADAC kritisiert die Entwicklung unter Verweis auf den Ölpreis.",https://img.zeit.de/mobilitaet/2026-07/tankrabatt-benzinpreis-super-e10-diesel-adac-foto-1/wide__1300x731,2026-07-08T11:53:15Z,,"In der Woche nach dem Auslaufen des staatlichen Tankrabatts Anfang Juli sind die Preise an den Zapfsäulen in Deutschland wieder gestiegen. Wie der Allgemeine Deutsche Automobil-Club (ADAC) mitteilte,… [+817 chars]",,de,'Spritpreise'
https://www.tagesspiegel.de/berlin/bezirke/neukoelln/brandbrief-der-mieter-in-der-high-deck-siedlung-neukollner-kiez-initiative-prasentiert-eine-wall-of-shame-15817207.html,https://www.tagesspiegel.de/berlin/bezirke/neukoelln/brandbrief-der-mieter-in-der-high-deck-siedlung-neukollner-kiez-initiative-prasentiert-eine-wall-of-shame-15817207.html,0,www.tagesspiegel.de,Brandbrief der Mieter in der High-Deck-Siedlung: Neuköllner Kiez-Initiative präsentiert eine „Wall of Shame“,"Schimmel, Rohrbrüche und Feuchtigkeit – Mieter der High-Deck-Siedlung beklagen „immer neue Schäden“ – und das seit Jahren. Vor der Modernisierung ihrer Wohnungen steigt ihre Angst vor Mieterhöhungen.",https://www.tagesspiegel.de/images/15817472/alternates/BASE_16_9_W1400/1783511912000/highdeck-siedlung-neukolln.jpeg,2026-07-08T12:01:12Z,,Seit Jahren kritisieren Mieter*innen der High-Deck-Siedlung die Missstände in den Wohnungen der landeseigenen Howoge. Am Dienstag machten sie bei einer Kundgebung ihrem Unmut und ihrer Sorge vor Miet… [+46 chars],,de,'Schimmel'
https://www.bild.de/news/inland/teils-30-cent-mehr-preishammer-an-der-zapfsaeule-6a4e3b2526384a0457a3200c,https://www.bild.de/news/inland/teils-30-cent-mehr-preishammer-an-der-zapfsaeule-6a4e3b2526384a0457a3200c,0,www.bild.de,Teils 30 Cent mehr! - Preishammer an der Zapfsäule,Ferienstart ohne Tankrabatt und neue Angriffe auf den Iran treiben die Spritpreise nach oben,"https://images.bild.de/6a4e3b2526384a0457a3200c/f73cb9b77d1a2bc1caddc7dc5b85a01d,6f0415e1?w=1280",2026-07-08T12:16:35Z,,"+++Amok-Verdacht - Schwerverletzte an Gymnasium in Bayern
+++Amok-Verdacht - Schwerverletzte an Gymnasium in Bayern
+++Amok-Verdacht - Schwerverletzte an Gymnasium in Bayern
+++Amok-Verdacht - Sch… [+388 chars]",,de,'Spritpreise'
https://www.bild.de/news/inland/trumps-angriff-auf-iran-spritpreise-an-deutschen-tankstellen-stark-angestiegen-6a4e22420f71e0f715c394dc,https://www.bild.de/news/inland/trumps-angriff-auf-iran-spritpreise-an-deutschen-tankstellen-stark-angestiegen-6a4e22420f71e0f715c394dc,0,www.bild.de,Preisschock zur Mittagszeit - 25 Cent rauf! Trump lässt Spritpreis explodieren,Die Spritpreise ziehen nach der täglichen Preisrunde kräftig an: An einigen Tankstellen stieg der Preis um satte 25 Cent.,"https://images.bild.de/6a4e22420f71e0f715c394dc/83e8288c9a162f77813c84a4ced12900,18f85b7e?w=1280",2026-07-08T12:52:37Z,,TTS-Player überspringenArtikel weiterlesenBerlin 12-Uhr-Schock an der Zapfsäule! Die wieder aufgeflammte Nahost-Krise treibt die Spritpreise abermals nach oben. Autofahrer müssen seit Mittwochmittag … [+3713 chars],,de,'Spritpreise'
https://www.zeit.de/news/2026-07/08/bund-aendert-strategie-schkopau-hofft-auf-gaskraft-zukunft,https://www.zeit.de/news/2026-07/08/bund-aendert-strategie-schkopau-hofft-auf-gaskraft-zukunft,0,www.zeit.de,Energieversorgung: Bund ändert Strategie – Schkopau hofft auf Gaskraft-Zukunft,Hier finden Sie Informationen zu dem Thema „Energieversorgung“. Lesen Sie jetzt „Bund ändert Strategie – Schkopau hofft auf Gaskraft-Zukunft“.,https://img.zeit.de/news/2026-07/08/bund-aendert-strategie-schkopau-hofft-auf-gaskraft-zukunft-image-group/wide__1300x731,2026-07-08T13:08:05Z,,"Das Braunkohlekraftwerk Schkopau könnte bessere Chancen auf eine Zukunft als Gaskraftwerk erhalten. Grund ist eine geplante Änderung der Kraftwerksstrategie der Bundesregierung, durch die Standorte i… [+1548 chars]",,de,'Gas'
https://www.zeit.de/news/2026-07/08/land-plant-finanzhilfen-fuer-strukturwandel,https://www.zeit.de/news/2026-07/08/land-plant-finanzhilfen-fuer-strukturwandel,0,www.zeit.de,Energiekosten: Land plant Finanzhilfen für Strukturwandel,Hier finden Sie Informationen zu dem Thema „Energiekosten“. Lesen Sie jetzt „Land plant Finanzhilfen für Strukturwandel“.,https://img.zeit.de/news/2026-07/08/land-plant-finanzhilfen-fuer-strukturwandel-image-group/wide__1300x731,2026-07-08T13:12:07Z,,"Thüringen plant weitere Finanzhilfen, um den schwierigen Strukturwandel nicht nur in der Automobilindustrie zu unterstützen. Ein Beteiligungsfonds, der Kapitalhilfen für expandierende Firmen ermöglic… [+2000 chars]",,de,'Energiekosten'
https://www.focus.de/auto/wegen-benzinpreis-schock-gasantrieb-erlebt-mini-revival_77b9eaf4-f24e-436a-a0cc-889c77eeea00.html,https://www.focus.de/auto/wegen-benzinpreis-schock-gasantrieb-erlebt-mini-revival_77b9eaf4-f24e-436a-a0cc-889c77eeea00.html,0,www.focus.de,Wegen Benzinpreis-Schock: Gasantrieb erlebt Mini-Revival,"Ab 2035 verbietet die EU nicht nur alle neuen Benziner, Diesel- und Hybride, sondern auch Gasfahrzeuge. Doch mit denen spart man kräftig an der Zapfsäule.","https://quadro.burda-forward.de/ctf/e3004097-70ec-487b-acdb-8f6e73dc3a7b.32015eb0-3cfd-4bf7-a281-53990b743099.jpeg?im=RegionOfInterestCrop=(1200,630),regionOfInterest=(1611,906)&hash=de07163b2d54badf970c5fd569634b9592357283a82ae1532bdbb2beb80328c8",2026-07-08T13:56:00Z,,"Das Elektroauto ist der Gewinner der anhalten Benzinpreis-Krise wegen des Iran-Kriegs. Zum einen wegen der Spritpreise, zum anderen wegen der massiven Subventionen der Emobilität zulasten der Steuerz… [+3748 chars]",,de,'Spritpreise'
https://www.sueddeutsche.de/sport/ioc-olympia-nordische-kombination-wintersport-li.3512614,https://www.sueddeutsche.de/sport/ioc-olympia-nordische-kombination-wintersport-li.3512614,0,www.sueddeutsche.de,Zukunft der Olympischen Winterspielen: Das IOC „verrät seine eigenen Werte“,"Warum weicht die Nordische Kombination nach mehr als 100 Jahren aus dem olympischen Programm, während Parallel-Snowboarden und Freeride eine Zukunft haben? Fragen und Antworten zu den Entscheidungen des Internationalen Olympischen Komitees.",https://www.sueddeutsche.de/2026/07/08/65249e98-5c2b-49b0-8eb8-bb89d8f533cd.jpg?q=60&fm=webp&width=1200&rect=0%2C0%2C4000%2C2250,2026-07-08T14:15:38Z,,"Armbruster, 20, ist dreimalige WM-Silbermedaillengewinnerin und 2025 Gesamtweltcup-Siegerin, sie ist eine der großen deutschen Hoffnungen in ihrem Sport, hat in den vergangenen Jahren zudem mit Worte… [+10612 chars]",,de,'Winter'
https://www.bild.de/politik/anschlag-auf-berliner-stromnetz-kai-wegners-8-uhr-8-luege-6a4e211b43b7fd5185001ee6,https://www.bild.de/politik/anschlag-auf-berliner-stromnetz-kai-wegners-8-uhr-8-luege-6a4e211b43b7fd5185001ee6,0,www.bild.de,Anschlag auf Berliner Stromnetz - Kai Wegners „8-Uhr-8-Lüge“,"Berlins Regierender Bürgermeister Kai Wegner (53, CDU) gerät in der Blackout-Affäre immer tiefer in Erklärungsnot. Der Grund: Anders als von ihm selbst behauptet, führte er am Morgen des Stromausfalls gar keine dienstlichen Telefonate.","https://images.bild.de/6a4e211b43b7fd5185001ee6/c76c9fcaf6fc5d173df088805c130931,4b4b523a?w=1280",2026-07-08T14:19:02Z,,"Mehr zum Video anzeigen 
Berlins Regierender Bürgermeister Kai Wegner (53, CDU) gerät in der Blackout-Affäre immer tiefer in Erklärungsnot. Der Grund: Anders als von ihm selbst behauptet, führte er … [+103 chars]",,de,'Blackout'
https://www.sueddeutsche.de/muenchen/muenchen-studentenstadt-landtag-aerger-vorwuerfe-li.3511301,https://www.sueddeutsche.de/muenchen/muenchen-studentenstadt-landtag-aerger-vorwuerfe-li.3511301,0,www.sueddeutsche.de,Studentenwohnungen in München: Frisch saniert und schon wieder verdreckt – neuer Ärger in der Studentenstadt,"Im Landtag geraten Studierende und Stuwerk wegen der Zustände in der Studentenstadt Freimann aneinander. Es geht um Schimmel, Sanierung, Mitbestimmung und Sanktionen.",https://www.sueddeutsche.de/2026/07/08/b04ebd75-0fbc-422e-bfa1-fa2f487eebf7.jpg?q=60&fm=webp&width=1200&rect=0%2C209%2C4000%2C2250,2026-07-08T15:18:48Z,,Zuvor hatte es bereits mehrfach Zwischenrufe der Studierenden gegeben. Im Saal eins des Altbaus des Landtagsgebäudes herrschte an diesem Morgen eine aufgeheizte Stimmung. Dabei war zuvor bereits viel… [+5128 chars],,de,'Schimmel'
https://www.welt.de/videos/video6a4e6de226384a0457a32599/spritpreise-steigen-wieder-nicht-mehr-erklaerbar-dass-sich-die-mineraloelkonzerne-die-taschen-vollmachen.html,https://www.welt.de/videos/video6a4e6de226384a0457a32599/spritpreise-steigen-wieder-nicht-mehr-erklaerbar-dass-sich-die-mineraloelkonzerne-die-taschen-vollmachen.html,0,www.welt.de,"„Nicht mehr erklärbar, dass sich die Mineralölkonzerne die Taschen vollmachen“","Nach dem Ende der Waffenruhe zwischen den USA und dem Iran haben die Spritpreise hierzulande wieder angezogen. „Ich habe mittlerweile die Faxen dick. Hier muss endlich das Kartellamt tätig werden“, so Sepp Müller (CDU).",https://images.welt.de/6a4e6de226384a0457a32599/4d059221e13075a4b874b669362247d8/ci16x9-w1200/dpa-com-260708-936-35824-jpg,2026-07-08T15:47:49Z,,"Nach dem Ende der Waffenruhe zwischen den USA und dem Iran haben die Spritpreise hierzulande wieder angezogen. Ich habe mittlerweile die Faxen dick. Hier muss endlich das Kartellamt tätig werden, so … [+77 chars]",,de,'Spritpreise'
https://www.bild.de/regional/nordrhein-westfalen/nahe-wohngebiet-in-nrw-pilot-rettet-drei-kinder-bei-flugzeugabsturz-6a4e764870bfac5c01962e72,https://www.bild.de/regional/nordrhein-westfalen/nahe-wohngebiet-in-nrw-pilot-rettet-drei-kinder-bei-flugzeugabsturz-6a4e764870bfac5c01962e72,0,www.bild.de,Nahe Wohngebiet in NRW - Pilot rettet drei Kinder bei Flugzeugabsturz,Beim Absturz eines Kleinflugzeuges hat ein Pilot (48) sich und drei Kinder gerettet.,"https://images.bild.de/6a4e764870bfac5c01962e72/ddd515ef03d55f3c0da6d63a13a5dc12,fefb7a4f?w=1280",2026-07-08T16:42:32Z,,TTS-Player überspringenArtikel weiterlesenGrefrath (Nordrhein-Westfalen) Hier waren mindestens vier Schutzengel mit an Bord! Beim Absturz eines Kleinflugzeuges hat ein Pilot (48) sich und drei Kinder… [+992 chars],,de,'Kinder'
https://www.bild.de/regional/bayern/auftragsmord-an-dreifacher-mutter-festnahme-nach-waffenverkauf-6a4e65fabb0cf80de56a281e,https://www.bild.de/regional/bayern/auftragsmord-an-dreifacher-mutter-festnahme-nach-waffenverkauf-6a4e65fabb0cf80de56a281e,0,www.bild.de,Mutter von drei Kindern erschossen - Er verkaufte die Mordwaffe! Mann (55) festgenommen,"Verdächtiger in Augsburg festgenommen: Er soll die Tatwaffe verkauft, vor Gericht falsch ausgesagt und Zeugen beeinflusst haben.","https://images.bild.de/6a4e65fabb0cf80de56a281e/2814420e2ad9d21eb31718a66aee6365,ba4b34c0?w=1280",2026-07-08T17:01:43Z,,TTS-Player überspringenArtikel weiterlesenAugsburg Ermittler haben einen weiteren Verdächtigen im Fall des Auftragsmords an einer jungen Mutter festgenommen. Der 55-Jährige soll die spätere Tatwaffe … [+1029 chars],,de,'Kinder'
https://www.zeit.de/arbeit/2026-07/lieselotte-ahnert-psychologie-eltern-berufstaetig-familie-kinder,https://www.zeit.de/arbeit/2026-07/lieselotte-ahnert-psychologie-eltern-berufstaetig-familie-kinder,0,www.zeit.de,"Entwicklungspsychologie: »Eltern sollten zumindest wissen, mit wem ihre Kinder Zeit verbringen«","Wenn beide Eltern Vollzeit arbeiten, bleiben nur wenige Stunden mit den Kindern. Eine Psychologin erklärt, in welchen Momenten Eltern dringend selbst da sein sollten.",https://img.zeit.de/arbeit/2026-07/lieselotte-ahnert-psychologie-eltern-berufstaetig-familie-kinder-bild/wide__1300x731,2026-07-08T17:02:15Z,,"Bei 27 Prozent aller Paare mit
Kindern im Haushalt arbeiten beide Eltern Vollzeit. Für sie ist der Alltag oft herausfordernd, wie die Interviews der Serie »Volle Zeit« zeigen. Die Entwicklungspsycho… [+814 chars]",,de,'Kinder'
https://www.faz.net/aktuell/rhein-main/kassel-ermittlungen-zu-missbrauchsvorwuerfen-in-kinderheim-aktuelle-nachrichten-aus-frankfurt-hessen-faz-19735361.html,https://www.faz.net/aktuell/rhein-main/kassel-ermittlungen-zu-missbrauchsvorwuerfen-in-kinderheim-aktuelle-nachrichten-aus-frankfurt-hessen-faz-19735361.html,0,www.faz.net,Rhein-Main-Liveblog: Kassel: Ermittlungen zu Missbrauchsvorwürfen in Kinderheim,Frankfurt: Brand eines Mehrfamilienhauses +++ Queerfeindliche Angriffe gestiegen +++ Geldautomat in Dietzenbach gesprengt +++ Schweißarbeiten vermutlich Auslöser von Baustellenbrand +++  Liveblog zu Rhein-Main und Hessen,https://media0.faz.net/image/w1200h627/5f4a9f38a6e3/w4096h2140x0y447o/202607/43601.0.2315028519/die-staatsanwaltschaft-kassel.webp,2026-07-08T17:34:00Z,,"Die Staatsanwaltschaft Kassel ermittelt wegen mutmaßlicher Fälle sexualisierter Gewalt und Missstände in einem Kinderheim in Kassel. Wie ein Sprecher der Behörde bestätigte, seien derzeit vier Ermitt… [+508 chars]",,de,'Kinder'
https://t3n.de/news/jugendschutz-meta-strafen-billionen-1751987/,https://t3n.de/news/jugendschutz-meta-strafen-billionen-1751987/,0,t3n.de,"Macht Social Media Kinder abhängig? Meta droht Strafe in Höhe von 1,4 Billionen Dollar","Im August sieht sich Meta vor einem Bundesgericht Vertreter:innen von 29 US-Bundesstaaten gegenüber, die dem Konzern vorwerfen, Facebook und Instagram würden Kinder süchtig machen. Vier weitere Staaten fordern eine Billionensumme. Schon seit Längerem werfen V…",https://cdn.t3n.de/news/wp-content/uploads/2026/04/shutterstock_2380065949.jpg?class=content,2026-07-08T17:48:54Z,,"Schon seit Längerem werfen Verbraucherschützer:innen Social-Media-Konzernen wie Meta, Alphabet oder Bytedance vor, ihre Plattformen absichtlich so gestaltet zu haben, dass Kinder und Jugendliche süch… [+3117 chars]",,de,'Kinder'
https://www.welt.de/regionales/hamburg/article6a4e4ded0f71e0f715c39994/auszeichnung-familienunternehmer-des-jahres-von-pippi-langstrumpf-zur-ki-oetingers-erfolgsrezept-im-wandel-der-zeit.html,https://www.welt.de/regionales/hamburg/article6a4e4ded0f71e0f715c39994/auszeichnung-familienunternehmer-des-jahres-von-pippi-langstrumpf-zur-ki-oetingers-erfolgsrezept-im-wandel-der-zeit.html,0,www.welt.de,Von Pippi Langstrumpf zur KI – Oetingers Erfolgsrezept im Wandel der Zeit,"„Mut liegt in unserer DNA“ – mit diesem Anspruch trimmt Verlegerin Julia Bielenberg das Medienhaus Oetinger auf KI, Marktforschung und New-Work-Strukturen und zeigt, wie der Wandel im Kinder- und Jugendbuchmarkt gelingen kann. Jetzt erhielt das Unternehmen da…",https://images.welt.de/6a4e4ded0f71e0f715c39994/8af0ac45b55b6b3a1ca8cc860efde8d7-master/ci16x9-w1200/oetinger-2780-jpg,2026-07-08T17:54:19Z,,"Mut liegt in unserer DNA mit diesem Anspruch trimmt Verlegerin Julia Bielenberg das Medienhaus Oetinger auf KI, Marktforschung und New-Work-Strukturen und zeigt, wie der Wandel im Kinder- und Jugendb… [+9105 chars]",,de,'Kinder'
https://www.bild.de/news/ausland/kobras-im-hochwasser-schlangen-alarm-in-suedchina-6a4e875926384a0457a32726,https://www.bild.de/news/ausland/kobras-im-hochwasser-schlangen-alarm-in-suedchina-6a4e875926384a0457a32726,0,www.bild.de,Überflutete Zuchtfarm in China - Hochwasser spült hunderte Schlangen an,Nach Überschwemmungen in Südchina sollen Hunderte Schlangen aus einer Zuchtfarm entkommen sein.,"https://images.bild.de/6a4e875926384a0457a32726/086aaa2a94cab9ff9a6c72a4f960507d,b004014c?w=1280",2026-07-08T18:18:59Z,,"Mehr zum Video anzeigen 
Nach Überschwemmungen in Südchina sollen Hunderte Schlangen aus einer Zuchtfarm entkommen sein.
Quelle: News508.07.2026 - 20:18 Uhr",,de,'Hochwasser'
https://www.n-tv.de/politik/Behoerde-Neun-Tote-bei-israelischen-Angriffen-im-Gazastreifen-id31064747.html,https://www.n-tv.de/politik/Behoerde-Neun-Tote-bei-israelischen-Angriffen-im-Gazastreifen-id31064747.html,0,www.n-tv.de,Drei Kinder unter den Opfern: Behörde: Neun Tote bei israelischen Angriffen im Gazastreifen,"Eigentlich soll im Gazastreifen eine Waffenruhe gelten, doch das israelische Militär tötet dort immer wieder Menschen. Die Armee spricht in der Regel von Angriffen auf Kämpfer. Bei neuen Vorfällen kommen nach palästinensischen Angaben wieder Unschuldige ums L…",https://www.n-tv.de/img/31064759/1783541362/Img_16_9/1200/A-Palestinian-boy-wounded-in-an-Israeli-strike-on-a-tent-according-to-medics-receives-medical-treatment-at-Nasser-Hospital-in-Khan-Younis-in-the-southern-Gaza-Strip-July-8-2026.jpg,2026-07-08T18:35:27Z,,"Ein Junge wird nach einem israelischen Angriff in Chan Junis von Ärzten behandelt. (Foto: REUTERS)
Eigentlich soll im Gazastreifen eine Waffenruhe gelten, doch das israelische Militär tötet dort imm… [+1771 chars]",,de,'Kinder'
https://www.audi.com/de/pressemitteilungen/audi-forum-neckarsulm-ein-samstag-fuer-die-ganze-familie-18103,https://www.audi.com/de/pressemitteilungen/audi-forum-neckarsulm-ein-samstag-fuer-die-ganze-familie-18103,0,www.audi.com,Audi Forum Neckarsulm: Ein Samstag für die ganze Familie,"Am Samstag, 18. Juli lädt das Audi Forum Neckarsulm von 10 bis 14 Uhr zu einem sportlichen Mitmachtag ein. Ein besonderer Höhepunkt ist das Finale des „Radio Ton Kids Cup“. Am Nachmittag gibt es ein interaktives Kinderkonzert mit dem kleinen Roboter ADUI.
wei…",https://uploads.audi.com/system/production/media/132934/images/ee9067b034a76c9bcf88f6dd041a0f547c8dbd15/A263778_blog.png?1783432489,2026-07-09T00:00:00Z,,"Im Mittelpunkt des Tages steht neben zahlreichen Mitmachaktionen das Finale des Radio Ton Kids Cup, der in den vergangenen Wochen in den Schulen der Region stattgefunden hat. Die Teilnehmenden absolv… [+2402 chars]",,de,'Kinder'
https://www.zeit.de/news/2026-07/09/steinmeier-uebergibt-letzte-kohle-ans-haus-der-geschichte,https://www.zeit.de/news/2026-07/09/steinmeier-uebergibt-letzte-kohle-ans-haus-der-geschichte,0,www.zeit.de,Industriegeschichte: Steinmeier übergibt letzte Kohle ans Haus der Geschichte,Hier finden Sie Informationen zu dem Thema „Industriegeschichte“. Lesen Sie jetzt „Steinmeier übergibt letzte Kohle ans Haus der Geschichte“.,https://img.zeit.de/news/2026-07/09/steinmeier-uebergibt-letzte-kohle-ans-haus-der-geschichte-image-group/wide__1300x731,2026-07-09T01:30:09Z,,Bundespräsident Frank-Walter Steinmeier übergibt am Donnerstag (10.45 Uhr) das letzte in Deutschland geförderte Stück Steinkohle an das Haus der Geschichte in Bonn. Bergleute hatten Steinmeier den si… [+864 chars],,de,'Kohle'
https://www.zeit.de/news/2026-07/09/hochwasser-fuehren-zu-groesseren-wirtschaftlichen-schaeden,https://www.zeit.de/news/2026-07/09/hochwasser-fuehren-zu-groesseren-wirtschaftlichen-schaeden,0,www.zeit.de,Versicherungen: Hochwasser führen zu größeren wirtschaftlichen Schäden,Hier finden Sie Informationen zu dem Thema „Versicherungen“. Lesen Sie jetzt „Hochwasser führen zu größeren wirtschaftlichen Schäden“.,https://img.zeit.de/news/2026-07/09/hochwasser-fuehren-zu-groesseren-wirtschaftlichen-schaeden-image-group/wide__1300x731,2026-07-09T02:30:11Z,,Hochwasser verursachen einer neuen Analyse zufolge zunehmend schwerere Schäden in Europa. Der wirtschaftliche Schaden eines Hochwassers lag seit 2020 preisbereinigt im Schnitt bei ungefähr 400 Millio… [+1739 chars],,de,'Hochwasser'
https://www.tagesspiegel.de/wirtschaft/versicherungen-hochwasser-fuhren-zu-grosseren-wirtschaftlichen-schaden-15821137.html,https://www.tagesspiegel.de/wirtschaft/versicherungen-hochwasser-fuhren-zu-grosseren-wirtschaftlichen-schaden-15821137.html,0,www.tagesspiegel.de,Versicherungen: Hochwasser führen zu größeren wirtschaftlichen Schäden,"Allianz Trade hat untersucht, welche Folgen Hochwasser in Europa haben. Der Kreditversicherer rät, in den Hochwasserschutz zu investieren.",https://www.tagesspiegel.de/images/15821136/alternates/BASE_16_9_W1400/1783564345000/wiederaufbau-von-bahnstrecke.jpeg,2026-07-09T02:32:25Z,,Hochwasser verursachen einer neuen Analyse zufolge zunehmend schwerere Schäden in Europa. Der wirtschaftliche Schaden eines Hochwassers lag seit 2020 preisbereinigt im Schnitt bei ungefähr 400 Millio… [+1790 chars],,de,'Hochwasser'
https://taz.de/Brandbrief-von-Neukoellner-Mietern/!6194187/,https://taz.de/Brandbrief-von-Neukoellner-Mietern/!6194187/,0,taz.de,Brandbrief von Neuköllner Mie­te­rn: Wall of Shame mit Schimmel,Mie­te­r:in­nen der High-Deck-Siedlung in Neukölln beklagen die schlechten Wohnverhältnisse – und dass die landeseigene Howoge nichts unternehme.,https://taz.de/picture/8596425/1200/high-deck-dpa.jpeg,2026-07-09T04:00:00Z,,Mie­te­r:in­nen der High-Deck-Siedlung in Neukölln beklagen die schlechten Wohnverhältnisse – und dass die landeseigene Howoge nichts unternehme. mehr...,,de,'Schimmel'
https://www.zeit.de/news/2026-07/09/bund-umfrage-hochwasserschutz-fuer-viele-unzureichend,https://www.zeit.de/news/2026-07/09/bund-umfrage-hochwasserschutz-fuer-viele-unzureichend,0,www.zeit.de,Katastrophales Hochwasser: BUND-Umfrage: Hochwasserschutz für viele unzureichend,Hier finden Sie Informationen zu dem Thema „Katastrophales Hochwasser“. Lesen Sie jetzt „BUND-Umfrage: Hochwasserschutz für viele unzureichend“.,https://img.zeit.de/news/2026-07/09/bund-umfrage-hochwasserschutz-fuer-viele-unzureichend-image-group/wide__1300x731,2026-07-09T06:04:00Z,,Fünf Jahre nach der verheerenden Flutkatastrophe im Ahrtal ist der Schutz vor Starkregen und Hochwasser aus Sicht vieler Menschen in Deutschland weiterhin unzureichend. Wie eine repräsentative Umfrag… [+1791 chars],,de,'Hochwasser'
https://www.tagesspiegel.de/potsdam/landeshauptstadt/warmewende-in-potsdam-kommt-voran-neue-geothermie-bohrung-und-weiterer-grosskredit-15821111.html,https://www.tagesspiegel.de/potsdam/landeshauptstadt/warmewende-in-potsdam-kommt-voran-neue-geothermie-bohrung-und-weiterer-grosskredit-15821111.html,0,www.tagesspiegel.de,Wärmewende in Potsdam kommt voran: Neue Geothermie-Bohrung und weiterer Großkredit,"Die Stadtwerke-Tochter EWP startet mit weiteren Arbeiten, um das Gaskraftwerk im Süden zu ersetzen. Helfen soll ein neues Darlehen der Europäischen Investitionsbank.",https://www.tagesspiegel.de/images/15821116/alternates/BASE_16_9_W1400/1783557578000/baustelle-geothermie-bohrung-am-alten-tramdepot-potsdam.jpeg,2026-07-09T06:50:18Z,,Nächster Schritt für den klimafreundlichen Ersatz des altersschwachen Gas-Heizkraftwerks im Potsdamer Süden: Am kommenden Montag startet die Stadtwerke-Tochter Energie und Wasser Potsdam (EWP) weiter… [+32 chars],,de,'Gas'
https://www.tagesspiegel.de/er-lugt-um-die-alten-lugen-aufrechtzuerhalten-tagesspiegel-community-zu-wegners-reaktion-auf-den-stromausfall-15819012.html,https://www.tagesspiegel.de/er-lugt-um-die-alten-lugen-aufrechtzuerhalten-tagesspiegel-community-zu-wegners-reaktion-auf-den-stromausfall-15819012.html,0,www.tagesspiegel.de,"„Er lügt, um die alten Lügen aufrechtzuerhalten“: Tagesspiegel-Community zu Wegners Reaktion auf den Stromausfall","Kai Wegner führte am Morgen des Berliner Blackouts kein einziges Telefonat — und verschwieg es monatelang. Das Urteil vieler Leserinnen und Leser: Wer lügt, um Lügen zu decken, hat das Amt verwirkt.",https://www.tagesspiegel.de/images/15507424/alternates/BASE_16_9_W1400/1776789966000/burgercharta-fur-olympia-in-berlin.jpeg,2026-07-09T07:02:30Z,,"Berlins Regierender Bürgermeister Kai Wegner hat nach Recherchen des Tagesspiegels öffentlich falsche Angaben über sein Verhalten am Morgen des Stromausfalls gemacht. Er telefonierte nicht, wie behau… [+6973 chars]",,de,'Blackout'
https://www.golem.de/sonstiges/zustimmung/auswahl.html?from=https://www.golem.de/news/gleichmaessige-stromproduktion-alpiner-solarstrom-fliesst-auch-im-winter-2607-210678.html&referer=https://t.co/c82ab6944b,https://www.golem.de/sonstiges/zustimmung/auswahl.html?from=https://www.golem.de/news/gleichmaessige-stromproduktion-alpiner-solarstrom-fliesst-auch-im-winter-2607-210678.html&referer=https://t.co/c82ab6944b,0,www.golem.de,Gleichmäßige Stromproduktion: Alpiner Solarstrom fließt auch im Winter,"Eine Solaranlage auf 2.500 m Höhe liefert ganzjährig gleichmäßigen Strom. Gleichzeitig liegt ihr Ertrag 50 Prozent höher als der Durchschnitt. (Solarenergie, Energiewende)",,2026-07-09T07:45:02Z,,"Besuchen Sie Golem.de wie gewohnt mit Werbung und Tracking,
 indem Sie der Nutzung aller Cookies zustimmen.
 Details zum Tracking finden Sie im Privacy Center.
Skript wurde nicht geladen. Informat… [+607 chars]",,de,'Winter'
https://www.focus.de/panorama/welt/wir-wissen-nicht-einmal-wer-die-rechtsnachfolger-waeren-stadt-sucht-nach-erben-um-flussufer-sicherer-zu-machen_1e60287f-393c-4b89-ac8d-c1932792b998.html,https://www.focus.de/panorama/welt/wir-wissen-nicht-einmal-wer-die-rechtsnachfolger-waeren-stadt-sucht-nach-erben-um-flussufer-sicherer-zu-machen_1e60287f-393c-4b89-ac8d-c1932792b998.html,0,www.focus.de,"„Wir wissen nicht einmal, wer die Rechtsnachfolger wären“: Stadt sucht nach Erben, um Flussufer sicherer zu machen",Die belgische Stadt Verviers möchte den Hochwasserschutz verbessern und muss dafür alle Grundstücke an einer Flusspromenade aufkaufen. Ein Grundstück bereitet allerdings Probleme.,"https://quadro.burda-forward.de/ctf/95c43342-80df-4999-9094-155bdac5eae3.418f15c0-1517-42b6-9d38-533514f8c02b.jpg?im=RegionOfInterestCrop=(1200,630),regionOfInterest=(969,991)&hash=b70b537434f04794096eba82dac63858f1048001f7d5a2f69510b387319163c8",2026-07-09T08:15:00Z,,"Seit der Flutkatastrophe im Juli 2021 verfolgt die belgische Stadt Verviers einen Plan. Sie will alle Gebäude an der Promenade des Récollets aufkaufen, abreißen und das Flussufer widerstandsfähiger g… [+2328 chars]",,de,'Hochwasser'
https://www.focus.de/politik/ausland/wir-haben-an-einem-tag-276-anrufe-erhalten-wegen-benzinknappheit-und-explodierenden-preisen-lassen-russen-ihre-autos-massenhaft-auf-gas-umruesten_77bbedf2-5160-4213-a59f-5ae7277fc927.html,https://www.focus.de/politik/ausland/wir-haben-an-einem-tag-276-anrufe-erhalten-wegen-benzinknappheit-und-explodierenden-preisen-lassen-russen-ihre-autos-massenhaft-auf-gas-umruesten_77bbedf2-5160-4213-a59f-5ae7277fc927.html,0,www.focus.de,„Wir haben an einem Tag 276 Anrufe erhalten“: Wegen Benzinknappheit und explodierenden Preisen lassen Russen ihre Autos massenhaft auf Gas umrüsten,"In Russland wird Benzin knapp, die Preise steigen. Viele Autofahrer lassen ihre Wagen deshalb auf deutlich billigeres Autogas umrüsten.","https://quadro.burda-forward.de/ctf/1131e8f3-7927-4b91-93c2-2ffc0ce477f3.16b0f154-9425-478a-b645-8ddd587641db.jpg?im=RegionOfInterestCrop=(1200,630),regionOfInterest=(1761,1296)&hash=c42ca49eb0c229d15c416c10fe4f2a855c9d61e2a079827a32d909eb6bde10cf",2026-07-09T08:48:00Z,,Russland erlebt nach ukrainischen Drohnenangriffen auf Raffinerien eine wachsende Benzinknappheit. An Tankstellen bilden sich lange Schlangen. Zudem steigen die Preise spürbar. Viele Autofahrer weich… [+2145 chars],,de,'Gas'
https://www.morgenpost.de/bezirke/neukoelln/article412527603/mall-of-shame-schimmel-und-ratten-bewohner-der-high-deck-siedlung-sind-sauer.html,https://www.morgenpost.de/bezirke/neukoelln/article412527603/mall-of-shame-schimmel-und-ratten-bewohner-der-high-deck-siedlung-sind-sauer.html,0,www.morgenpost.de,„Mall of shame“: Schimmel und Ratten – Bewohner der High-Deck-Siedlung sind sauer,"Schimmel, Ratten, defekte Heizungen: Bewohner der High-Deck-Siedlung sind sauer. Die Howoge als Vermieter reagiert laut Anwohnern nicht.",https://img.sparknews.funkemedien.de/412527699/412527699_1783588692_v16_9_1600.jpeg,2026-07-09T09:18:12Z,,"Bei vielen Bewohnern der Neuköllner High-Deck-Siedlung hat sich einiges an Ärger angestaut. Weil Heizungen defekt sind, der Schimmel an den Wänden immer mehr wird und auch Ratten sich ausbreiten, hab… [+1332 chars]",,de,'Schimmel'
https://www.zeit.de/politik/deutschland/2026-07/kindergeld-reform-gesetz-antrag-automatisch-bundestag,https://www.zeit.de/politik/deutschland/2026-07/kindergeld-reform-gesetz-antrag-automatisch-bundestag,0,www.zeit.de,Kindergeld: Bundestag macht Weg für antragsloses Kindergeld frei,Für junge Familien fällt beim Kindergeld künftig ein großes Stück Bürokratie weg: Die Leistung soll ab 2027 standardmäßig ohne Antrag fließen.,https://img.zeit.de/politik/deutschland/2026-07/kindergeld-reform-gesetz-antrag-automatisch-bundestag-foto-1/wide__1300x731,2026-07-09T13:13:17Z,,"Kindergeld soll künftig nach der
Geburt automatisch und ohne Antrag ausgezahlt werden. Der
Bundestag beschloss ein entsprechendes Gesetz, mit
dem die Koalition aus Union und SPD eine Empfehlung zu… [+1779 chars]",,de,'ältere Menschen'
https://www.faz.net/aktuell/feuilleton/medien-und-film/medienpolitik/fr-chefin-geht-weil-sie-als-mutter-benachteiligt-werde-201014276.html,https://www.faz.net/aktuell/feuilleton/medien-und-film/medienpolitik/fr-chefin-geht-weil-sie-als-mutter-benachteiligt-werde-201014276.html,0,www.faz.net,FR-Chefin Hoffmann geht: Kinder und Karriere? Vergiss es.,"Sabrina Hoffmann wurde mit Anfang vierzig Chefredakteurin der „Frankfurter Rundschau“. Nach nur einem halben Jahr gibt sie den Posten wieder ab. Der Grund, den sie dafür angibt, muss uns allen zu denken geben.",https://media0.faz.net/image/w1200h627/ef5dce0e4a5e/w4800h2508x0y260o/202507/43601.0.1143298480/ihren-posten-als-fr.webp,2026-07-09T14:03:06Z,,"Eigentlich, schreibt Sabrina Hoffmann auf Linkedin, habe sie sich zu ihrem Abgang als Chefredakteurin der Frankfurter Rundschau nicht äußern wollen. Da aber in Mediendiensten interne Informationen au… [+2113 chars]",,de,'Kinder'
https://www.n-tv.de/politik/Bundestag-macht-Weg-fuer-Kindergeld-ohne-Antrag-frei-id31067865.html,https://www.n-tv.de/politik/Bundestag-macht-Weg-fuer-Kindergeld-ohne-Antrag-frei-id31067865.html,0,www.n-tv.de,Geplanter Bürokratieabbau : Bundestag macht Weg für Kindergeld ohne Antrag frei,Die Zeit nach der Geburt ist für Familien herausfordernd. Die Koalition will Eltern nun zumindest beim Kindergeld entlasten. Dieses soll künftig ohne Antrag automatisch ausgezahlt werden - wenn Bedingungen erfüllt sind.,https://www.n-tv.de/img/31067929/1783606987/Img_16_9/1200/traurig-geschwister-scheidungskind-Bildverwendung-nur-mit-Urhebervermerk-Pawel-Opaska-Shotshop-picture-alliance-Keine-Exlusivverkaeufe-moeglich.jpg,2026-07-09T14:29:35Z,,"Zunächst erhalten Familien mit einem Kind für ihr zweites Kind das automatische Kindergeld. (Foto: picture alliance / Pawel Opaska/Shotshop)
Die Zeit nach der Geburt ist für Familien herausfordernd.… [+3015 chars]",,de,'Kinder'
https://www.sueddeutsche.de/bayern/bayern-kinderbetreuung-baykibig-tagesmuetter-kosten-geld-streichung-li.3513404,https://www.sueddeutsche.de/bayern/bayern-kinderbetreuung-baykibig-tagesmuetter-kosten-geld-streichung-li.3513404,0,www.sueddeutsche.de,Kinderbetreuung: Großtagespflegen bangen um ihre Zukunft,"Tagesmütter bieten eine familienähnliche, flexible Kinderbetreuung an, die manche Eltern sehr zu schätzen wissen. Durch die Reform des Bayerischen Kinderbetreuungsgesetzes aber fällt für sie eine wichtige Förderung weg.",https://www.sueddeutsche.de/2022/06/20/2ab0c8de-d902-42b8-a515-c90109da540a.jpeg?q=60&fm=webp&width=1200&rect=0%2C113%2C1200%2C675,2026-07-09T14:31:30Z,,"Bislang wird die Kindertagespflege analog zu anderen Kindertageseinrichtungen über das BayKiBig gefördert. Für Kinder, die aufgrund von Behinderungen oder Sprachschwierigkeiten besonders intensiv bet… [+1856 chars]",,de,'Kinder'
https://www.sueddeutsche.de/projekte/artikel/gesellschaft/behinderung-inklusion-kinderwunsch-leihmutterschaft-e730545/,https://www.sueddeutsche.de/projekte/artikel/gesellschaft/behinderung-inklusion-kinderwunsch-leihmutterschaft-e730545/,0,www.sueddeutsche.de,Leihmutterschaft: Wunschkind ohne Eltern,"Wegen einer Behinderung kann Svenja Steinke keine Kinder bekommen – und beauftragt eine Leihmutteragentur in Ghana. Als sie das Kind schließlich im Arm hält, der Schock: Sie darf ihre Tochter nicht mit nach Deutschland nehmen.","https://www.sueddeutsche.de/projekte/artikel/gesellschaft/behinderung-inklusion-kinderwunsch-leihmutterschaft-e730545/3fb35ff6a646ca3dc47ea6ff6d7de6250cec3a2ef73b66517f333655f589265a_w2400_h1256_r718,0,3072,1608_q70_ro90.jpg",2026-07-09T15:00:00Z,,"Der Facebook-Post der ghanaischen Leihmutteragentur Afrigha Surrogacy zeigt drei Polaroid-Fotos, darauf ein schlafendes Neugeborenes, eingewickelt in ein weißes Tuch, „Baby Tilda“. Dazu ein paar Zeil… [+2 chars]",,de,'Kinder'
https://www.faz.net/aktuell/gesellschaft/kriminalitaet/block-prozess-jonathan-c-sieht-sich-als-opfer-201015411.html,https://www.faz.net/aktuell/gesellschaft/kriminalitaet/block-prozess-jonathan-c-sieht-sich-als-opfer-201015411.html,0,www.faz.net,"Mutmaßlicher Entführer: „Ich bin dumm, dass ich darauf reingefallen bin“",Im Block-Prozess sagt das frühere Model Jonathan G. abermals aus. Er fühle sich als Opfer – und er will den Vater der beiden entführten Kinder nicht geschlagen haben.,https://media0.faz.net/image/w1200h627/d7ef07592713/w1975h1031x0y143o/202607/43601.0.2316969467/der-mutmassliche-tatbeteiligte.webp,2026-07-09T15:02:05Z,,"Im Fall Block fühlt sich einer der mutmaßlichen Entführer eigenen Worten zufolge ausgenutzt. Ich fühle mich als Opfer, sagte der 35 Jahre alte Zeuge Jonathan G., der früher als Model und Fitnesstrain… [+3408 chars]",,de,'Kinder'
https://www.bild.de/leben-wissen/reisen/familienurlaub-ohne-stress-so-gelingt-das-reisen-mit-kindern-649adf4699aa777d69474d20,https://www.bild.de/leben-wissen/reisen/familienurlaub-ohne-stress-so-gelingt-das-reisen-mit-kindern-649adf4699aa777d69474d20,0,www.bild.de,Reisen mit Kindern - So wird Ihr Familienurlaub zum Genuss für alle,Ein Familienurlaub erfordert oft mehr Planung als gewöhnlich. Mit den richtigen Tipps wird aber Ihre Reise mit Kindern stressfrei – und für alle zum Genuss.,"https://images.bild.de/649adf4699aa777d69474d20/e9c35d89fb8848e2675948d321ba1dad,96cf4b05?w=1280",2026-07-09T15:03:02Z,,TTS-Player überspringenArtikel weiterlesenEndlich Urlaub doch für viele Eltern bedeutet das alles andere als pure Entspannung. Auch am schönsten Ort der Welt wollen Kinder beschäftigt und unterhalten… [+4827 chars],,de,'Kinder'
https://www.faz.net/aktuell/politik/ausland/eu-parlament-ebnet-weg-fuer-freiwillige-chatkontrolle-201013880.html,https://www.faz.net/aktuell/politik/ausland/eu-parlament-ebnet-weg-fuer-freiwillige-chatkontrolle-201013880.html,0,www.faz.net,EU-Parlament: Neuer Anlauf für Verlängerung der Chatkontrolle,Aktuell dürfen Anbieter von Chatdiensten nicht nach Missbrauchsdarstellungen von Kindern suchen. Diese Gesetzeslücke soll wieder geschlossen werden.,https://media0.faz.net/image/w1200h627/f5a7991d5f0c/w4552h2378x0y91o/202607/43601.0.2317580175/eine-hessische.webp,2026-07-09T15:19:34Z,,"Das Europäische Parlament hat am Donnerstag einen neuen Versuch unternommen, um es Anbietern von Messengerdiensten weiter zu gestatten, dass sie unverschlüsselte private Kommunikation auf Missbrauchs… [+4135 chars]",,de,'Kinder'
https://www1.wdr.de/nrw/rheinland/bonn/steinmeier-steinkohle-haus-der-geschichte-100.html,https://www1.wdr.de/nrw/rheinland/bonn/steinmeier-steinkohle-haus-der-geschichte-100.html,0,www1.wdr.de,Bundespräsident Steinmeier übergibt Haus der Geschichte letzte Kohle,Bundespräsident Steinmeier hat dem Bonner Haus der Geschichte das letzte in Deutschland geförderte Stück Steinkohle übergeben. Der sieben Kilo schwere Brocken war 2018 in der Zeche Prosper-Haniel in Bottrop gefördert worden.,https://images.tagesschau.de/image/4aa27b21-d1a7-4b53-b7bc-3048bfba31e6/AAABn0eBpEo/AAABnSSvrFg/16x9-big/steinmeier-1446.jpg?width=1280,2026-07-09T15:24:55Z,,"Stand: 09.07.2026 17:24 Uhr
Bundespräsident Steinmeier hat dem Bonner Haus der Geschichte das letzte in Deutschland geförderte Stück Steinkohle übergeben. Der sieben Kilo schwere Brocken war 2018 in… [+3640 chars]",,de,'Kohle'
https://www.n-tv.de/politik/Berliner-CDU-beraet-bei-Krisentreffen-ueber-Wegner-id31068796.html,https://www.n-tv.de/politik/Berliner-CDU-beraet-bei-Krisentreffen-ueber-Wegner-id31068796.html,0,www.n-tv.de,Neuer Kandidat für Wahl?: Berliner CDU berät bei Krisentreffen über Wegner,Die Berliner CDU fällt in Umfragen wenige Monate vor der Abgeordnetenhauswahl weiter zurück. Spitzenkandidat und Regierungschef Wegner muss immer wieder Aussagen zu seinem Agieren beim Blackout korrigieren. Nun könnte die Partei die Reißleine ziehen.,https://www.n-tv.de/img/31068769/1783615098/Img_16_9/1200/Kai-Wegner-CDU-Regierender-Buergermeister-von-Berlin-kommt-zur-Plenarsitzung-im-Berliner-Abgeordnetenhaus.jpg,2026-07-09T15:34:38Z,,Eine weitere Amtszeit Wegners als Regierender Bürgermeister von Berlin ist angesichts der Umfragen unwahrscheinlich - nun könnten ihn die eigenen Leute angesichts zu vieler Pannen sogar ganz aus dem … [+2120 chars],,de,'Blackout'
https://www.bild.de/leben-wissen/haustiere/experten-warnen-darum-sollten-kinder-nie-mit-hunden-allein-sein-6a4f8e2bfe4170d03593b7a4,https://www.bild.de/leben-wissen/haustiere/experten-warnen-darum-sollten-kinder-nie-mit-hunden-allein-sein-6a4f8e2bfe4170d03593b7a4,0,www.bild.de,Das sagen Experten - Warum Kinder nie mit Hunden allein sein sollten,"Viele Beißvorfälle mit Hunden entstehen im Alltag. Experten erklären, welche Warnsignale Eltern kennen sollten und warum Aufsicht so wichtig ist.","https://images.bild.de/6a4f8e2bfe4170d03593b7a4/13b21cd13d0fb88ba382b03ccf765f75,6266d892?w=1280",2026-07-09T15:46:38Z,,TTS-Player überspringenArtikel weiterlesenDer Tod der vierjährigen Matilda aus Sachsen-Anhalt erschüttert derzeit ganz Deutschland. Das Mädchen wurde in der Wohnung seiner Familie von einem Pitbull t… [+3142 chars],,de,'Kinder'
"https://www.gamestar.de/artikel/bildschirmzeit-kinder-erwachsene-studie-smartphones,3456091.html","https://www.gamestar.de/artikel/bildschirmzeit-kinder-erwachsene-studie-smartphones,3456091.html",0,www.gamestar.de,Smartphones - Die Bildschirmzeit von Kindern wird seit Jahren diskutiert – eine neue Studie nimmt jetzt die Handy-Nutzung der Eltern in den Fokus,"Nicht nur die Bildschirmzeit der Kinder kann sich negativ auswirken, auch die der Eltern kann Folgen haben.",https://images.cgames.de/images/gamestar/293/eltern-smartphone-bild-jacob-lund-auf-adobe-stock_6428392.jpg,2026-07-09T15:52:00Z,,"Die Handynutzung der Eltern kann sich auch auf die Kinder auswirken. (Bild: Jacob Lund auf Adobe Stock)
In den vergangenen Jahren wurde verstärkt hinterfragt, welche negativen Auswirkungen eine häuf… [+2171 chars]",,de,'Kinder'
https://www.faz.net/aktuell/wirtschaft/unternehmen/squishy-dumplings-der-neue-spielzeug-trend-fuer-kinder-200955695.html,https://www.faz.net/aktuell/wirtschaft/unternehmen/squishy-dumplings-der-neue-spielzeug-trend-fuer-kinder-200955695.html,0,www.faz.net,Trend-Spielzeug: Der nächste Labubu,„Squishy Dumplings“ sorgen derzeit für leuchtende Augen bei Kindern und Jugendlichen. Warum junge Menschen jetzt verrückt nach den kleinen Kunststoffteigtaschen sind.,https://media0.faz.net/image/w1200h627/13b9026a70c0/w7008h3661x0y505o/202606/43601.0.2255962712/quetschen-und-sammeln.webp,2026-07-09T15:54:07Z,,"Es gibt Produkte, die keiner braucht und trotzdem jeder haben will. Im Spielzeugregal zeigt sich das ganz besonders: Plötzlich suchen Kinder überall nach kleinen Monstern mit spitzen Ohren, tauschen … [+4652 chars]",,de,'Kinder'
https://www.welt.de/videos/video6a4fcbf1fe4170d03593bec5/meine-welt-meine-meinung-es-waere-doch-undenkbar-im-winter-die-leute-bei-acht-grad-irgendwo-liegen-zu-haben.html,https://www.welt.de/videos/video6a4fcbf1fe4170d03593bec5/meine-welt-meine-meinung-es-waere-doch-undenkbar-im-winter-die-leute-bei-acht-grad-irgendwo-liegen-zu-haben.html,0,www.welt.de,"„Es wäre doch undenkbar, im Winter die Leute bei acht Grad irgendwo liegen zu haben“","In vielen Teilen Deutschlands kehrt in den kommenden Tagen die Hitze zurück. „Wir müssen flächendeckend Klimaanlagen in die Pflegeheime und Krankenhäuser bringen“, fordert „Bild“-Politikredakteur Sebastian Geisler.",https://images.welt.de/6a4fcbf1fe4170d03593bec5/2945de806ec5689d410347f60bece85a/ci16x9-w1200/geisler-png,2026-07-09T16:40:44Z,,"In vielen Teilen Deutschlands kehrt in den kommenden Tagen die Hitze zurück. Wir müssen flächendeckend Klimaanlagen in die Pflegeheime und Krankenhäuser bringen, fordert Bild-Politikredakteur Sebasti… [+70 chars]",,de,'Winter'
https://www.bild.de/regional/bayern/mordprozess-gegen-handwerker-er-toetete-seine-frau-vor-den-augen-der-kinder-6a4f94d1bb0cf80de56a3919,https://www.bild.de/regional/bayern/mordprozess-gegen-handwerker-er-toetete-seine-frau-vor-den-augen-der-kinder-6a4f94d1bb0cf80de56a3919,0,www.bild.de,Mordprozess gegen Handwerker - Er tötete seine Frau vor den Augen der Kinder,"Ein Sohn (13) versuchte noch verzweifelt, seine Mutter vor dem Vater zu retten.","https://images.bild.de/6a4f94d1bb0cf80de56a3919/7a40451b13e5a7f2e6f058d23f1372d0,98e5362f?w=1280",2026-07-09T16:50:07Z,,TTS-Player überspringenArtikel weiterlesenLandshut (Bayern) Um Mitternacht gellten verzweifelte Rufe eines Kindes (13) durch die Straßen im niederbayrischen Wallersdorf: Polizei! Poli­zei! Meine Mama… [+2720 chars],,de,'Blackout'
https://www.faz.net/aktuell/politik/inland/hitzetote-keine-lobby-fuer-alte-kranke-und-kinder-201014122.html,https://www.faz.net/aktuell/politik/inland/hitzetote-keine-lobby-fuer-alte-kranke-und-kinder-201014122.html,0,www.faz.net,"Viele Hitzetote: Zu wenig Schutz für Alte, Kranke, Kinder",Traurige Bilanz: In der Hitzewelle im Juni starben mehr als 5000 Menschen. Darauf muss Deutschland schnell und einschlägig reagieren.,https://media0.faz.net/image/w1200h627/5ba466ba5686/w8640h4514x432y1406o/202408/43601.0.533554906/wasserspielplatz-in-frankfurt.webp,2026-07-10T05:05:18Z,,"Am 10. Juni, genau eine Woche vor Beginn der jüngsten Hitzewelle in Deutschland, veröffentlichte die Bundesarbeitsgemeinschaft der Seniorenorganisationen BAGSO eine Pressemitteilung, in der sie dazu … [+1447 chars]",,de,'Kinder'
https://www.zeit.de/news/2026-07/10/kinder-sichern-unfallstelle-ab-und-weisen-feuerwehr-den-weg,https://www.zeit.de/news/2026-07/10/kinder-sichern-unfallstelle-ab-und-weisen-feuerwehr-den-weg,0,www.zeit.de,Verkehr: Kinder sichern Unfallstelle ab und weisen Feuerwehr den Weg,Hier finden Sie Informationen zu dem Thema „Verkehr“. Lesen Sie jetzt „Kinder sichern Unfallstelle ab und weisen Feuerwehr den Weg“.,https://img.zeit.de/news/2026-07/10/kinder-sichern-unfallstelle-ab-und-weisen-feuerwehr-den-weg-image-group/wide__1300x731,2026-07-10T05:23:20Z,,Zwei zwölfjährige Jungen haben nach einem Verkehrsunfall vorbildlich reagiert und die Unfallstelle abgesichert. Ein 74 Jahre alter Rollerfahrer war bei Furth im Wald (Landkreis Cham) von der Fahrbahn… [+1092 chars],,de,'Kinder'
https://www.golem.de/sonstiges/zustimmung/auswahl.html?from=https://www.golem.de/news/heizungsgesetz-gas-und-oelheizungen-werden-hinter-buerokratie-versteckt-2607-210736.html&referer=https://t.co/665d7961c6,https://www.golem.de/sonstiges/zustimmung/auswahl.html?from=https://www.golem.de/news/heizungsgesetz-gas-und-oelheizungen-werden-hinter-buerokratie-versteckt-2607-210736.html&referer=https://t.co/665d7961c6,0,www.golem.de,Heizungsgesetz: Gas- und Ölheizungen werden hinter Bürokratie versteckt,"Der Einbau neuer Gasheizungen wird wieder erlaubt, aber für Mieter wie Vermieter könnte es kompliziert werden. (Energiewende, Politik)",,2026-07-10T07:58:02Z,,"Besuchen Sie Golem.de wie gewohnt mit Werbung und Tracking,
 indem Sie der Nutzung aller Cookies zustimmen.
 Details zum Tracking finden Sie im Privacy Center.
Skript wurde nicht geladen. Informat… [+607 chars]",,de,'Gas'
https://www.iphone-ticker.de/kinderschutz-apple-verlangt-zusaetzliche-angaben-von-app-entwicklern-281234/,https://www.iphone-ticker.de/kinderschutz-apple-verlangt-zusaetzliche-angaben-von-app-entwicklern-281234/,0,www.iphone-ticker.de,Kinderschutz: Apple verlangt zusätzliche Angaben von App-Entwicklern,"Apple nimmt im Zusammenhang mit den für iOS 27, iPadOS 27 und macOS 27 angekündigten erweiterten Kinderschutzfunktionen auch die App-Entwickler stärker in die Pflicht. Diese müssen im Zusammenhang mit einer App-Veröffentlichung künftig konkreter darauf eingeh…",https://images.ifun.de/wp-content/uploads/2026/06/apple-kinder-feature.jpg,2026-07-10T09:59:54Z,,"Apple nimmt im Zusammenhang mit den für iOS 27, iPadOS 27 und macOS 27 angekündigten erweiterten Kinderschutzfunktionen auch die App-Entwickler stärker in die Pflicht. Diese müssen im Zusammenhang mi… [+1845 chars]",,de,'Kinder'
https://www.focus.de/panorama/welt/wissen-nicht-wer-die-rechtsnachfolger-waeren-stadt-sucht-nach-erben-um-flussufer-sicherer-zu-machen_1e60287f-393c-4b89-ac8d-c1932792b998.html,https://www.focus.de/panorama/welt/wissen-nicht-wer-die-rechtsnachfolger-waeren-stadt-sucht-nach-erben-um-flussufer-sicherer-zu-machen_1e60287f-393c-4b89-ac8d-c1932792b998.html,0,www.focus.de,"„Wissen nicht, wer die Rechtsnachfolger wären”: Stadt sucht nach Erben, um Flussufer sicherer zu machen",Die belgische Stadt Verviers möchte den Hochwasserschutz verbessern und muss dafür alle Grundstücke an einer Flusspromenade aufkaufen. Ein Grundstück bereitet allerdings Probleme.,"https://quadro.burda-forward.de/ctf/95c43342-80df-4999-9094-155bdac5eae3.418f15c0-1517-42b6-9d38-533514f8c02b.jpg?im=RegionOfInterestCrop=(1200,630),regionOfInterest=(969,991)&hash=b70b537434f04794096eba82dac63858f1048001f7d5a2f69510b387319163c8",2026-07-10T10:01:00Z,,"Seit der Flutkatastrophe im Juli 2021 verfolgt die belgische Stadt Verviers einen Plan. Sie will alle Gebäude an der Promenade des Récollets aufkaufen, abreißen und das Flussufer widerstandsfähiger g… [+2328 chars]",,de,'Hochwasser'
https://www.horizont.net/medien/nachrichten/milliardenstrafe-droht-eu-kommissioninstagram-und-facebook-bergen-zu-grosse-suchtrisiken-235042,https://www.horizont.net/medien/nachrichten/milliardenstrafe-droht-eu-kommissioninstagram-und-facebook-bergen-zu-grosse-suchtrisiken-235042,0,www.horizont.net,Milliardenstrafe droht: EU-Kommission: Instagram und Facebook bergen zu große Suchtrisiken,Wie gefährlich sind Instagram und Facebook für Kinder und Jugendliche? EU-Prüfer erheben nach zweijährigen Ermittlungen Vorwürfe gegen den Meta-Konzern. Dies könnte weitreichende Konsequenzen haben.,https://www.horizont.net/news/media/50/Faceboo-un-Instagra-stelle-ein-Gefah-f-Kinde-da-499265.jpeg,2026-07-10T10:14:00Z,,Wie gefährlich sind Instagram und Facebook für Kinder und Jugendliche? EU-Prüfer erheben nach zweijährigen Ermittlungen Vorwürfe gegen den Meta-Konzern. Dies könnte weitreichende Konsequenzen haben.,,,
https://www.bild.de/politik/wegen-suchtrisiken-fuer-jugendliche-eu-fordert-umbau-von-instagram-und-facebook-6a50c3da43b7fd5185004ee5,https://www.bild.de/politik/wegen-suchtrisiken-fuer-jugendliche-eu-fordert-umbau-von-instagram-und-facebook-6a50c3da43b7fd5185004ee5,0,www.bild.de,Wegen Suchtrisiken für Jugendliche - EU fordert Umbau von Instagram und Facebook,"EU prüft Suchtgefahr für Kinder bei Meta-Apps, dem Konzern drohen Milliardensanktionen.","https://images.bild.de/6a50c3da43b7fd5185004ee5/a7cdcc15cee1da0cbb57d8c5fa890220,b2a53445?w=1280",2026-07-10T10:27:03Z,,"TTS-Player überspringenArtikel weiterlesenBrüssel Endlos scrollen, automatisch startende Videos, ständige Benachrichtigungen: Genau diese Funktionen bringen Facebook und Instagram jetzt massiv unter … [+2008 chars]",,de,'Kinder'
https://www.nzz.ch/wirtschaft/die-eu-kommission-sieht-bei-instagram-und-facebook-eine-zu-grosse-suchtgefahr-reagiert-zuckerberg-nicht-droht-eine-hohe-strafe-ld.10014986,https://www.nzz.ch/wirtschaft/die-eu-kommission-sieht-bei-instagram-und-facebook-eine-zu-grosse-suchtgefahr-reagiert-zuckerberg-nicht-droht-eine-hohe-strafe-ld.10014986,0,www.nzz.ch,"Die EU-Kommission sieht bei Instagram und Facebook eine zu grosse Suchtgefahr – reagiert Zuckerberg nicht, droht eine hohe Strafe",Wie gefährlich sind Instagram und Facebook für Kinder und Jugendliche? EU-Prüfer erheben nach zweijährigen Ermittlungen Vorwürfe gegen den Meta-Konzern.,"https://img-msp-prod.nzz.ch/2026/02/02/4fd0581a-99cf-45cd-8378-23adcdd59d85.jpg?width=1200&height=674&fit=bounds&quality=75&auto=webp&crop=5000,2812,x0,y260&wmark=nzz",2026-07-10T10:34:38Z,,"Wie gefährlich sind Instagram und Facebook für Kinder und Jugendliche? EU-Prüfer erheben nach zweijährigen Ermittlungen Vorwürfe gegen den Meta-Konzern.
10.07.2026, 12.34 Uhr
Zusammenfassung
Wie g… [+3973 chars]",,de,'Kinder'
https://taz.de/Tagebuch-aus-der-Ukraine/!6192880/,https://taz.de/Tagebuch-aus-der-Ukraine/!6192880/,0,taz.de,Tagebuch aus der Ukraine: Eine Misswahl? Für Kinder? Im Krieg?,"In Ternopil gibt es Talentwettbewerbe, um Mädchen zur „Mini-Miss Ukraine“ zu küren. Doch die Kinder stellen dort auch soziale Projekte vor.",https://taz.de/picture/8586021/1200/imago329127081.jpeg,2026-07-10T10:51:00Z,,"In Ternopil gibt es Talentwettbewerbe, um Mädchen zur „Mini-Miss Ukraine“ zu küren. Doch die Kinder stellen dort auch soziale Projekte vor. mehr...",,de,'Kinder'
https://www.tagesspiegel.de/wirtschaft/meta-konzern-droht-milliardenstrafe-eu-sieht-bei-instagram-und-facebook-zu-hohe-suchtgefahr-15826955.html,https://www.tagesspiegel.de/wirtschaft/meta-konzern-droht-milliardenstrafe-eu-sieht-bei-instagram-und-facebook-zu-hohe-suchtgefahr-15826955.html,0,www.tagesspiegel.de,Meta-Konzern droht Milliardenstrafe: EU sieht bei Instagram und Facebook zu hohe Suchtgefahr,Wie gefährlich sind Instagram und Facebook für Kinder und Jugendliche? EU-Prüfer erheben nach zweijährigen Ermittlungen Vorwürfe gegen Meta. Das könnte weitreichende Konsequenzen haben.,https://www.tagesspiegel.de/images/15827013/alternates/BASE_16_9_W1400/1783680519000/social-media-altersgrenzen.jpeg,2026-07-10T10:54:27Z,,Instagram und Facebook bergen nach vorläufigen Ergebnissen einer EU-Untersuchung zu große Suchtgefahren für Kinder und Jugendliche. Die Europäische Kommission sieht Risiken unter anderem durch stark … [+5182 chars],,de,'Kinder'
https://www.welt.de/regionales/niedersachsen/article6a50a9585ee5db799e970c58/acht-verletzte-bei-unfall-in-brockzetel-mazda-fahrer-in-lebensgefahr.html,https://www.welt.de/regionales/niedersachsen/article6a50a9585ee5db799e970c58/acht-verletzte-bei-unfall-in-brockzetel-mazda-fahrer-in-lebensgefahr.html,0,www.welt.de,Acht Verletzte bei Unfall in Brockzetel: Mazda-Fahrer in Lebensgefahr,"In Brockzetel kollidierten zwei Autos an einer Kreuzung. Mehrere Erwachsene und Kinder wurden verletzt, ein Mann kam per Hubschrauber ins Krankenhaus.",https://images.welt.de/6a50a9585ee5db799e970c58/07d96d72baa6f83e9c6eef33d36f5bdd/ci16x9-w1200/dpa-com-260709-935-1468848-jpg,2026-07-10T10:56:24Z,,Dein News-Update für Aurich am 10. Juli 2026Bei einem Verkehrsunfall zwischen zwei Autos in Brockzetel sind acht Menschen verletzt worden einer davon schwebt in Lebensgefahr. Der Unfall habe sich ere… [+3847 chars],,de,'Kinder'
https://de.catholicnewsagency.com/news/25059/umwelt-bischof-lohmann-fordert-die-notwendigen-anpassungen-an-den-klimawandel,https://de.catholicnewsagency.com/news/25059/umwelt-bischof-lohmann-fordert-die-notwendigen-anpassungen-an-den-klimawandel,0,de.catholicnewsagency.com,Umwelt-Bischof Lohmann fordert „die notwendigen Anpassungen an den Klimawandel“,"Der Münsteraner Weihbischof Rolf Lohmann hat angesichts der zuletzt sehr hohen Temperaturen in weiten Teilen von Europa gefordert: „Wir müssen dringend die notwendigen Anpassungen an den Klimawandel vornehmen!“
„Besonders Kinder, Schwangere und ältere Mensche…",https://de.catholicnewsagency.com/image/bm46122_1763936851.jpg?w=1150&jpg,2026-07-10T11:00:00Z,,"Redaktion -
 Freitag, 10. Juli 2026, 13:00 Uhr.
Der Münsteraner Weihbischof Rolf Lohmann hat angesichts der zuletzt sehr hohen Temperaturen in weiten Teilen von Europa gefordert: Wir müssen dringen… [+1494 chars]",,de,'Kinder'
https://www.welt.de/politik/ausland/article6a50c5b8c13a557858aa0ad2/soziale-medien-instagram-und-facebook-machen-kinder-laut-bericht-suechtig-eu-fordert-konsequenzen.html,https://www.welt.de/politik/ausland/article6a50c5b8c13a557858aa0ad2/soziale-medien-instagram-und-facebook-machen-kinder-laut-bericht-suechtig-eu-fordert-konsequenzen.html,0,www.welt.de,Instagram und Facebook machen Kinder laut Bericht süchtig – EU fordert Konsequenzen,Facebook und Instagram könnten Kinder und Jugendliche zu leicht abhängig machen – zu diesem Schluss kommt ein EU-Bericht. Der Konzern Meta muss nun reagieren. Der Bericht könnte die Debatte um Verbote weiter anheizen.,https://images.welt.de/6a50c5b8c13a557858aa0ad2/171bf52d4aead59f7352d114647cf003/ci16x9-w1200/dpa-com-260707-935-1463751-jpg,2026-07-10T11:01:58Z,,Facebook und Instagram könnten Kinder und Jugendliche zu leicht abhängig machen zu diesem Schluss kommt ein EU-Bericht. Der Konzern Meta muss nun reagieren. Der Bericht könnte die Debatte um Verbote … [+4883 chars],,de,'Kinder'
https://taz.de/Kunst-gegen-Kaelte/!6191101/,https://taz.de/Kunst-gegen-Kaelte/!6191101/,0,taz.de,Kunst gegen Kälte: Wo Schlingensief die Suppe gereicht hat,"Ein paar Stunden im Warmen, dazu ein schräges Konzert: In Hamburg wurde mit einem Buch an die „Mission“ erinnert und ihre ganz eigene Straßensozialarbeit.",https://taz.de/picture/8601788/1200/9042808.jpeg,2026-07-10T11:10:00Z,,"Ein paar Stunden im Warmen, dazu ein schräges Konzert: In Hamburg wurde mit einem Buch an die „Mission“ erinnert und ihre ganz eigene Straßensozialarbeit. mehr...",,de,'Kälte'
https://www.welt.de/wirtschaft/article6a50e0684c65dbb4ac8fd5cd/bundestag-beschliesst-neues-heizungsgesetz-was-sich-jetzt-aendert.html,https://www.welt.de/wirtschaft/article6a50e0684c65dbb4ac8fd5cd/bundestag-beschliesst-neues-heizungsgesetz-was-sich-jetzt-aendert.html,0,www.welt.de,Bundestag beschließt neues Heizungsgesetz – was sich jetzt ändert,"Der Bundestag stimmt für die Rücknahme der strengen Heizungsregeln der Ampel-Regierung. Die 65-Prozent-Vorgabe für erneuerbare Energien fällt, neue Gas- und Ölheizungen bleiben erlaubt. Geplant ist eine „Bio-Treppe“.",https://images.welt.de/6a50e0684c65dbb4ac8fd5cd/807f5e04cab8ca306a9c87c9d251bf5e-master/ci16x9-w1200/dpa-com-260710-935-1470270-jpg,2026-07-10T12:07:53Z,,"Der Bundestag stimmt für die Rücknahme der strengen Heizungsregeln der Ampel-Regierung. Die 65-Prozent-Vorgabe für erneuerbare Energien fällt, neue Gas- und Ölheizungen bleiben erlaubt. Geplant ist e… [+5772 chars]",,de,'Heizkosten'
https://www.bild.de/video/6a50f0df1aef3ee586480854,https://www.bild.de/video/6a50f0df1aef3ee586480854,0,www.bild.de,Nach Blackout-Lüge - Kai Wegner: Der Rückzug im Video,Politischer Paukenschlag in Berlin: Kai Wegner zieht seine Spitzenkandidatur für die Wahl zum Berliner Abgeordnetenhaus zurück.,"https://images.bild.de/6a50f0df1aef3ee586480854/182da540e6b9c6cab7a6ad37846ce55c,4649b48f?w=1280",2026-07-10T13:45:48Z,,"+++Finanzsenator Stefan Evers (46) soll Nachfolger von Berlins Bürgermeister Kai Wegner werden
+++Finanzsenator Stefan Evers (46) soll Nachfolger von Berlins Bürgermeister Kai Wegner werden
+++Fina… [+758 chars]",,de,'Blackout'
https://www.zeit.de/news/2026-07/10/wilke-prozess-experten-berichten-von-schimmel-und-faeulnis,https://www.zeit.de/news/2026-07/10/wilke-prozess-experten-berichten-von-schimmel-und-faeulnis,0,www.zeit.de,Tod durch Lebensmittelkeime?: Wilke-Prozess: Experten berichten von Schimmel und Fäulnis,Hier finden Sie Informationen zu dem Thema „Tod durch Lebensmittelkeime?“. Lesen Sie jetzt „Wilke-Prozess: Experten berichten von Schimmel und Fäulnis“.,https://img.zeit.de/news/2026-07/10/wilke-prozess-experten-berichten-von-schimmel-und-faeulnis-image-group/wide__1300x731,2026-07-10T13:57:33Z,,"«Die Listerien musste man nicht mit der Lupe suchen, die haben einen angesprungen.» Mit diesen Worten hat Tobias Lackner, Mitglied der Task-Force Lebensmittelsicherheit des Regierungspräsidiums Darms… [+4985 chars]",,de,'Schimmel'
https://www.diepresse.com/36642705/tennis-affaere-berliner-buergermeister-zieht-kandidatur-zurueck,https://www.diepresse.com/36642705/tennis-affaere-berliner-buergermeister-zieht-kandidatur-zurueck,0,www.diepresse.com,„Tennis-Affäre“: Berliner Bürgermeister zieht Kandidatur zurück,Kai Wegner stand nach dem großen Stromausfall im Winter heftig in der Kritik. Jüngst nahm die Debatte darüber wieder Fahrt auf.,https://img.diepresse.com/public/incoming/454o1a-germany-politicsberlin/alternates/WEBP_WIDE_1200/GERMANY-POLITICSBERLIN,2026-07-10T14:18:21Z,,"Die Presse auf Google als bevorzugte Nachrichtenquelle hinzufügen.
 Der Berliner Bürgermeister Kai Wegner gibt nach dpa-Informationen seine Spitzenkandidatur für die CDU zur Abgeordnetenhauswahl im … [+2019 chars]",,de,'Winter'
https://www.diepresse.com/36657858/aus-nach-blackout-berliner-buergermeister-gibt-auf,https://www.diepresse.com/36657858/aus-nach-blackout-berliner-buergermeister-gibt-auf,0,www.diepresse.com,Aus nach Blackout: Berliner Bürgermeister gibt auf [premium],Krisenmanagement bei Stromausfall kostet Kai Wegner das Amt.,https://img.diepresse.com/public/incoming/wbcqp-germany-politicsberlin/alternates/WEBP_WIDE_1200/GERMANY-POLITICSBERLIN,2026-07-10T14:52:03Z,,"Wien/Berlin. Ein Absturz in den Umfragewerten, neue Enthüllungen über sein Krisenmanagement, ein bevorstehender parteiinterner Putsch, Personalquerelen: Ein halbes Jahr nach dem peinlichen Stromausfa… [+2663 chars]",,de,'Blackout'
https://www.faz.net/aktuell/rhein-main/region-und-hessen/wilke-skandal-zeugen-berichten-von-schimmel-und-faeulnis-in-wurstfabrik-201019115.html,https://www.faz.net/aktuell/rhein-main/region-und-hessen/wilke-skandal-zeugen-berichten-von-schimmel-und-faeulnis-in-wurstfabrik-201019115.html,0,www.faz.net,Prozess um Wilke-Wurst: Zeugen berichten von Schimmel und Fäulnis in Wurstfabrik,"Im Prozess um den Wilke-Wurst-Skandal berichten Kontrolleure von erschreckenden hygienischen Zuständen. In den Produktionsräumen stießen sie auf Schimmel, Mäusekot und Fäulnisgeruch.",https://media0.faz.net/image/w1200h627/da1869040da3/w6144h3210x0y743o/202607/43601.0.2322155185/angeklagt-im-prozess-um-den.webp,2026-07-10T15:29:23Z,,"Die Listerien musste man nicht mit der Lupe suchen, die haben einen angesprungen. Mit diesen Worten hat Tobias Lackner, Mitglied der Task-Force Lebensmittelsicherheit des Regierungspräsidiums Darmsta… [+4826 chars]",,de,'Schimmel'
https://www.tagesschau.de/wirtschaft/verbraucher/heizen-gebaeudemodernisierungsgesetz-foerderung-100.html,https://www.tagesschau.de/wirtschaft/verbraucher/heizen-gebaeudemodernisierungsgesetz-foerderung-100.html,0,www.tagesschau.de,Neue Regeln für Wärmepumpe und Gas: Was sich beim Heizen ändert,Der Einbau einer Erdgas-Heizung in Neubauten ist künftig wieder möglich - wobei Experten vor den Kosten warnen. Und der Staat zahlt weniger Förderung für den Umstieg auf Wärmepumpen. Ein Überblick.,https://images.tagesschau.de/image/2cdfe5bc-c7ce-4c52-9335-c89282c12c74/AAABn0tnEMw/AAABnSSvrFg/16x9-big/waermepumpe-254.jpg?width=1280,2026-07-10T16:53:16Z,,"Stand: 10.07.2026 18:53 Uhr
Der Einbau einer Erdgas-Heizung in Neubauten ist künftig wieder möglich - wobei Experten vor den Kosten warnen. Und der Staat zahlt weniger Förderung für den Umstieg auf … [+7567 chars]",,de,'Gas'
https://www.zeit.de/politik/ausland/2026-07/stromausfall-kuba-blackout-energiekrise-usa,https://www.zeit.de/politik/ausland/2026-07/stromausfall-kuba-blackout-energiekrise-usa,0,www.zeit.de,Stromausfall in Kuba: Kuba meldet zweiten Blackout innerhalb einer Woche,Zum zweiten Mal innerhalb von nur vier Tagen ist das Stromnetz in Kuba zusammengebrochen. Das US-Ölembargo und die zunehmend marode Infrastruktur verschärfen die Lage.,https://img.zeit.de/politik/ausland/2026-07/stromausfall-kuba-blackout-energiekrise-usa-foto-1/wide__1300x731,2026-07-10T22:39:06Z,,"Auf der Karibikinsel Kuba ist es erneut zu einem inselweiten Blackout gekommen. Wie das Energieministerium mitteilte, wurden die Notfallprotokolle zur Wiederherstellung der Stromversorgung aktiviert.… [+1549 chars]",,de,'Blackout'
https://www.faz.net/aktuell/politik/ausland/kuba-zweiter-landesweiter-blackout-in-nur-einer-woche-accg-201019902.html,https://www.faz.net/aktuell/politik/ausland/kuba-zweiter-landesweiter-blackout-in-nur-einer-woche-accg-201019902.html,0,www.faz.net,Blackout: Zweiter Stromausfall in einer Woche legt Kuba lahm,Kuba kämpft seit Jahren mit einer schweren Energiekrise. Das US-Ölembargo und die zunehmend marode Infrastruktur verschärfen die Lage.,https://media0.faz.net/image/w1200h627/86858957648a/w6144h3210x0y443o/202607/43601.0.2308160263/havanna-menschen-sitzen.webp,2026-07-11T00:22:38Z,,"Zum zweiten Mal innerhalb von nur vier Tagen ist es auf Kuba zu einem erneuten inselweiten Blackout gekommen. Wie das Energieministerium mitteilte, wurden die Notfallprotokolle zur Wiederherstellung … [+1133 chars]",,de,'Blackout'
https://www.sueddeutsche.de/panorama/kuba-stromausfall-energiekrise-us-sanktionen-li.3514192,https://www.sueddeutsche.de/panorama/kuba-stromausfall-energiekrise-us-sanktionen-li.3514192,0,www.sueddeutsche.de,Karibikstaat: Zweiter Blackout auf Kuba in einer Woche,Seit Jahren kämpft Kuba  mit einer schweren Energiekrise. Das Ölembargo der Trump-Regierung und die zunehmend marode Infrastruktur verschärfen die Lage.,https://www.sueddeutsche.de/2026/07/07/67ad9e48-f688-4ce8-ba60-0abd23e02285.jpg?q=60&fm=webp&width=1200&rect=0%2C107%2C2048%2C1152,2026-07-11T02:35:03Z,,"Der Zusammenbruch ereignete sich inmitten einer kritischen Energiekrise, unter der das Land bereits schwer zu leiden hat, schrieb Granma, die offizielle Zeitung der Kommunistischen Partei Kubas, auf … [+736 chars]",,de,'Blackout'
https://www.zeit.de/news/2026-07/11/fuer-schauspieler-dumitru-sind-spielplaetze-endgegner,https://www.zeit.de/news/2026-07/11/fuer-schauspieler-dumitru-sind-spielplaetze-endgegner,0,www.zeit.de,Kinder: Für Schauspieler Dumitru sind Spielplätze «Endgegner»,Hier finden Sie Informationen zu dem Thema „Kinder“. Lesen Sie jetzt „Für Schauspieler Dumitru sind Spielplätze «Endgegner»“.,https://img.zeit.de/news/2026-07/11/fuer-schauspieler-dumitru-sind-spielplaetze-endgegner-image-group/wide__1300x731,2026-07-11T04:05:04Z,,"Schauspieler Marc Dumitru («Alles was zählt») ringt als Vater auf Spielplätzen oft mit sich selbst. «Für mich sind Spielplätze zum Endgegner geworden», sagte der 40 Jahre alte Vater eines Sohnes im G… [+1419 chars]",,de,'Kinder'
https://www.zeit.de/familie/2026-07/sommerferien-urlaub-reise-finanzielle-schwierigkeiten-familie,https://www.zeit.de/familie/2026-07/sommerferien-urlaub-reise-finanzielle-schwierigkeiten-familie,0,www.zeit.de,Sommerferien ohne Urlaub: Die Kinder lieben unseren Nicht-Urlaub,"Jeder Fünfte in Deutschland hat kein Geld, um mit den Kindern in die Ferien zu fahren. So wie unser Autor. Dafür weiß er, wie man unvergesslichen Urlaub zu Hause macht.",https://img.zeit.de/familie/2026-07/sommerferien-urlaub-reise-finanzielle-schwierigkeiten-familie-bild/wide__1300x731,2026-07-11T07:18:10Z,,"Dieser Artikel ist Teil von ZEIT am Wochenende, Ausgabe 28/2026. 
Direkt gegenüber meiner
Wohnung ist ein TUI-Reisebüro. Wenn ich meinen Sohn zur Schule begleite, kommen
wir daran vorbei. »Da würd… [+367 chars]",,de,'Kinder'
https://www.diepresse.com/36688363/zweiter-inselweiter-blackout-auf-kuba-in-einer-woche,https://www.diepresse.com/36688363/zweiter-inselweiter-blackout-auf-kuba-in-einer-woche,0,www.diepresse.com,Zweiter inselweiter Blackout auf Kuba in einer Woche,Aufgrund der maroden Infrastruktur und eines von den USA seit Monaten verhängten Ölembargos leidet die sozialistische Karibikinsel unter einer schweren Energiekrise.,https://img.diepresse.com/public/incoming/lqwwti-cuba-us-sanctions-energy/alternates/WEBP_WIDE_1200/CUBA-US-SANCTIONS-ENERGY,2026-07-11T08:33:25Z,,"Die Presse auf Google als bevorzugte Nachrichtenquelle hinzufügen.
 Zum zweiten Mal innerhalb von nur vier Tagen ist es auf Kuba zu einem inselweiten Blackout gekommen. Wie das Energieministerium mi… [+1203 chars]",,de,'Blackout'
https://orf.at/stories/3435919/,https://orf.at/stories/3435919/,0,orf.at,Zweiter inselweiter Blackout auf Kuba in einer Woche,,https://orf.at/mojo/1_4_1/storyserver//news/common/images/og-fallback-news.png,2026-07-11T09:25:20Z,,"Zum zweiten Mal innerhalb von nur vier Tagen ist es heute auf Kuba zu einem inselweiten Blackout gekommen. Wie das Energieministerium mitteilte, wurden die Notfallprotokolle zur Wiederherstellung der… [+633 chars]",,de,'Blackout'
https://stadt-bremerhaven.de/eu-studie-social-media-drueckt-bei-jugendlichen-auf-die-stimmung/,https://stadt-bremerhaven.de/eu-studie-social-media-drueckt-bei-jugendlichen-auf-die-stimmung/,0,stadt-bremerhaven.de,EU-Studie: Social Media drückt bei Jugendlichen auf die Stimmung,"In Brüssel kam die Sondergruppe für Kindersicherheit im Internet neulich zusammen. Die Experten bereiten nun einen Bericht für EU-Präsidentin Ursula von der Leyen vor, der Mitte Juli übergeben wird. Ziel ist eine Verschärfung der Regeln, um Minderjährige im N…",https://stadt-bremerhaven.de/wp-content/uploads/2025/07/Social-Media-Kid.jpg,2026-07-11T13:30:22Z,,"In Brüssel kam die Sondergruppe für Kindersicherheit im Internet neulich zusammen. Die Experten bereiten nun einen Bericht für EU-Präsidentin Ursula von der Leyen vor, der Mitte Juli übergeben wird.… [+2106 chars]",,de,'Kinder'
https://www.zeit.de/news/2026-07/11/hsv-spass-fuer-kinder-statt-hartes-training,https://www.zeit.de/news/2026-07/11/hsv-spass-fuer-kinder-statt-hartes-training,0,www.zeit.de,Fußball-Bundesliga: HSV: Spaß für Kinder statt hartes Training,Hier finden Sie Informationen zu dem Thema „Fußball-Bundesliga“. Lesen Sie jetzt „HSV: Spaß für Kinder statt hartes Training“.,https://img.zeit.de/news/2026-07/11/hsv-spass-fuer-kinder-statt-hartes-training-image-group/wide__1300x731,2026-07-11T14:20:12Z,,Das erste Trainingslager des Hamburger SV in der Vorbereitung auf die neue Saison in der Fußball-Bundesliga endete ungewöhnlich. Statt eine letzte Übungseinheit vor der Abreise aus dem dänischen Hels… [+1272 chars],,de,'Kinder'
https://www.derstandard.at/story/3000000331081/zweiter-inselweiter-blackout-auf-kuba-in-einer-woche,https://www.derstandard.at/story/3000000331081/zweiter-inselweiter-blackout-auf-kuba-in-einer-woche,0,www.derstandard.at,Zweiter inselweiter Blackout auf Kuba in einer Woche,Die Karibikinsel leidet unter einer schweren Energiekrise aufgrund maroder Infrastruktur und eines von den USA seit Monaten verhängten Ölembargos,https://i.ds.at/UElQdQ/rs:fill:1200:600/plain/lido-images/2026/07/11/b73bda7a-336b-4314-b680-793bf74d8598.jpg,2026-07-11T14:29:20Z,,"Sie entscheiden darüber, wie Sie unsere Inhalte nutzen wollen. Ihr Gerät erlaubt uns derzeit leider nicht, die entsprechenden Optionen anzuzeigen.
Bitte deaktivieren Sie sämtliche Hard- und Software… [+180 chars]",,de,'Blackout'
https://www.focus.de/politik/deutschland/berlin-ist-wie-wegner-zum-davonlaufen_53b50264-d773-480f-b46d-13c6251da38b.html,https://www.focus.de/politik/deutschland/berlin-ist-wie-wegner-zum-davonlaufen_53b50264-d773-480f-b46d-13c6251da38b.html,0,www.focus.de,Berlin ist wie Wegner – zum Davonlaufen,"Kai Wegner zog wenige Wochen vor der Berlin-Wahl die Reißleine. Im Podcast erklärt Jan Fleischhauer, warum die Blackout-Affäre nachwirkt.","https://quadro.burda-forward.de/ctf/b40514ef-a5fe-42c9-8dc1-db2dc4128b86.83fdc493-7805-41fe-9523-306a9a348eba.jpeg?im=RegionOfInterestCrop=(1200,630),regionOfInterest=(320,180)&hash=478d2259633da5b9e6d4d836f8a4be87c4f9fb4168d975c4fa9b42290a5587af",2026-07-11T14:34:00Z,,Kai Wegner ist der Berliner Blackout doch noch zum Verhängnis geworden. Die Widersprüche zu seinem Krisenmanagement haben den Regierenden Bürgermeister letztendlich die Spitzenkandidatur der Berliner… [+1100 chars],,de,'Blackout'
https://www.tagesschau.de/ausland/asien/bevoelkerung-indien-weniger-geburten-100.html,https://www.tagesschau.de/ausland/asien/bevoelkerung-indien-weniger-geburten-100.html,0,www.tagesschau.de,Indien: Im Land der sinkenden Geburtenrate,"Viele Kinder zu haben war lange Zeit weit verbreitet in Indien, dem bevölkerungsreichsten Land der Welt. Doch die Geburtenrate geht deutlich zurück. Woran liegt das? Und was bedeutet das für das aufstrebende Land? Von Helene Buchholz.",https://images.tagesschau.de/image/415ebbdc-f657-4422-9d2c-c07121eab171/AAABn1HK4hA/AAABnSSvrFg/16x9-big/kinder-indien-104.jpg?width=1280,2026-07-11T15:27:58Z,,"Stand: 11.07.2026 17:27 Uhr
Viele Kinder zu haben war lange Zeit weit verbreitet in Indien, dem bevölkerungsreichsten Land der Welt. Doch die Geburtenrate geht deutlich zurück. Woran liegt das? Und … [+4547 chars]",,de,'Kinder'
https://www.focus.de/finanzen/karriere/fuehle-mich-verjuengt-hauptverdienerin-und-mutter-nicole-kuendigt-mit-53-nach-15-jahren-job_a8dda639-6984-484c-aba4-7428c33425f5.html,https://www.focus.de/finanzen/karriere/fuehle-mich-verjuengt-hauptverdienerin-und-mutter-nicole-kuendigt-mit-53-nach-15-jahren-job_a8dda639-6984-484c-aba4-7428c33425f5.html,0,www.focus.de,„Fühle mich verjüngt”: Hauptverdienerin und Mutter Nicole kündigt mit 53 nach 15 Jahren Job,"Nicole aus New Jersey ist über 50, hat zwei Kinder und ist Alleinverdienerin. Trotzdem kündigt sie nach 15 Jahren ihren Job und startet neu.","https://quadro.burda-forward.de/ctf/c6b39431-2e81-4732-a014-d971629124c9.c067de90-9336-4f5e-b33d-d8d9c410dfe3.jpg?im=RegionOfInterestCrop=(1200,630),regionOfInterest=(960,820)&hash=e678198eb5f481a07ac5bb7b3ec20da8f8bedf6e6f3e8d2d4b191dbff0e3791c",2026-07-11T16:00:00Z,,"Nicole aus New Jersey erkannte mit Anfang 50, dass ihr Job immer mehr zur Belastung wurde. Ich musste aufhören, auf Autopilot zu leben, und wirklich anfangen zu leben. Nach fast 15 Jahren im Unterneh… [+2682 chars]",,de,'Kinder'
https://www.bild.de/unterhaltung/musik/gitte-hnning-spricht-in-mayway-klartext-ich-mochte-es-nicht-beruehmt-zu-sein-6a46677117e758bbd23e1218,https://www.bild.de/unterhaltung/musik/gitte-hnning-spricht-in-mayway-klartext-ich-mochte-es-nicht-beruehmt-zu-sein-6a46677117e758bbd23e1218,0,www.bild.de,"Gitte Hænning spricht in „MayWay“ Klartext - „Ich mochte es nicht, berühmt zu sein“",Schlagerlegende Gitte Hænning ist beim BILD-Podcast „MayWay“ zu Gast bei BILD-Vize Tanja May.,"https://images.bild.de/6a46677117e758bbd23e1218/dcd154f732ee22d01eb74aff507e7d2e,db65a4f0?w=1280",2026-07-11T16:00:08Z,,"TTS-Player überspringenArtikel weiterlesenBerlin Als ihre Mutter im Sterben lag, bat sie nur um eines: Heute musst du bei mir bleiben. Gitte Hænning (80) konnte nicht. Sie musste auf die Bühne, Shake… [+7183 chars]",,de,'Gas'
https://ooe.orf.at/stories/3361499/,https://ooe.orf.at/stories/3361499/,0,ooe.orf.at,Sommerferien: Wie viel Pause brauchen Kinder?,"Neun Wochen Sommerferien – für Kinder die schönste Zeit des Jahres, für viele Eltern aber auch eine organisatorische Herausforderung. Genau deshalb wird aktuell wieder über die Länge der Ferien diskutiert. Wie wichtig Lernpausen tatsächlich sind, darüber spri…",https://ibs.orf.at/ooe?image=https%3A%2F%2Foekastatic.orf.at%2Fmims%2F2026%2F28%2F99%2Fcrops%2Fw%3D1200%2Ch%3D627%2Cq%3D75%2F3104941_master_1202599_auf_ein_wort_00_03_54_01.jpg%3Fs%3De222c59b58c34343590e6251c20da264f8d97c33,2026-07-11T17:01:00Z,,"Kaum haben die Sommerferien begonnen, wird bereits wieder über ihre Länge diskutiert. Immer wieder ist die Forderung, die Sommerferien von neun auf sechs Wochen zu verkürzen und die schulfreien Tage … [+1811 chars]",,de,'Kinder'
https://www.faz.net/aktuell/gesellschaft/ungluecke/usa-hunderte-menschen-nach-sturzfluten-in-missouri-gerettet-201021050.html,https://www.faz.net/aktuell/gesellschaft/ungluecke/usa-hunderte-menschen-nach-sturzfluten-in-missouri-gerettet-201021050.html,0,www.faz.net,Unwetter in den USA: In Missouri müssen hunderte Menschen nach Sturzfluten gerettet werden,Sintflutartige Regenfälle haben im US-Bundesstatt Missouri für heftige Überflutungen gesorgt. Einsatzkräfte retten Kinder aus einem Sommercamp. Es drohen weitere Unwetter.,https://media0.faz.net/image/w1200h627/7abba57f0a41/w2439h1274x0y176o/202607/43601.0.2325353039/die-amerikanische-stadt.webp,2026-07-11T18:45:42Z,,"Nach heftigen Regenfällen und Sturzfluten im US-Bundesstaat Missouri haben Einsatzkräfte Hunderte Menschen aus den Fluten gerettet. Besonders betroffen war der Südosten des Bundesstaats, wo US-Medien… [+1341 chars]",,de,'Kinder'
https://www.zeit.de/news/2026-07/12/wissenschaftliche-studie-zu-deutschkursen-fuer-kinder-geplant,https://www.zeit.de/news/2026-07/12/wissenschaftliche-studie-zu-deutschkursen-fuer-kinder-geplant,0,www.zeit.de,Sprachförderung: Wissenschaftliche Studie zu Deutschkursen für Kinder geplant,Hier finden Sie Informationen zu dem Thema „Sprachförderung“. Lesen Sie jetzt „Wissenschaftliche Studie zu Deutschkursen für Kinder geplant“.,https://img.zeit.de/news/2026-07/12/wissenschaftliche-studie-zu-deutschkursen-fuer-kinder-geplant-image-group/wide__1300x731,2026-07-12T01:00:08Z,,Laut Experten sind die hessischen Vorlaufkurse für angehende Schulkinder mit schlechtem Deutsch eine gute Sache - diese Einschätzung soll nun wissenschaftlich überprüft werden. «Wir arbeiten in Heide… [+946 chars],,de,'Kinder'
https://www.n-tv.de/politik/Merkels-Wirtschaftsberater-erklaert-die-Energiepolitik-der-Altkanzlerin-id31067552.html,https://www.n-tv.de/politik/Merkels-Wirtschaftsberater-erklaert-die-Energiepolitik-der-Altkanzlerin-id31067552.html,0,www.n-tv.de,"""Russisches Gas war Strategie"": Merkels Wirtschaftsberater erklärt die Energiepolitik der Altkanzlerin","Als Wladimir Putin 2022 die Ukraine angreift, wird deutlich: Die deutsche Energieversorgung ist von einem Kriegsverbrecher abhängig. Wie konnte es so weit kommen? Im Interview legt der langjährige wirtschaftspolitische Berater von Altkanzlerin Merkel seine Si…",https://www.n-tv.de/img/31068359/1783611253/Img_16_9/1200/ARCHIV-Bundeskanzlerin-Angela-Merkel-CDU-steht-am-25-11-2015-in-Berlin-im-Bundeskanzleramt-zusammen-mit-ihrem-wirtschaftspolitischen-Berater-Lars-Hendrik-Roeller-r-Foto-Kay-Nietfeld-dpa-ACHTUNG-Die-Aufnahnme-wurde-durch-eine-Glasscheibe-gemacht-zu-dpa-Merkels-Sherpa-oder-Gipfelkunst-namens-Roeller-vom-25-05.jpg,2026-07-12T05:08:34Z,,"Wo die Kanzlerin war, war auch Lars-Hendrik Röller nicht weit entfernt: Der Ökonom war von 2011 bis 2021 wirtschaftspolitischer Berater von Angela Merkel und Leiter der Wirtschafts- und Finanzabteilu… [+8308 chars]",,de,'Gas'
https://www.n-tv.de/wissen/Wie-Sommerhitze-im-Winter-zum-Heizen-genutzt-werden-kann-id31061159.html,https://www.n-tv.de/wissen/Wie-Sommerhitze-im-Winter-zum-Heizen-genutzt-werden-kann-id31061159.html,0,www.n-tv.de,Künstlicher See als Speicher: Wie Sommerhitze im Winter zum Heizen genutzt werden kann,"Warum nicht Wärme im Sommer speichern und dann im Winter zum Heizen nutzen? Seespeicher sollen genau das machen, die ersten entstehen bereits in Deutschland. Die Abhängigkeit von fossilen Energien wird verringert. Doch das hat seinen Preis.",https://www.n-tv.de/img/31061396/1783507164/Img_16_9/1200/Riff-Erdbeckenspeicher-Solarwärme Bracht.jpg,2026-07-12T07:57:16Z,,"Der Erdbeckenspeicher im mittelhessischen Bracht misst 90 mal 90 Meter. (Foto: Solarwärme Bracht)
Warum nicht Wärme im Sommer speichern und dann im Winter zum Heizen nutzen? Seespeicher sollen genau… [+5531 chars]",,de,'Winter'
https://www.kino.de/news/ich-kann-nicht-auf-den-film-warten-neuer-monster-blockbuster-begeistert-schon-mit-teaser-trailer--01KX6B94CMVYAWWERY89NJAQF7,https://www.kino.de/news/ich-kann-nicht-auf-den-film-warten-neuer-monster-blockbuster-begeistert-schon-mit-teaser-trailer--01KX6B94CMVYAWWERY89NJAQF7,0,www.kino.de,„Ich kann nicht auf den Film warten“: Neuer Monster-Blockbuster begeistert schon mit Teaser-Trailer,Das neue Kapitel des legendären Filmmonsters erscheint im Winter 2026 im Kino.,https://static.kino.de/92/70/fb/4cf8080b5affc74b25b88da106_ZmMgN2ZiYjY5YjhmZmZmIDE5MjAgMTA4MAM5MDQ4MGFjYmJkMA==.png,2026-07-12T08:00:00Z,,"Dieser Monster-Film hat das Potenzial, ein Mega-Hit zu werden.
Godzilla Minus One entwickelte sich 2023 zu einem der größten Kino-Überraschungserfolge des Jahres. Mit einem vergleichsweise geringen … [+2255 chars]",,de,'Winter'
https://www.bild.de/sport/fussball/vfb-stuttgart-poker-um-pejcinovic-vfb-will-knipser-wolfsburg-25-millionen-6a5351c66e9b713b4352e65a,https://www.bild.de/sport/fussball/vfb-stuttgart-poker-um-pejcinovic-vfb-will-knipser-wolfsburg-25-millionen-6a5351c66e9b713b4352e65a,0,www.bild.de,Poker um Pejčinović - VfB will Knipser – Wolfsburg 25 Millionen,Auf der Suche nach einer Alternative für den Angriff baggert der VfB weiter an VfL-Knipser Dženan Pejčinović (21). Das Problem: Wolfsburg will zu viel Kohle.,"https://images.bild.de/6a5351c66e9b713b4352e65a/9791ad85aa09c06fe1949fb9ed137f5c,40001317?w=1280",2026-07-12T09:33:11Z,,TTS-Player überspringenArtikel weiterlesenStuttgart - Auf der Suche nach einer Top-Alternative für den Angriff baggert der VfB weiter an VfL-Knipser Denan Pejinovi (21). Das Problem: Wolfsburg will z… [+1760 chars],,de,'Kohle'
https://www.bild.de/sport/fussball/dynamo-dresden-kohle-schock-stadt-will-keinen-cent-mehr-investieren-6a50a5b15ee5db799e970c21,https://www.bild.de/sport/fussball/dynamo-dresden-kohle-schock-stadt-will-keinen-cent-mehr-investieren-6a50a5b15ee5db799e970c21,0,www.bild.de,Bundesliga-Traum aufgegeben? - Kohle-Schock bei Dynamo Dresden,"Alle Jahre wieder streitet Dresden um den Betriebskostenzuschuss fürs Rudolf-Harbig-Stadion, doch diesmal wird's besonders hitzig!","https://images.bild.de/6a50a5b15ee5db799e970c21/6c0118b9d931c784a90e08e14fc68dfc,75843e59?w=1280",2026-07-12T12:57:38Z,,"TTS-Player überspringenArtikel weiterlesenAlle Jahre wieder streitet Dresden um den Betriebskostenzuschuss fürs Rudolf-Harbig-Stadion, doch diesmal wird's besonders hitzig! Mit dem Geld für die Stadi… [+2751 chars]",,de,'Kohle'
https://www.zeit.de/news/2026-07/12/kinder-finden-beim-spielen-granaten-aus-dem-ersten-weltkrieg,https://www.zeit.de/news/2026-07/12/kinder-finden-beim-spielen-granaten-aus-dem-ersten-weltkrieg,0,www.zeit.de,Weltkriegsmunition: Kinder finden beim Spielen Granaten aus dem Ersten Weltkrieg,Hier finden Sie Informationen zu dem Thema „Weltkriegsmunition“. Lesen Sie jetzt „Kinder finden beim Spielen Granaten aus dem Ersten Weltkrieg“.,https://img.zeit.de/news/2026-07/12/kinder-finden-beim-spielen-granaten-aus-dem-ersten-weltkrieg-image-group/wide__1300x731,2026-07-12T13:47:14Z,,Gefährliche Situation mit glimpflichem Ausgang: Beim Spielen in einem Wald in Löbau (Landkreis Görlitz) haben Kinder zwei Granaten aus dem Ersten Weltkrieg gefunden und mit nach Hause gebracht. Der K… [+427 chars],,de,'Kinder'
https://www.zeit.de/wissenschaft/2026-07/kinder-entwicklung-forschung-kindheit-glueck,https://www.zeit.de/wissenschaft/2026-07/kinder-entwicklung-forschung-kindheit-glueck,0,www.zeit.de,Kinder: Was ist eine gute Kindheit?,"Entwicklungspsychologen, Bindungsforscher, Neurowissenschaftler: Sie alle wollen herausfinden, was Kinder wirklich brauchen. Die Antwort ist einfacher als jeder Ratgeber.",https://img.zeit.de/wissenschaft/2026-06/kinder-entwicklung-forschung-kindheit-glueck-bild/wide__1300x731,2026-07-13T07:23:14Z,,Im Rückblick ist da oft der Zweifel: Habe ich zu oft aufs Handy geschaut? Zu früh wieder gearbeitet oder vor Erschöpfung zu selten vorgelesen? Elternsein ohne diese zuweilen quälenden Fragen geht ver… [+1074 chars],,de,'Kinder'
https://www.zeit.de/news/2026-07/13/kinder-werfen-feuerwerkskoerper-feld-brennt,https://www.zeit.de/news/2026-07/13/kinder-werfen-feuerwerkskoerper-feld-brennt,0,www.zeit.de,Mutmaßliche Brandstiftung: Kinder werfen Feuerwerkskörper - Feld brennt,Hier finden Sie Informationen zu dem Thema „Mutmaßliche Brandstiftung“. Lesen Sie jetzt „Kinder werfen Feuerwerkskörper - Feld brennt“.,https://img.zeit.de/news/2026-07/13/kinder-werfen-feuerwerkskoerper-feld-brennt-image-group/wide__1300x731,2026-07-13T08:42:14Z,,"Mutmaßlich weil Kinder Feuerwerkskörper geworfen haben, hat ein Acker bei Geislingen gebrannt. Die Polizei ermittelt nach eigenen Angaben wegen Brandstiftung. Demnach hatten Zeugen am Sonntagabend ge… [+426 chars]",,de,'Kinder'
https://www.visions.de/news/mastodon-neues-album-marrow-deep-angekuendigt/,https://www.visions.de/news/mastodon-neues-album-marrow-deep-angekuendigt/,0,www.visions.de,"Mastodon kündigen neues Album ""Marrow Deep"" an, teilen Single mit Josh Homme","Mastodon kündigen ihr neues Album “Marrow Deep” an. Es ist das erste ohne ihren verstorbenen Gitarristen Brent Hinds. Als Gast auf der nächsten Single wirkt Josh Homme als Sänger mit.
Der Beitrag Song mit Josh Homme veröffentlicht erschien zuerst auf VISIONS.…",https://www.visions.de/wp-content/uploads/mastodon-2026.webp,2026-07-13T09:42:27Z,,"Nachdem schon länger klar war, dass Mastodon ihr neues Album längst im Kasten haben, kündigen sie nun endlich “Marrow Deep” an, den Nachfolger des 2021 erschienenen “Hushed And Grim”. Es ist ihr erst… [+2582 chars]",,de,'Black Out'
https://www.sueddeutsche.de/wirtschaft/oelpreis-konflikt-iran-usa-auswirkungen-boerse-benzinpreise-li.3515067,https://www.sueddeutsche.de/wirtschaft/oelpreis-konflikt-iran-usa-auswirkungen-boerse-benzinpreise-li.3515067,0,www.sueddeutsche.de,Iran-Konflikt: Steigender Ölpreis belastet Wirtschaft und Sommerurlauber,Wegen der erneuten Eskalation zwischen Iran und den USA wird das Rohöl wieder teurer. Das spürt man an der Tankstelle und den Börsen.,https://www.sueddeutsche.de/2026/07/13/d99e07fa-c23c-4727-a700-6ec9f5ff44d8.jpg?q=60&fm=webp&width=1200&rect=0%2C209%2C4000%2C2250,2026-07-13T12:30:16Z,,Iran und die USA haben sich wieder gegenseitig angegriffen und prompt ist der Ölpreis erneut gestiegen. Um etwa drei Prozent legte der Preis für ein Barrel der Nordseesorte Brent am Montagvormittag z… [+515 chars],,de,'Rohöl'
https://www.zeit.de/news/2026-07/13/schule-in-friedrichshafen-wegen-gasgeruchs-geraeumt,https://www.zeit.de/news/2026-07/13/schule-in-friedrichshafen-wegen-gasgeruchs-geraeumt,0,www.zeit.de,Notfalleinsatz: Schule in Friedrichshafen wegen Gasgeruchs geräumt,Hier finden Sie Informationen zu dem Thema „Notfalleinsatz“. Lesen Sie jetzt „Schule in Friedrichshafen wegen Gasgeruchs geräumt“.,https://img.zeit.de/news/2026-07/13/schule-in-friedrichshafen-wegen-gasgeruchs-geraeumt-image-group/wide__1300x731,2026-07-13T13:43:57Z,,"Wegen Gasgeruchs ist eine Schule in Friedrichshafen (Bodenseekreis) geräumt worden. Rund 500 Schüler und 40 Lehrer mussten das Gebäude am Morgen verlassen, wie die Polizei mitteilte. Feuerwehrleute u… [+356 chars]",,de,'Gas'
https://www.tagesspiegel.de/gesellschaft/funf-jahre-ahrtal-flut-unburokratische-hilfe-ist-hier-ein-schimpfwort-15832749.html,https://www.tagesspiegel.de/gesellschaft/funf-jahre-ahrtal-flut-unburokratische-hilfe-ist-hier-ein-schimpfwort-15832749.html,0,www.tagesspiegel.de,Fünf Jahre Ahrtal-Flut: „Unbürokratische Hilfe? Ist hier ein Schimpfwort“,Vor fünf Jahren zerstört ein Hochwasser das Ahrtal. Heute ist vieles wieder aufgebaut. Doch manche Schäden sind nur schwer zu reparieren. Sechs Betroffene berichten.,https://www.tagesspiegel.de/images/15834064/alternates/BASE_16_9_W1400/1783944565000/ahrtal013-15-07-2021-rheinland-pfalz-eifel-verwustungen-durch-das-hochwasser-der-ahr-in-dem-eifel-ort-schuld-im-ahrtal-ange.jpeg,2026-07-13T14:01:29Z,,"Thorsten Rech, 44, Inhaber des Restaurants Bahnsteig 1 in Mayschoß und Gründer einer Initiative Flutgeschädigter, die auf die Bewilligung von Hilfsanträgen warten.
Ich habe so eine Flut nicht für mö… [+567 chars]",,de,'Hochwasser'
https://www.welt.de/vermischtes/article6a54e4abfb0d469c670ffa4e/social-media-trend-zwoelfjaehriger-laesst-sich-von-mitschueler-bis-zur-bewusstlosigkeit-wuergen-polizei-schlaegt-alarm.html,https://www.welt.de/vermischtes/article6a54e4abfb0d469c670ffa4e/social-media-trend-zwoelfjaehriger-laesst-sich-von-mitschueler-bis-zur-bewusstlosigkeit-wuergen-polizei-schlaegt-alarm.html,0,www.welt.de,Zwölfjähriger lässt sich von Mitschüler bis zur Bewusstlosigkeit würgen – Polizei schlägt Alarm,Im Rahmen der sogenannten „Blackout Challenge“ hat sich ein Zwölfjähriger von einem Mitschüler bis zur Bewusstlosigkeit würgen lassen. Die Polizei warnt vor dem Social-Media-Trend.,https://images.welt.de/6a54e4abfb0d469c670ffa4e/c7c395fd91041d8f1352ae395cecf185/ci16x9-w1200/dpa-com-260713-935-1477382-jpg,2026-07-13T14:31:34Z,,Ein zwölf Jahre alter Schüler hat sich auf einem Schulhof in Mecklenburg-Vorpommern von einem Mitschüler bis zur Bewusstlosigkeit würgen lassen. Die Polizei in Rostock warnte in einer Mitteilung vom … [+619 chars],,de,'Blackout'
https://www.faz.net/aktuell/feuilleton/medien-und-film/medienpolitik/eu-experten-social-media-erst-ab-13-jahren-201025799.html,https://www.faz.net/aktuell/feuilleton/medien-und-film/medienpolitik/eu-experten-social-media-erst-ab-13-jahren-201025799.html,0,www.faz.net,Social Media für Kinder: Wilde Dreizehn,"Die EU-Kommission beauftragte Experten, sich mit einem möglichen Social-Media-Verbot für Kinder zu beschäftigen. Die Vorschläge liegen nun vor. Die Frage ist, was daraus wird.",https://media0.faz.net/image/w1200h627/cf1c4f365d6c/w7119h3719x0y605o/202607/43601.0.2330390039/ursula-von-der-leyen-bei-der.webp,2026-07-13T15:00:26Z,,"Markus Söder sagt, er sei open minded. Der bayerische Ministerpräsident ist also, um zu übersetzen, aufgeschlossen. Und zwar einem Vorhaben der Europäischen Kommission gegenüber, was uns sofort aufho… [+2634 chars]",,de,'Kinder'
https://www.bild.de/sport/fussball/fc-bayern-benfica-lissabon-wegen-joao-palhinha-in-der-kohle-klemme-6a54b79e36e98236c4bc7225,https://www.bild.de/sport/fussball/fc-bayern-benfica-lissabon-wegen-joao-palhinha-in-der-kohle-klemme-6a54b79e36e98236c4bc7225,0,www.bild.de,Portugiesen wollen Bayern-Star - Benfica wegen Palhinha in der Kohle-Klemme!,"Benfica Lissabon ist heiß auf eine Verpflichtung von Bayern-Star João Palhinha. Die Portugiesen stecken allerdings in der Kohle-Klemme. BILD erklärt, wieso!","https://images.bild.de/6a54b79e36e98236c4bc7225/e00e48266cb52a2b9c26b25e2d553c85,fdc84d9e?w=1280",2026-07-13T15:02:12Z,,"Benfica Lisson möchte Bayern-Star João Palhinha, der im vergangenen Jahr an Premier-League-Klub Tottenham Hotspur ausgeliehen war, gerne verpflichten. 
Allerdings stecken die Portugiesen in der Kohl… [+56 chars]",,de,'Kohle'
https://www.tagesspiegel.de/podcasts/blackout/podcast-104h-blackout-bonus-der-lange-weg-zur-wahrheit-um-kai-wegners-kriseneinsatz-15834577.html,https://www.tagesspiegel.de/podcasts/blackout/podcast-104h-blackout-bonus-der-lange-weg-zur-wahrheit-um-kai-wegners-kriseneinsatz-15834577.html,0,www.tagesspiegel.de,Podcast „104h Blackout“ (Bonus): Der lange Weg zur Wahrheit um Kai Wegners Kriseneinsatz,"Der großflächige Stromausfall in Berlin hat für den Regierenden Bürgermeister politische Konsequenzen. Im Podcast erfahren Sie, wie herauskam, wo Kai Wegner die Unwahrheit gesagt hat.",https://www.tagesspiegel.de/images/15829177/alternates/BASE_16_9_W1400/1783713573000/berlin-mayor-kai-wegner-holds-news-conference-in-berlin.jpeg,2026-07-13T15:34:58Z,,"Berlins Regierender Bürgermeister Kai Wegner tritt als CDU-Spitzenkandidat zurück seine Aussagen zum Berliner Stromausfall wurden ihm zum Verhängnis. Es geht um die Frage, was der Politiker tatsächli… [+6893 chars]",,de,'Blackout'
https://www.diepresse.com/36512816/weltmeister-aus-wien-der-klimawindkanal-und-seine-wettermacher,https://www.diepresse.com/36512816/weltmeister-aus-wien-der-klimawindkanal-und-seine-wettermacher,0,www.diepresse.com,Weltmeister aus Wien: Der Klimawindkanal und seine Wettermacher [premium],Von der Straßenbahn bis zum Helikopter: In Floridsdorf simuliert das Rail Tec Arsenal als eines der weltweit führenden Institute brütende Hitze bis eisige Kälte. Für Reisende sind die Erkenntnisse mitunter lebenswichtig.,https://img.diepresse.com/public/incoming/wp4xz5-dwp3872jpg/alternates/WEBP_WIDE_1200/_DWP3872.jpg,2026-07-13T17:55:00Z,,"Jimmy Kenyon soll seinen Ohren nicht getraut haben. Der Direktor des NASA Glenn Research Centers in Cleveland, USA, lauschte 2023 einem Vortrag des Österreichers Hermann Ferschitz. Der Maschinenbauin… [+7329 chars]",,de,'Schnee'
https://www.zeit.de/news/2026-07/13/gas-auf-klinikgelaende-ausgetreten-feuerwehreinsatz,https://www.zeit.de/news/2026-07/13/gas-auf-klinikgelaende-ausgetreten-feuerwehreinsatz,0,www.zeit.de,Feuerwehreinsatz: Gas auf Klinikgelände ausgetreten - Feuerwehreinsatz,Hier finden Sie Informationen zu dem Thema „Feuerwehreinsatz“. Lesen Sie jetzt „Gas auf Klinikgelände ausgetreten - Feuerwehreinsatz“.,https://img.zeit.de/news/2026-07/13/gas-auf-klinikgelaende-ausgetreten-feuerwehreinsatz-image-group/wide__1300x731,2026-07-13T18:16:08Z,,"Eine auslaufende Flüssigkeit hat einen größeren Feuerwehreinsatz in Berlin-Zehlendorf ausgelöst. Rund 70 Feuerwehrleute waren am frühen Nachmittag auf dem Klinikgelände in der Walterhöferstraße, um e… [+528 chars]",,de,'Gas'
https://www.n-tv.de/wirtschaft/Spannungen-rund-um-Strasse-von-Hormus-belasten-Wall-Street-id31082019.html,https://www.n-tv.de/wirtschaft/Spannungen-rund-um-Strasse-von-Hormus-belasten-Wall-Street-id31082019.html,0,www.n-tv.de,Auch SpaceX und Sandisk im Minus: Spannungen rund um Straße von Hormus belasten Wall Street,Trump kündigt eine Marineblockade gegen Iran an. Daraufhin steigen die Preise für Rohöl. Nach einem erfolgreichen US-Börsendebüt bricht die Aktie des südkoreanischen Chipherstellers SK Hynix ein. Auch SpaceX schwächelt.,https://www.n-tv.de/img/31082026/1783982169/Img_16_9/1200/Wirtschaft-11-06.jpg,2026-07-13T20:37:39Z,,"Bald beginnt wieder die Berichtssaison. (Foto: picture alliance / Pressefoto Ulmer)
Trump kündigt eine Marineblockade gegen Iran an. Daraufhin steigen die Preise für Rohöl. Nach einem erfolgreichen … [+3358 chars]",,de,'Rohöl'
https://www.zeit.de/news/2026-07/14/rwe-erwartet-stabile-strompreise-fuer-haushalte,https://www.zeit.de/news/2026-07/14/rwe-erwartet-stabile-strompreise-fuer-haushalte,0,www.zeit.de,Energiekosten: RWE erwartet stabile Strompreise für Haushalte,Hier finden Sie Informationen zu dem Thema „Energiekosten“. Lesen Sie jetzt „RWE erwartet stabile Strompreise für Haushalte“.,https://img.zeit.de/news/2026-07/14/rwe-erwartet-stabile-strompreise-fuer-haushalte-image-group/wide__1300x731,2026-07-14T01:00:09Z,,"Deutschlands größter Stromerzeuger RWE geht für die kommenden fünf Jahre von insgesamt eher stabilen Preisen für Haushaltskunden aus. RWE-Chef Markus Krebber erwartet nach eigenen Angaben nicht, dass… [+1433 chars]",,de,'Gas'
https://www.nzz.ch/panorama/wir-erreichen-nie-wirklich-den-schutzfaktor-der-auf-der-sonnencreme-packung-steht-bei-der-angabe-50-haben-wir-maximal-einen-30er-schutz-sagt-ein-experte-der-suva-ld.10015204,https://www.nzz.ch/panorama/wir-erreichen-nie-wirklich-den-schutzfaktor-der-auf-der-sonnencreme-packung-steht-bei-der-angabe-50-haben-wir-maximal-einen-30er-schutz-sagt-ein-experte-der-suva-ld.10015204,0,www.nzz.ch,"INTERVIEW - «Wir erreichen nie wirklich den Schutzfaktor, der auf der Sonnencrème-Packung steht. Bei der Angabe 50 haben wir maximal einen 30er-Schutz», sagt ein Experte der Suva","Wer im Freien arbeitet hat ein deutlich höheres Risiko, an Hautkrebs zu erkranken. Im Interview erklärt Roland Krischek, UV-Fachmann der Suva, wie sich Bauarbeiter aber auch Büroangestellte und Kinder in ihrem Alltag am besten schützen.","https://img-msp-prod.nzz.ch/2026/07/13/f23f45eb-913c-48ea-8f40-4966f81855cb.jpg?width=1200&height=675&fit=bounds&quality=75&auto=webp&crop=9504,5346,x0,y0&wmark=nzz",2026-07-14T03:30:00Z,,"Wer im Freien arbeitet hat ein deutlich höheres Risiko, an Hautkrebs zu erkranken. Im Interview erklärt Roland Krischek, UV-Fachmann der Suva, wie sich Bauarbeiter aber auch Büroangestellte und Kinde… [+9061 chars]",,de,'Schnee'
https://www.zeit.de/gesellschaft/2026-07/gefluechtete-kinder-deutschland-teilhabe-gesundheitsversorgung-paritaetischer-gesamtverband-save-the-children,https://www.zeit.de/gesellschaft/2026-07/gefluechtete-kinder-deutschland-teilhabe-gesundheitsversorgung-paritaetischer-gesamtverband-save-the-children,0,www.zeit.de,Geflüchtete Kinder in Deutschland: Verbände fordern Abschaffung von Asylbewerberleistungsgesetz,Save the Children und der Paritätische Gesamtverband beklagen eine gravierende Benachteiligung geflüchteter Kinder. Die Bezahlkarte verschärfe die Probleme sogar noch.,https://img.zeit.de/gesellschaft/2026-07/gefluechtete-kinder-deutschland-teilhabe-gesundheitsversorgung-paritaetischer-gesamtverband-save-the-children-foto-1/wide__1300x731,2026-07-14T04:09:10Z,,"Kindern in geflüchteten Familien wird nach Einschätzung von Betreuungspersonal in Deutschland kaum soziale Teilhabe, gesunde Ernährung oder eine angemessene Gesundheitsversorgung gewährt. Das zeigt e… [+3427 chars]",,de,'Kinder'
https://www.focus.de/politik/ausland/am-15-juli-12-kinder-7000-autos-maximale-macht-brunei-sultan-wird-80-jahre-alt_7538a868-3296-4b79-b818-dde652bbd3a6.html,https://www.focus.de/politik/ausland/am-15-juli-12-kinder-7000-autos-maximale-macht-brunei-sultan-wird-80-jahre-alt_7538a868-3296-4b79-b818-dde652bbd3a6.html,0,www.focus.de,"Am 15. Juli: 12 Kinder, 7000 Autos, maximale Macht - Brunei-Sultan wird 80 Jahre alt","Goldene Kuppeln, 7000 Luxusautos und ein Palast wie aus 1001 Nacht: Der Sultan von Brunei regiert mit absoluter Macht – und bleibt auch im Alter eine ebenso schillernde wie umstrittene Figur.","https://quadro.burda-forward.de/ctf/2d93974f-a908-49ab-a07d-4702fc1abd17.ca7580c9-2fcb-45f2-8028-b390dea5087d.jpeg?im=RegionOfInterestCrop=(1200,630),regionOfInterest=(1024,718)&hash=0c1cb53401c0c1b6935e199ddc7455bfe1d69a737e82287ac3354666c5b44524",2026-07-14T07:34:00Z,,"Vergoldete Kuppeln, Tausende Luxusautos und ein Palast, der größer ist als manches Dorf: Kaum ein Herrscher verkörpert märchenhaften Reichtum so sehr wie Sultan Hassanal Bolkiah von Brunei.
Seit fas… [+5090 chars]",,de,'Kinder'
https://www.telepolis.de/article/Analyse-Warum-Trumps-Krieg-um-Hormus-zum-Bumerang-wird-11363065.html,https://www.telepolis.de/article/Analyse-Warum-Trumps-Krieg-um-Hormus-zum-Bumerang-wird-11363065.html,0,www.telepolis.de,Analyse: Warum Trumps Krieg um Hormus zum Bumerang wird,"Ölreserven auf Tiefstand, Wahlen in vier Monaten: Das US-iranische Abkommen ist faktisch tot, während Trump wenig zu gewinnen hat. Ein Gastbeitrag.",https://heise.cloudimg.io/bound/1200x1200/q85.png-lossy-85.webp-lossy-85.foil1/_www-heise-de_/imgs/18/5/1/1/5/9/9/0/shutterstock_2217248205-faaaea4a6802f600.jpg,2026-07-14T08:00:00Z,,"Raketen im Teheraner Militärmuseum: ""Iran baut schneller Raketen, als die USA Abfangsysteme produzieren können""
(Bild: saeediex/Shutterstock.com)
Ölreserven auf Tiefstand, Wahlen in vier Monaten: D… [+11095 chars]",,de,'Gas'
https://www.n-tv.de/leute/Brad-Pitts-Kinder-begehren-auf-id31083151.html,https://www.n-tv.de/leute/Brad-Pitts-Kinder-begehren-auf-id31083151.html,0,www.n-tv.de,Streichung des Nachnamens: Brad Pitts Kinder begehren auf,"Das Verhältnis von Brad Pitt zu seinen Kindern ist offenbar nachhaltig zerrüttet. So kämpfen mehrere von ihnen nun sogar vor Gericht darum, den Nachnamen des Vaters loszuwerden. Die Öffentlichkeit bleibt dabei nicht außen vor.",https://www.n-tv.de/img/31083170/1784023321/Img_16_9/1200/New-York-NY-8-26-07-Brad-Pitt-leaving-the-playground-with-his-kids.jpg,2026-07-14T08:24:45Z,,"Ein Foto aus dem Jahr 2007 - damals war zwischen Brad Pitt und seinen Kindern noch alles in Ordnung. (Foto: IMAGO/Everett Collection)
Das Verhältnis von Brad Pitt zu seinen Kindern ist offenbar nach… [+2968 chars]",,de,'Kinder'
https://www.brigitte.de/aktuell/gesellschaft/brief-einer-alleinerziehenden--frau-prien--warum-lassen-sie-uns-im-stich--14092154.html,https://www.brigitte.de/aktuell/gesellschaft/brief-einer-alleinerziehenden--frau-prien--warum-lassen-sie-uns-im-stich--14092154.html,0,www.brigitte.de,"Brief einer Alleinerziehenden: Frau Prien, warum lassen Sie uns im Stich?","Der Unterhaltsvorschuss soll gekürzt, das Kindergeld weiterhin voll angerechnet werden – entgegen Ihrer vollmundigen Ankündigung, alleinerziehende Frauen endlich besserzustellen. Ihr Ernst, Frau Prien?",https://image.brigitte.de/14092172/t/JL/v2/w1440/r1.7778/-/unterhaltsvorschuss-karin-prien.jpg,2026-07-14T08:48:00Z,,"Liebe Frau Prien, 
vergangenen Sommer bin ich mit meiner Kollegin Kristina Maroldt nach Berlin gereist, um Sie nach Ihren Plänen für Frauen zu befragen. Was Sie sagten, klang ziemlich gut. Vor allem… [+3568 chars]",,de,'Kinder'
https://www.tagesspiegel.de/politik/kurzung-beim-unterhaltsvorschuss-viele-kinder-von-alleinerziehenden-werden-dann-kein-abitur-machen-15835666.html,https://www.tagesspiegel.de/politik/kurzung-beim-unterhaltsvorschuss-viele-kinder-von-alleinerziehenden-werden-dann-kein-abitur-machen-15835666.html,0,www.tagesspiegel.de,Kürzung beim Unterhaltsvorschuss: „Viele Kinder von Alleinerziehenden werden dann kein Abitur machen“,"Argiris Balomatis ist Anwalt für Familienrecht. Im Interview erzählt er, welche Folgen Karin Priens Kürzungspläne haben werden und wie der Staat säumige Väter wirklich zur Verantwortung ziehen könnte.",https://www.tagesspiegel.de/images/15836056/alternates/BASE_16_9_W1400/1784020090000/unterhalt014-nine-year-old-boy-looking-outside-of-a-window.jpeg,2026-07-14T09:11:20Z,,"Herr Balomatis, als Fachanwalt für Familienrecht haben Sie täglich mit Streit um Unterhaltszahlungen zu tun. Mit welchen Sorgen kommen Betroffene zu Ihnen?Viele befinden sich in einer Notlage. Allein… [+260 chars]",,de,'Kinder'
https://www.dw.com/de/ahr-flutkatastrophe-jahrhundertflut-d%C3%A4mme-hochwasserschutz-bad-neuenahr-katastrophenschutz-klima/a-77937874,https://www.dw.com/de/ahr-flutkatastrophe-jahrhundertflut-d%C3%A4mme-hochwasserschutz-bad-neuenahr-katastrophenschutz-klima/a-77937874,0,www.dw.com,Wie sich das Ahrtal vor der nächsten Flutkatastrophe schützt,"Schutzmauern, speziell konstruierte Brücken und wiederhergestellte Auen: Fünf Jahre nach der Jahrhundertflut wappnen sich die Menschen an der Ahr für das nächsten Hochwasser. Wenn Alexandra Wiemer an die Nacht des 14. Juli 2021 zurückdenkt, erinnert sie sich …",https://static.dw.com/image/77724214_6.jpg,2026-07-14T09:39:00Z,,"Wenn Alexandra Wiemer an die Nacht des 14. Juli 2021 zurückdenkt, erinnert sie sich vor allem daran, wie das Wasser plötzlich ""praktisch von allen Seiten"" kam. Es war 22.30 Uhr, als sie merkte, wie e… [+7000 chars]",,de,'Hochwasser'
https://www.focus.de/auto/hormus-waechter-trump-macht-diesel-18-cent-teurer_66312f34-cc6a-41f2-9f15-e1a9b82b8d78.html,https://www.focus.de/auto/hormus-waechter-trump-macht-diesel-18-cent-teurer_66312f34-cc6a-41f2-9f15-e1a9b82b8d78.html,0,www.focus.de,Hormus-„Wächter” Trump macht Diesel 18 Cent teurer,An der Straße von Hormus kriselt es wieder. Die Rohölpreise schießen in die Höhe. Das macht auch das Tanken teurer.,"https://quadro.burda-forward.de/ctf/84c5f1c4-5c63-493d-9044-1529fab43c9e.d1b032a8-2762-4b19-b224-20570bfb535c.jpg?im=RegionOfInterestCrop=(1200,630),regionOfInterest=(1029,644)&hash=5242e38d7e866945e831e05ca8b262fba9f3dd7ed568785e05e694bcf8a6970a",2026-07-14T09:56:00Z,,Am Dienstagvormittag stieg der Preis für ein Barrel (159 Liter) der Sorte West Texas Intermediate auf über 80 US-Dollar. Auslöser dafür ist eine neue Eskalation an der Straße von Hormus. Die USA woll… [+3362 chars],,de,'Rohöl'
https://www.derstandard.at/story/3000000331350/house-of-the-dragon-folge-4-hase,https://www.derstandard.at/story/3000000331350/house-of-the-dragon-folge-4-hase,0,www.derstandard.at,"""House of the Dragon"", Folge 4: Hase","In der dieswöchigen Folge bleiben die Menschen, allesamt Kinder von Eltern, ein Rätsel.",https://i.ds.at/RjxyAA/rs:fill:1200:600/plain/lido-images/2026/07/14/f61795d6-d5ae-4d54-9368-adff1518e379.jpg,2026-07-14T10:00:00Z,,"Sie entscheiden darüber, wie Sie unsere Inhalte nutzen wollen. Ihr Gerät erlaubt uns derzeit leider nicht, die entsprechenden Optionen anzuzeigen.
Bitte deaktivieren Sie sämtliche Hard- und Software… [+180 chars]",,de,'Kinder'
https://www.nzz.ch/panorama/vor-fuenf-jahren-kam-es-im-ahrtal-zu-einer-verheerenden-sturzflut-185-personen-kamen-ums-leben-ld.10015420,https://www.nzz.ch/panorama/vor-fuenf-jahren-kam-es-im-ahrtal-zu-einer-verheerenden-sturzflut-185-personen-kamen-ums-leben-ld.10015420,0,www.nzz.ch,BILDSTRECKE - Fünf Jahre nach der Ahrtal-Flut: Bilder einer Katastrophe,Das Hochwasser in der Nacht vom 14. auf den 15. Juli 2021 in Rheinland-Pfalz und Nordrhein-Westfalen war eine der verheerendsten Naturkatastrophen in der jüngeren deutschen Geschichte.,"https://img-msp-prod.nzz.ch/2026/07/14/bf4853b4-c3a5-4799-8a07-c050f85f79f5.jpg?width=1200&height=675&fit=bounds&quality=75&auto=webp&crop=6048,3402,x0,y311&wmark=nzz",2026-07-14T14:12:05Z,,Im Sommer 2021 ereignete sich eine der verheerendsten Naturkatastrophen in der jüngeren deutschen Geschichte. Im Ahrtal kam es in der Nacht vom 14. auf den 15.Juli nach starken Regenfällen zu einer S… [+3546 chars],,de,'Hochwasser'
https://www.derstandard.at/story/3000000331426/uk-youtube-schlaegt-kindern-immer-noch-videos-vor-die-essstoerungen-verherrlichen,https://www.derstandard.at/story/3000000331426/uk-youtube-schlaegt-kindern-immer-noch-videos-vor-die-essstoerungen-verherrlichen,0,www.derstandard.at,"Youtube schlägt Kindern immer noch Videos vor, die Essstörungen verherrlichen","Eine Untersuchung zeigt aber, dass die Zahl der problematischen Videos seit Inkrafttreten des Online Safety Acts im Vorjahr zurückgegangen ist",https://i.ds.at/eXfQJg/rs:fill:1200:600/plain/lido-images/2026/02/10/01917d3a-54f1-4edb-bb1a-d3fb11e68acc.jpg,2026-07-14T15:26:23Z,,"Der Jugendschutz vor der Verherrlichung von Essstörungen hat sich auf Youtube gebessert, aber es gibt Luft nach oben.
AFP/SAEED KHAN
Dass Gesetze zum Schutz Jugendlicher im World Wide Web und auf S… [+911 chars]",,de,'Kinder'
https://www.tagesspiegel.de/gesundheit/ohrenschmerzen-im-flugzeug-warum-start-und-landung-manchmal-hollisch-wehtun-15836803.html,https://www.tagesspiegel.de/gesundheit/ohrenschmerzen-im-flugzeug-warum-start-und-landung-manchmal-hollisch-wehtun-15836803.html,0,www.tagesspiegel.de,Ohrenschmerzen im Flugzeug: Warum Start und Landung manchmal höllisch wehtun,"Wenn der Ferienflieger abhebt, fangen kleinere Kinder oft an zu weinen. Dahinter muss keine Flugangst stehen, sondern echter Schmerz. Einfache Tricks können dann schon helfen.",https://www.tagesspiegel.de/images/15837095/alternates/BASE_16_9_W1400/1784029583000/girl-having-an-earache-during-airplane-flight.jpeg,2026-07-14T15:34:20Z,,"Die Trommelfelle in den Ohren sind luftdicht. Wenn Schallwellen durch den Gehörgang auf die Trommelfelle treffen, bringen sie diese zum Schwingen. Das schwingende Trommelfell bewegt die Gehörknöchelc… [+2048 chars]",,de,'Kinder'
https://www.bild.de/politik/inland/freiburg-neue-regeln-im-damenbad-frauen-mit-kindern-werden-ausgeschlossen-6a5622384bf3218133e70cbd,https://www.bild.de/politik/inland/freiburg-neue-regeln-im-damenbad-frauen-mit-kindern-werden-ausgeschlossen-6a5622384bf3218133e70cbd,0,www.bild.de,Lorettobad in Freiburg beschränkt Einlass - Kinderverbot in Deutschlands letztem Damenbad!,Das Lorettobad in Freiburg führt neue Eintrittsregeln ein. Offiziell wegen Überfüllung – doch ein offener Brief und eine BILD-Recherche zeigen andere Hintergründe.,"https://images.bild.de/6a5622384bf3218133e70cbd/e0110439aa222d8124321fc8fa1fb86c,718d1eb9?w=1280",2026-07-14T15:59:33Z,,TTS-Player überspringenArtikel weiterlesenFreiburg (Baden-Württemberg) Schon wieder sorgt ein Freibad für Schlagzeilen. Im Juni machte das Heidebad in Halle (Sachsen-Anhalt) von sich reden. Wer die A… [+3230 chars],,de,'Kinder'
https://www.faz.net/aktuell/gesellschaft/kriminalitaet/sie-entfuehrten-einen-schulbus-und-gruben-die-kinder-in-einem-lkw-anhaenger-ein-201028267.html,https://www.faz.net/aktuell/gesellschaft/kriminalitaet/sie-entfuehrten-einen-schulbus-und-gruben-die-kinder-in-einem-lkw-anhaenger-ein-201028267.html,0,www.faz.net,Entführt und vergraben: „Es fühlte sich an wie in einem riesigen Grab“,Vor 50 Jahren wurde in Kalifornien ein Schulbus entführt. Die Täter vergruben die Kinder und ihren Fahrer in einem Lastwagenanhänger unter der Erde. Sie konnten sich befreien – doch die Albträume verfolgen die Opfer bis heute.,https://media0.faz.net/image/w1200h627/e05720c85fd7/w3026h1581x0y251o/202607/43601.0.2333424459/unter-der-erde-vergraben-ein.webp,2026-07-14T16:07:19Z,,"Die Kalifornierin Lynda Labendeira verglich den Lastwagenanhänger, in dem sie fast 16 Stunden lang gefangen gehalten wurde, mit einem Sarg. Der Anhänger lag unter der Erdoberfläche. Er fühlte sich an… [+10270 chars]",,de,'Kinder'
https://www.focus.de/finanzen/karriere/habe-ueber-diese-entscheidung-geschluchzt-familie-spart-an-essen-und-auto-weil-schulgebuehren-um-9300-euro-steigen_8d5b39df-8d47-4dd4-8858-70f43c30bab1.html,https://www.focus.de/finanzen/karriere/habe-ueber-diese-entscheidung-geschluchzt-familie-spart-an-essen-und-auto-weil-schulgebuehren-um-9300-euro-steigen_8d5b39df-8d47-4dd4-8858-70f43c30bab1.html,0,www.focus.de,"„Habe über diese Entscheidung geschluchzt”: Familie spart an Essen und Auto, weil Schulgebühren um 9300 Euro steigen","Kate aus Großbritannien ging schon an ihre finanziellen Grenzen, um ihren beiden Kindern den Besuch einer Privatschule zu ermöglichen. Dann wurden die Gebühren jedoch kräftig erhöht.","https://quadro.burda-forward.de/ctf/70dc8087-92ad-4935-8d0e-4a695d33527e.33e32a42-f541-4eca-a977-3ac88957ca11.jpg?im=RegionOfInterestCrop=(1200,630),regionOfInterest=(1039,702)&hash=e3acf84458a72311294d38513aacd3a7810d72949a63d97a02995dfd273f2f84",2026-07-14T16:43:00Z,,"Kate Hatton aus dem britischen Warwickshire muss ihre beiden Kinder von Privatschulen nehmen, weil sich die Kosten dramatisch erhöht haben. Seit der Mehrwertsteueränderung zahlen wir mehr als 4000 Pf… [+2645 chars]",,de,'Kinder'
https://orf.at/stories/3436215/,https://orf.at/stories/3436215/,0,orf.at,Dritter landesweiter Blackout binnen rund einer Woche auf Kuba,,https://orf.at/mojo/1_4_1/storyserver//news/common/images/og-fallback-news.png,2026-07-14T17:54:10Z,,"Zum dritten Mal binnen rund einer Woche ist auf Kuba landesweit der Strom ausgefallen. Es hat eine vollständige Trennung des Stromsystems gegeben, teilte das Energieministerium heute auf X mit. Die P… [+1331 chars]",,de,'Blackout'
https://www.n-tv.de/panorama/In-Kuba-faellt-wieder-landesweit-der-Strom-aus-id31085748.html,https://www.n-tv.de/panorama/In-Kuba-faellt-wieder-landesweit-der-Strom-aus-id31085748.html,0,www.n-tv.de,Dritter Blackout binnen Tagen: In Kuba fällt wieder landesweit der Strom aus,Die Stromversorgung in Kuba bleibt extrem instabil. Zum dritten Mal innerhalb von gut einer Woche fällt im gesamten Land das Netz aus. Veraltete Infrastruktur und fehlender Treibstoff verschärfen die Versorgungskrise.,https://www.n-tv.de/img/31085839/1784058794/Img_16_9/1200/Children-play-inside-their-home-during-a-nationwide-blackout-after-Cuba-s-national-power-grid-collapsed-marking-the-third-major-outage-in-nine-days-in-Havana-Cuba-July-14-2026.jpg,2026-07-14T17:56:52Z,,"Es war der dritte derartige Stromausfall in Kuba seit Monatsbeginn und der fünfte seit Jahresbeginn. (Foto: REUTERS)
Die Stromversorgung in Kuba bleibt extrem instabil. Zum dritten Mal innerhalb von… [+2214 chars]",,de,'Blackout'
https://www.faz.net/aktuell/gesellschaft/menschen/angelina-jolies-tochter-was-zahara-marley-jolie-tun-muss-um-den-namen-pitt-loszuwerden-201029257.html,https://www.faz.net/aktuell/gesellschaft/menschen/angelina-jolies-tochter-was-zahara-marley-jolie-tun-muss-um-den-namen-pitt-loszuwerden-201029257.html,0,www.faz.net,"Kinder des Ex-Paares: Nur noch Jolie, nicht mehr Pitt","Wie Schwester Shiloh will auch Zahara Marley Jolie den Namen Pitt nicht mehr tragen. Dazu muss sie laut Gesetz ihr Ansinnen mehrmals in einer Zeitung veröffentlichen – und warten, ob jemand widerspricht.",https://media0.faz.net/image/w1200h627/55496701d3d0/w3500h1828x0y252o/202607/43601.0.2332365033/bitte-ohne-brad-pax-jolie-pitt.webp,2026-07-14T18:07:02Z,,"Die Mitteilungen im Los Angeles Daily Journal,  bekannt für öffentliche Willensäußerungen, waren nicht zu übersehen. Zahara Marley Jolie-Pitt, die äthiopische Adoptivtochter von Hollywoods einstigem … [+2189 chars]",,de,'Kinder'
https://www.zeit.de/gesellschaft/zeitgeschehen/2026-07/hochwasser-katastrophe-ahrtal-gordon-schnieder-entschuldigung,https://www.zeit.de/gesellschaft/zeitgeschehen/2026-07/hochwasser-katastrophe-ahrtal-gordon-schnieder-entschuldigung,0,www.zeit.de,Gedenkfeier zur Hochwasserkatastrophe: Schnieder bittet nach Ahrtal-Katastrophe um Entschuldigung,Der Ministerpräsident von Rheinland-Pfalz hat sich für das Staatsversagen bei der Flut entschuldigt. Friedrich Merz sprach von besserem Schutz vor Naturkatastrophen.,https://img.zeit.de/gesellschaft/zeitgeschehen/2026-07/hochwasser-katastrophe-ahrtal-gordon-schnieder-entschuldigung-foto-1/wide__1300x731,2026-07-14T18:33:28Z,,"Bundeskanzler Friedrich Merz (CDU) und der
rheinland-pfälzische Ministerpräsident Gordon Schnieder
(CDU) haben sich bei der Gedenkfeier in Bad Neuenahr-Ahrweiler anlässlich des fünften Jahrestages … [+802 chars]",,de,'Hochwasser'
https://www.focus.de/reisen/urlaub-mit-eltern-kindern-und-grosseltern-dann-brauchen-sie-4-regeln_6d17af08-40af-46d3-b4fb-104484d4dca5.html,https://www.focus.de/reisen/urlaub-mit-eltern-kindern-und-grosseltern-dann-brauchen-sie-4-regeln_6d17af08-40af-46d3-b4fb-104484d4dca5.html,0,www.focus.de,"Urlaub mit Eltern, Kindern und Großeltern: Dann brauchen Sie 4 Regeln","Gemeinsame Reisen schaffen bleibende Erinnerungen. Damit der Familienurlaub mit Eltern, Kindern und Großeltern gelingt, braucht es ein paar kleine Regeln.","https://quadro.burda-forward.de/ctf/cd4ef6b2-bacf-4bdc-a8a0-e3fc63ae7543.5e7ea889-6c38-4a09-902a-c7f9baf9c3a2.jpg?im=RegionOfInterestCrop=(1200,630),regionOfInterest=(1069,663)&hash=f55bf613a813b51737272b0c83bd6bd94fad04d2aa6c3576116bf51218075e4c",2026-07-14T19:00:00Z,,"Viele Familien verreisen auch dann noch gemeinsam, wenn die Kinder längst ausgezogen sind oder bereits eine eigene Familie gegründet haben. Das kann eine wunderbare Gelegenheit sein, gemeinsame Zeit … [+5907 chars]",,de,'Kinder'
https://www.bild.de/news/merz-wird-emotional-im-ahrtal-keinen-schutzbeduerftigen-schutzlos-lassen-6a568020abcbc3811e190bbe,https://www.bild.de/news/merz-wird-emotional-im-ahrtal-keinen-schutzbeduerftigen-schutzlos-lassen-6a568020abcbc3811e190bbe,0,www.bild.de,Merz wird emotional im Ahrtal - „Keinen Schutzbedürftigen schutzlos lassen“,Bundeskanzler Friedrich Merz nimmt an der zentralen Gedenkveranstaltung zum fünften Jahrestag der verheerenden Hochwasser-Katastrophe im Ahrtal teil.,"https://images.bild.de/6a568020abcbc3811e190bbe/a225e14d1eddbe37eb635f036596c2d5,1fb1146d?w=1280",2026-07-14T19:02:37Z,,"Mehr zum Video anzeigen 
Bundeskanzler Friedrich Merz nimmt an der zentralen Gedenkveranstaltung zum fünften Jahrestag der verheerenden Hochwasser-Katastrophe im Ahrtal teil.
Quelle: SWR14.07.2026 … [+10 chars]",,de,'Hochwasser'
https://www.zeit.de/news/2026-07/15/breite-mehrheit-fuer-versicherungspflicht-gegen-hochwasser,https://www.zeit.de/news/2026-07/15/breite-mehrheit-fuer-versicherungspflicht-gegen-hochwasser,0,www.zeit.de,Jahrestag der Flutkatastrophe: Breite Mehrheit für Versicherungspflicht gegen Hochwasser,Hier finden Sie Informationen zu dem Thema „Jahrestag der Flutkatastrophe“. Lesen Sie jetzt „Breite Mehrheit für Versicherungspflicht gegen Hochwasser“.,https://img.zeit.de/news/2026-07/15/breite-mehrheit-fuer-versicherungspflicht-gegen-hochwasser-image-group/wide__1300x731,2026-07-15T03:00:17Z,,Fünf Jahre nach der Ahrtal-Katastrophe befürwortet eine breite Mehrheit der deutschen Hausbesitzer eine Versicherungspflicht gegen Hochwasser. Dafür sprachen sich in einer Umfrage im Auftrag des Port… [+2122 chars],,de,'Hochwasser'
https://www.tagesspiegel.de/berlin/pipeline-sperrung-bund-sieht-versorgungssicherheit-fur-pck-raffinerie-gestarkt-15839315.html,https://www.tagesspiegel.de/berlin/pipeline-sperrung-bund-sieht-versorgungssicherheit-fur-pck-raffinerie-gestarkt-15839315.html,0,www.tagesspiegel.de,Pipeline-Sperrung: Bund sieht Versorgungssicherheit für PCK-Raffinerie gestärkt,Russland stoppt die Durchleitung von kasachischem Rohöl zur Raffinerie PCK in Brandenburg. Ölfirmen im Nachbarland Polen springen ein. Wie beurteilt das Bundeswirtschaftsministerium die Lage?,https://www.tagesspiegel.de/images/15839314/alternates/BASE_16_9_W1400/1784084527000/raffinerie-pck.jpeg,2026-07-15T03:02:07Z,,Das Bundeswirtschaftsministerium sieht die Versorgungssicherheit der PCK-Raffinerie in Schwedt in Brandenburg mit neuen Ersatzlieferungen für fehlendes Öl gestärkt. Jetzt sind erste Lieferungen über … [+1942 chars],,de,'Rohöl'
https://www.tagesspiegel.de/potsdam/brandenburg/pipeline-sperrung-bund-sieht-versorgungssicherheit-fur-pck-raffinerie-gestarkt-15839315.html,https://www.tagesspiegel.de/potsdam/brandenburg/pipeline-sperrung-bund-sieht-versorgungssicherheit-fur-pck-raffinerie-gestarkt-15839315.html,0,www.tagesspiegel.de,Deal mit polnischem Kraftstoffhändler: Bund sieht Versorgungssicherheit für PCK-Raffinerie in Schwedt gestärkt,Russland stoppt die Durchleitung von kasachischem Rohöl zur Raffinerie PCK in Brandenburg. Jetzt wurden Ersatzlieferungen organisiert. Wie beurteilt das Bundeswirtschaftsministerium die Lage?,https://www.tagesspiegel.de/images/15839314/alternates/BASE_16_9_W1400/1784084527000/raffinerie-pck.jpeg,2026-07-15T03:02:07Z,,Das Bundeswirtschaftsministerium sieht die Versorgungssicherheit der PCK-Raffinerie in Schwedt in Brandenburg mit neuen Ersatzlieferungen für fehlendes Öl gestärkt. Jetzt sind erste Lieferungen über … [+2272 chars],,de,'Rohöl'
https://www.tagesspiegel.de/wirtschaft/jahrestag-der-flutkatastrophe-breite-mehrheit-fur-versicherungspflicht-gegen-hochwasser-15839319.html,https://www.tagesspiegel.de/wirtschaft/jahrestag-der-flutkatastrophe-breite-mehrheit-fur-versicherungspflicht-gegen-hochwasser-15839319.html,0,www.tagesspiegel.de,Jahrestag der Flutkatastrophe: Breite Mehrheit für Versicherungspflicht gegen Hochwasser,Flutkatastrophen verursachen Milliardenschäden. Bisher kommt dafür regelmäßig der Staat - also die Allgemeinheit - auf. Denn viele Hausbesitzer sind nicht gegen Hochwasser versichert.,https://www.tagesspiegel.de/images/15839318/alternates/BASE_16_9_W1400/1784084576000/flutkatastrophe.jpeg,2026-07-15T03:02:56Z,,Fünf Jahre nach der Ahrtal-Katastrophe befürwortet eine breite Mehrheit der deutschen Hausbesitzer eine Versicherungspflicht gegen Hochwasser. Dafür sprachen sich in einer Umfrage im Auftrag des Port… [+2182 chars],,de,'Hochwasser'
https://www.zeit.de/digital/2026-07/social-media-verbot-grossbritannien-unter-16-jahre-instagram,https://www.zeit.de/digital/2026-07/social-media-verbot-grossbritannien-unter-16-jahre-instagram,0,www.zeit.de,Großbritannien: Britische Regierung plant Social-Media-Sperrstunde für Jugendliche,Nach dem Verbot sozialer Medien für Kinder kündigt Großbritannien den nächsten Schritt an: Für 16- und 17-Jährige soll künftig eine nächtliche Social-Media-Sperre gelten.,https://img.zeit.de/digital/2026-07/social-media-verbot-grossbritannien-unter-16-jahre-instagram-foto-1/wide__1300x731,2026-07-15T05:28:18Z,,In Großbritannien soll es zusätzlich zu dem angekündigten Social-Media-Verbot für unter 16-Jährige auch Einschränkungen für ältere Jugendliche geben. Plänen der britischen Regierung zufolge soll der … [+1173 chars],,de,'Kinder'
https://www.zeit.de/gesundheit/2026-07/impfungen-kinder-who-europaregion-impfschutz-gxe,https://www.zeit.de/gesundheit/2026-07/impfungen-kinder-who-europaregion-impfschutz-gxe,0,www.zeit.de,Weltgesundheitsorganisation: Eine halbe Million Kinder in Europa ohne Impfschutz,Die Zahl der völlig ungeimpften Kinder in Europa ist gesunken. Trotzdem haben weiterhin rund 824.000 Kinder laut WHO keinen oder nur unzureichenden Impfschutz.,https://img.zeit.de/gesundheit/2026-07/impfungen-kinder-who-europaregion-impfschutz-bild-2/wide__1300x731,2026-07-15T05:36:58Z,,"In der WHO-Europaregion ist die Zahl der völlig ungeimpften Kinder im vergangenen Jahr gesunken. Allerdings sei die Zahl jener, die keinen oder nur unvollständigen Impfschutz gegen Infektionskrankhei… [+1756 chars]",,de,'Kinder'
https://www.welt.de/wissenschaft/article6a55f34a86a2f0846eaaffa4/kinder-geboren-im-corona-lockdown-was-das-fuer-die-entwicklung-bedeutet.html,https://www.welt.de/wissenschaft/article6a55f34a86a2f0846eaaffa4/kinder-geboren-im-corona-lockdown-was-das-fuer-die-entwicklung-bedeutet.html,0,www.welt.de,Geboren im Lockdown – und die Folgen für die Entwicklung der Kinder,Die ersten Lebensmonate vieler Kinder verliefen während des Corona-Lockdowns völlig anders als üblich. Forscher liefern nun Hinweise auf die kognitiven Folgen.,https://images.welt.de/6a55f34a86a2f0846eaaffa4/822168410e57e5ef29e983d7082a88d6/ci16x9-w1200/gettyimages-1326426618-jpg,2026-07-15T05:40:02Z,,Die ersten Lebensmonate vieler Kinder verliefen während des Corona-Lockdowns völlig anders als üblich. Forscher liefern nun Hinweise auf die kognitiven Folgen.Über die Folgen der Coronapandemie wurde… [+4050 chars],,de,'Kinder'
https://www.faz.net/aktuell/wirtschaft/unternehmen/ki-und-studium-warum-ein-informatikstudium-kuenftig-wichtiger-wird-accg-201025120.html,https://www.faz.net/aktuell/wirtschaft/unternehmen/ki-und-studium-warum-ein-informatikstudium-kuenftig-wichtiger-wird-accg-201025120.html,0,www.faz.net,Wandel in der Bildung: Warum ein Informatikstudium im KI-Zeitalter wichtiger wird,"Die KI-Revolution frisst nicht ihre Kinder. Im Gegenteil: Sie macht sichtbar, worauf es in der Informatik künftig ankommt.",https://media0.faz.net/image/w1200h627/bbd92de4acc1/w3000h1567x0y216o/202601/43601.0.1709011734/wie-muss-sich-das-informatik.webp,2026-07-15T05:40:06Z,,"Viele Berufe stehen durch generative Künstliche Intelligenz vor einem tiefgreifenden Wandel. Juristen, Übersetzer, Illustratoren oder Kundendienstmitarbeiter fragen sich, welche ihrer Tätigkeiten kün… [+685 chars]",,de,'Kinder'
https://www.n-tv.de/wissen/Hunderttausenden-Kindern-in-Europa-fehlt-jeglicher-Impfschutz-id31086690.html,https://www.n-tv.de/wissen/Hunderttausenden-Kindern-in-Europa-fehlt-jeglicher-Impfschutz-id31086690.html,0,www.n-tv.de,Sorge trotz Fortschritten: Hunderttausenden Kindern in Europa fehlt jeglicher Impfschutz,Impfstoffe haben laut der Weltgesundheitsorganisation in den vergangenen fünf Jahrzehnten mehr als 150 Millionen Menschenleben gerettet. Dennoch sind viele Kinder in der Europaregion nicht ausreichend geschützt. Vor allem in vier Ländern sind die Lücken groß.,https://www.n-tv.de/img/31086704/1784100439/Img_16_9/1200/Ein-Kinderarzt-verabreicht-einem-Jungen-einem-Auffrischung-eines-dtp-Kombinationsimpfstoff.jpg,2026-07-15T06:10:40Z,,"In Deutschland sieht die WHO vor allem Verbesserungsbedarf bei der HPV-Impfung gegen Papillomaviren. (Foto: picture alliance/dpa)
Impfstoffe haben laut der Weltgesundheitsorganisation in den vergang… [+2319 chars]",,de,'Kinder'
https://www.focus.de/sport/fussball/dignes-elfer-blackout-war-anfang-vom-ende-fuer-franzosen_5e502b69-c160-4d99-8a42-dd2154ea3e27.html,https://www.focus.de/sport/fussball/dignes-elfer-blackout-war-anfang-vom-ende-fuer-franzosen_5e502b69-c160-4d99-8a42-dd2154ea3e27.html,0,www.focus.de,Dignes Elfer-Blackout war Anfang vom Ende für Franzosen,"Nach 20 Minuten foulte Lucas Digne Spaniens Superstar Lamine Yamal im Strafraum. Durch den Elfmeter gerieten die Franzosen nicht nur in Rückstand, sie verloren komplett ihre Linie. Es war der Anfang vom Ende.","https://quadro.burda-forward.de/ctf/ee06ab8a-6e29-4020-bed6-06c232a90162.cd463df1-5e77-4364-bfbe-fdb7d2deb5ed.png?im=RegionOfInterestCrop=(1200,630),regionOfInterest=(596,607)&hash=645e781be2e72dc170946cb175dc01081b97e1da249a99b1709e07087892fe5a",2026-07-15T08:29:00Z,,"Fußball kann brutal sein. Vor allem dann, wenn man selbst betroffen ist in einem Spiel vor 70.000 Zuschauern im Stadion und vielen, vielen Millionen vor den Bildschirmen. Man wollte sich bestimmt nic… [+2601 chars]",,de,'Blackout'
https://www.sueddeutsche.de/meinung/ahrtal-flutkatastrophe-gedenkfeier-gordon-schnieder-li.3516273,https://www.sueddeutsche.de/meinung/ahrtal-flutkatastrophe-gedenkfeier-gordon-schnieder-li.3516273,0,www.sueddeutsche.de,Rheinland-Pfalz: Diese Entschuldigung war für die Menschen im Ahrtal bitter notwendig,"Fünf Jahre nach dem Hochwasser spricht Ministerpräsident Gordon Schnieder vom Versagen des Staates.  Das ist schon mal gut. Nun muss er beweisen, dass er es ernst meint.",https://www.sueddeutsche.de/2026/07/15/56c2be98-84d9-48a1-8918-402d9eb29c84.jpg?q=60&fm=webp&width=1200&rect=0%2C0%2C4000%2C2250,2026-07-15T09:34:16Z,,"Es waren nur zwei Sätze, aber die Menschen im Ahrtal haben lange auf sie gewartet. Dieser Staat hat in dieser Frage und in dieser Nacht versagt, sagte Gordon Schnieder bei der Gedenkveranstaltung zum… [+301 chars]",,de,'Hochwasser'
https://www.tagesschau.de/ausland/impfungen-kinder-europa-100.html,https://www.tagesschau.de/ausland/impfungen-kinder-europa-100.html,0,www.tagesschau.de,Zahl der Kinder weltweit ohne Impfungen sinkt,"Noch immer erhalten Millionen Kinder weltweit in ihrem ersten Lebensjahr keine Impfung. Doch die Zahl sinkt, zeigt ein Bericht von WHO und UNICEF. Ein Land verzeichnet eine besonders starke Aufwärtskurve.",https://images.tagesschau.de/image/b62254a1-66e8-48ba-988c-a6a84381c207/AAABn2U6S5I/AAABnSSvrFg/16x9-big/impfung-kind-117.jpg?width=1280,2026-07-15T10:05:15Z,,"Stand: 15.07.2026 12:05 Uhr
Noch immer erhalten Millionen Kinder weltweit in ihrem ersten Lebensjahr keine Impfung. Doch die Zahl sinkt, zeigt ein Bericht von WHO und UNICEF. Ein Land verzeichnet ei… [+2502 chars]",,de,'Kinder'
https://www.zeit.de/news/2026-07/15/sorge-um-kinder-jugendaemter-haeufiger-denn-je-alarmiert,https://www.zeit.de/news/2026-07/15/sorge-um-kinder-jugendaemter-haeufiger-denn-je-alarmiert,0,www.zeit.de,Kindeswohlgefährdung: Sorge um Kinder – Jugendämter häufiger denn je alarmiert,Hier finden Sie Informationen zu dem Thema „Kindeswohlgefährdung“. Lesen Sie jetzt „Sorge um Kinder – Jugendämter häufiger denn je alarmiert“.,https://img.zeit.de/news/2026-07/15/sorge-um-kinder-jugendaemter-haeufiger-denn-je-alarmiert-image-group/wide__1300x731,2026-07-15T10:58:12Z,,Bekommen sie genug zu essen und zu trinken? Erhalten sie die nötige Zuneigung? Oder werden sie sogar aktiv verletzt? Aus Sorge um das Wohlergehen von Kindern sind im vergangenen Jahr Thüringens Jugen… [+2343 chars],,de,'Kinder'
https://www.zeit.de/news/2026-07/15/grillunfall-in-wimmelburg-zwei-kinder-schwer-verletzt,https://www.zeit.de/news/2026-07/15/grillunfall-in-wimmelburg-zwei-kinder-schwer-verletzt,0,www.zeit.de,Unfälle: Grillunfall in Wimmelburg – Zwei Kinder schwer verletzt,Hier finden Sie Informationen zu dem Thema „Unfälle“. Lesen Sie jetzt „Grillunfall in Wimmelburg – Zwei Kinder schwer verletzt“.,https://img.zeit.de/news/2026-07/15/grillunfall-in-wimmelburg-zwei-kinder-schwer-verletzt-image-group/wide__1300x731,2026-07-15T11:17:26Z,,Bei einem Grillunfall in Wimmelburg (Landkreis Mansfeld-Südharz) sind zwei Kinder schwer verletzt worden. Nach Angaben der Polizei kam es beim Grillen im familiären Kreis mutmaßlich durch den fehlerh… [+551 chars],,de,'Kinder'
https://www.zeit.de/news/2026-07/15/kinder-nach-klingelstreich-mit-waffe-verfolgt-ermittlungen,https://www.zeit.de/news/2026-07/15/kinder-nach-klingelstreich-mit-waffe-verfolgt-ermittlungen,0,www.zeit.de,Schreckschusswaffe: Kinder nach Klingelstreich mit Waffe verfolgt? Ermittlungen,Hier finden Sie Informationen zu dem Thema „Schreckschusswaffe“. Lesen Sie jetzt „Kinder nach Klingelstreich mit Waffe verfolgt? Ermittlungen“.,https://img.zeit.de/news/2026-07/15/kinder-nach-klingelstreich-mit-waffe-verfolgt-ermittlungen-image-group/wide__1300x731,2026-07-15T11:43:08Z,,"Mit einer Schreckschusswaffe soll ein Mann Kinder nach einem Klingelstreich verfolgt haben. Die Polizei ermittelt zu dem Fall in Gifhorn am Dienstagabend, wie die Behörde mitteilte. Demnach habe der … [+444 chars]",,de,'Kinder'
https://www.tagesspiegel.de/wirtschaft/beginn-der-sommerferien-spritpreise-werden-in-mehreren-bundeslandern-stark-erhoht-15841563.html,https://www.tagesspiegel.de/wirtschaft/beginn-der-sommerferien-spritpreise-werden-in-mehreren-bundeslandern-stark-erhoht-15841563.html,0,www.tagesspiegel.de,Beginn der Sommerferien: Spritpreise werden in mehreren Bundesländern stark erhöht,"Der Ölpreis könne dafür nicht alleine verantwortlich sein, vermutet der ADAC. Auch die anstehende Reisewelle dürfte „eine gewisse Rolle“ spielen.",https://www.tagesspiegel.de/images/15539339/alternates/BASE_16_9_W1400/1777472361000/spritpreisregel-fur-tankstellen-tritt-in-kraft.jpeg,2026-07-15T12:17:32Z,,Die Spritpreise sind zum Ferienbeginn in mehreren Bundesländern stark angestiegen. Laut aktueller ADAC-Auswertung der Kraftstoffpreise in Deutschland kostet ein Liter Super E10 im bundesweiten Mittel… [+1245 chars],,de,'Spritpreise'
https://www.focus.de/politik/ausland/totaler-blackout-in-kertsch-ukrainische-drohnen-legen-putins-wichtigen-knotenpunkt-auf-der-krim-lahm_b492e72c-0766-4b1f-a4ec-ef0ecef205c1.html,https://www.focus.de/politik/ausland/totaler-blackout-in-kertsch-ukrainische-drohnen-legen-putins-wichtigen-knotenpunkt-auf-der-krim-lahm_b492e72c-0766-4b1f-a4ec-ef0ecef205c1.html,0,www.focus.de,Totaler Blackout in Kertsch: Ukrainische Drohnen legen Putins wichtigen Knotenpunkt auf der Krim lahm,Nach einem Angriff fällt in Kertsch der Strom komplett aus. Auch anderswo auf der Krim gibt es Ausfälle und Probleme mit der Wasserversorgung.,"https://quadro.burda-forward.de/ctf/7894791b-899e-4476-aad4-6a2385eaf168.aae78dc1-07b8-4192-8dd8-1f522051df92.jpg?im=RegionOfInterestCrop=(1200,630),regionOfInterest=(2953,1700)&hash=1d0c326cd3da2f812d914e523e0455059f4ac81c0793aaa56962af1e808ee78d",2026-07-15T12:58:00Z,,Nach einem ukrainischen Drohnenangriff ist in Kertsch auf der von Russland besetzten Krim in der Nacht der Strom komplett ausgefallen. Betroffen waren nach Angaben der Besatzungsverwaltung auch weite… [+2398 chars],,de,'Blackout'
https://stadt-bremerhaven.de/zuwachs-fuer-die-senderfamilie-prosiebensat-1-startet-neuen-free-tv-sender-sat-2/,https://stadt-bremerhaven.de/zuwachs-fuer-die-senderfamilie-prosiebensat-1-startet-neuen-free-tv-sender-sat-2/,0,stadt-bremerhaven.de,Zuwachs für die Senderfamilie: ProSiebenSat.1 startet neuen Free-TV-Sender SAT.2,Die Unterföhringer Fernsehfamilie bekommt im kommenden Winter Zuwachs. ProSiebenSat.1 hat den Start eines neuen linearen Senders namens SAT.2 angekündigt. Damit wächst das Sender-Portfolio der Gruppe neben den großen Hauptsendern und den bestehenden Ablegern …,https://stadt-bremerhaven.de/wp-content/uploads/2026/07/image.jpg,2026-07-15T14:55:09Z,,Die Unterföhringer Fernsehfamilie bekommt im kommenden Winter Zuwachs. ProSiebenSat.1 hat den Start eines neuen linearen Senders namens SAT.2 angekündigt. Damit wächst das Sender-Portfolio der Gruppe… [+1283 chars],,de,'Winter'
https://www.zeit.de/news/2026-07/16/sattelzug-faehrt-gegen-leitplanke-auf-a93-gas-tritt-aus,https://www.zeit.de/news/2026-07/16/sattelzug-faehrt-gegen-leitplanke-auf-a93-gas-tritt-aus,0,www.zeit.de,Vollsperrung nach Unfall: Sattelzug fährt gegen Leitplanke auf A93 - Gas tritt aus,Hier finden Sie Informationen zu dem Thema „Vollsperrung nach Unfall“. Lesen Sie jetzt „Sattelzug fährt gegen Leitplanke auf A93 - Gas tritt aus“.,https://img.zeit.de/news/2026-07/16/sattelzug-faehrt-gegen-leitplanke-auf-a93-gas-tritt-aus-image-group/wide__1300x731,2026-07-16T06:00:45Z,,Nach einem Zusammenstoß zwischen einem Sattelzug und der Leitplanke auf der A93 bei Marktredwitz (Landkreis Wunsiedel im Fichtelgebirge) ist Gas aus dem Tank des Trucks ausgetreten. Der Fahrer wurde … [+481 chars],,de,'Gas'
https://www.zeit.de/mobilitaet/2026-07/spritpreise-diesel-benzin-adac-iran,https://www.zeit.de/mobilitaet/2026-07/spritpreise-diesel-benzin-adac-iran,0,www.zeit.de,Spritpreise: Spritpreise steigen wegen Irankrieg wieder schneller,"Der Irankrieg treibt die Spritpreise erneut in die Höhe, Diesel verteuerte sich binnen zehn Tagen um 18,6 Cent. Der ADAC kritisierte die Preise wiederholt als überhöht.",https://img.zeit.de/mobilitaet/2026-07/spritpreise-diesel-benzin-adac-iran-foto-1/wide__1300x731,2026-07-16T08:46:53Z,,"Die Spritpreise steigen vor dem Hintergrund der erneuten Eskalation im Irankrieg derzeit wieder stark an. Diesel verteuerte sich von Dienstag auf Mittwoch im Tagesdurchschnitt um 6,2 Cent auf 2,132 E… [+1187 chars]",,de,'Spritpreise'
https://science.orf.at/stories/3236515/,https://science.orf.at/stories/3236515/,0,science.orf.at,Hochwassergefahr in den Alpen steigt,"Die Gefahr von extremen Hochwassern im Alpenraum wird laut Schweizer Fachleuten  zunehmen. Sie haben Simulationen gemacht, die auf stündlichen Daten aus knapp 400 Flüssen der Schweiz und Österreichs basieren.",https://ibs.orf.at/science?image=https%3A%2F%2Ftubestatic.orf.at%2Fmims%2F2026%2F29%2F57%2Fcrops%2Fw%3D1200%2Ch%3D627%2Cq%3D75%2F3115826_master_1207157_landwasser_hochwasser_davos_manuela_brunner_gross.jpg%3Fs%3Deaaad93d6f760c1ad10bc85a68068376c0bed35d,2026-07-16T08:55:00Z,,"Hundertjährliche Hochwasser werden in den Alpen um fünf bis 15 Prozent intensiver, berichtete das WSL-Institut für Schnee- und Lawinenforschung in Davos am Donnerstag. Ein solches Ereignis könne künf… [+1457 chars]",,de,'Hochwasser'
https://tirol.orf.at/stories/3362954/,https://tirol.orf.at/stories/3362954/,0,tirol.orf.at,Unruhe wegen geplantem Sondermüll-Lager,Im Fließer Ortsteil Fließerau (Bezirk Landeck) sorgt ein geplantes Sondermüll-Zwischenlager für Proteste. Anrainerinnen und Anrainer befürchten Gefahren durch mögliche Hochwasser oder Brände. Die Betreiberfirma verweist auf hohe Sicherheitsstandards und geset…,https://ibs.orf.at/tir?image=https%3A%2F%2Foekastatic.orf.at%2Fmims%2F2026%2F29%2F10%2Fcrops%2Fw%3D1200%2Ch%3D627%2Cq%3D75%2F3115943_master_1207210_72e3a30e-dbf5-491d-82a4-1766dcf3c3b0.jpg%3Fs%3D2a18284998a6374b7a56bd517fa6aebd844f5c8e,2026-07-16T11:26:15Z,,"Insbesondere die geplanten 50 Tonnen an gefährlichen Stoffen, darunter Säuren, Quecksilber und Blei, die auf dem Areal gelagert werden sollen, veranlassen Anrainerinnen und Anrainer, gegen das Vorhab… [+1503 chars]",,de,'Hochwasser'
https://www.focus.de/finanzen/news/asiatische-oelkaeufer-setzen-wegen-eskalation-an-der-strasse-von-hormus-wieder-auf-us-rohoel_1828443a-03df-4dc6-875d-93c1293bc103.html,https://www.focus.de/finanzen/news/asiatische-oelkaeufer-setzen-wegen-eskalation-an-der-strasse-von-hormus-wieder-auf-us-rohoel_1828443a-03df-4dc6-875d-93c1293bc103.html,0,www.focus.de,Asiatische Ölkäufer setzen wegen Eskalation an der Straße von Hormus wieder auf US-Rohöl,Der Konflikt an der Straße von Hormus eskaliert wieder. Die USA wollen die Meerenge blockieren. Asiatische Händler wenden sich an Washington.,"https://quadro.burda-forward.de/ctf/22d5e0de-a2f8-44a8-a3db-3829a0223895.81b9dff8-521e-43d4-acdd-136d98b4e939.jpg?im=RegionOfInterestCrop=(1200,630),regionOfInterest=(1093,720)&hash=442c5624849985d2069ffb8cf2976fdcd8fac161df82b94c48c99279fa4ac50f",2026-07-16T11:35:00Z,,"Mehrere Vertreter asiatischer Rohöl-Raffinerien haben berichtet, dass ihre Unternehmen erneut Verhandlungen über Spot-Geschäfte für Lieferungen von US-amerikanischem Öl aufgenommen haben. Bloomberg z… [+3719 chars]",,de,'Rohöl'
https://www.zeit.de/news/2026-07/16/statistik-mehr-kinder-mit-mindestens-zwei-geschwistern,https://www.zeit.de/news/2026-07/16/statistik-mehr-kinder-mit-mindestens-zwei-geschwistern,0,www.zeit.de,Niedersachsen: Statistik: Mehr Kinder mit mindestens zwei Geschwistern,Hier finden Sie Informationen zu dem Thema „Niedersachsen“. Lesen Sie jetzt „Statistik: Mehr Kinder mit mindestens zwei Geschwistern“.,https://img.zeit.de/news/2026-07/16/statistik-mehr-kinder-mit-mindestens-zwei-geschwistern-image-group/wide__1300x731,2026-07-16T12:28:40Z,,"In Niedersachsen steigt der Anteil der Kinder, die mit mindestens zwei Geschwistern in einem Haushalt leben. Im vergangenen Jahr lag deren Anteil bei 28,3 Prozent, während es zehn Jahre zuvor noch 25… [+1054 chars]",,de,'Kinder'
https://www.welt.de/videos/video6a58e0f0f127abe2ae490562/sommer-pressekonferenz-merz-verteidigt-einschnitte-bei-unterhaltsvorschuss.html,https://www.welt.de/videos/video6a58e0f0f127abe2ae490562/sommer-pressekonferenz-merz-verteidigt-einschnitte-bei-unterhaltsvorschuss.html,0,www.welt.de,Merz verteidigt Einschnitte bei Unterhaltsvorschuss,"Kanzler Marz hat auf der Sommer-Pressekonferenz die geplanten Kürzungen beim Unterhaltsvorschuss verteidigt. Alleinerziehende Eltern älterer Kinder seien in der Lage, „dann auch Arbeit aufzunehmen, was wir ja alle gemeinsam wollen“.",https://images.welt.de/6a58e0f0f127abe2ae490562/de0bec683d3bdc6adcc59c5dcf92928d/ci16x9-w1200/dpa-com-260715-935-1482493-jpg,2026-07-16T13:54:57Z,,"Kanzler Marz hat auf der Sommer-Pressekonferenz die geplanten Kürzungen beim Unterhaltsvorschuss verteidigt. Alleinerziehende Eltern älterer Kinder seien in der Lage, dann auch Arbeit aufzunehmen, wa… [+90 chars]",,de,'Kinder'
https://www.sueddeutsche.de/projekte/artikel/gesellschaft/restaurants-gastronomie-keine-kinder-adult-only-hotels-hunde-pro-und-contra-e735482/,https://www.sueddeutsche.de/projekte/artikel/gesellschaft/restaurants-gastronomie-keine-kinder-adult-only-hotels-hunde-pro-und-contra-e735482/,0,www.sueddeutsche.de,"Pro und Contra: Ist es okay, wenn Restaurants Kinder ausschließen?",Einer Umfrage zufolge wünscht sich die Mehrheit der Deutschen lieber Hunde am Nachbartisch als Kinder.  Die würden wenigstens ruhig sein. Wären „Adults only“-Restaurants eine Lösung?,"https://www.sueddeutsche.de/projekte/artikel/gesellschaft/restaurants-gastronomie-keine-kinder-adult-only-hotels-hunde-pro-und-contra-e735482/46d46cee1fff7319a93512d92d4546ebc556ed4ebbc8e0eea4f243d81752d64a_w2400_h1256_r413,0,5760,3014_q70.jpg",2026-07-16T13:58:00Z,,"Es ist ein lauer Sommerabend, die letzte E-Mail besiegelt das Höllenprojekt, an dem man wochenlang gearbeitet hat. Jetzt heißt es: Freizeit, Ruhe, endlich mal etwas gönnen. Passend dazu hat der Partn… [+192 chars]",,de,'Kinder'
https://t3n.de/news/kinderkonten-bei-spotify-diese-jugendschutz-funktionen-gibts-jetzt-auch-ohne-abo-1753070/,https://t3n.de/news/kinderkonten-bei-spotify-diese-jugendschutz-funktionen-gibts-jetzt-auch-ohne-abo-1753070/,0,t3n.de,Kinderkonten bei Spotify: Diese Jugendschutz-Funktionen gibt's jetzt auch ohne Abo,"Der Musikabodienst Spotify erlaubt nun, auch außerhalb des nicht gerade günstigen Family-Abos Kinderkonten anzulegen. So gehst du vor. Spotify reagiert auf entnervte Eltern und macht seine verwalteten Kinderkonten ab sofort auch für Nutzer der kostenlosen Ver…",https://cdn.t3n.de/news/wp-content/uploads/2025/11/spotify-wrapped-2025-wann-wo-was-2.jpg?class=content,2026-07-16T14:00:22Z,,Spotify reagiert auf entnervte Eltern und macht seine verwalteten Kinderkonten ab sofort auch für Nutzer der kostenlosen Version des Musikstreamingdienstes verfügbar. Bisher war die Jugendschutz-Funk… [+1977 chars],,de,'Kinder'
https://www.sueddeutsche.de/leben/taschengeld-kinder-familientrio-herbert-renz-polster-nora-imlau-jacinta-nandi-li.3514905,https://www.sueddeutsche.de/leben/taschengeld-kinder-familientrio-herbert-renz-polster-nora-imlau-jacinta-nandi-li.3514905,0,www.sueddeutsche.de,Rat vom „Familientrio“: Meine Tochter kommt mit ihrem Taschengeld nicht aus,"Das Taschengeld ist aufgebraucht, der Monat aber noch nicht zu Ende? Kennen viele Kinder, kennen viele Eltern. Und nun? Das Familientrio weiß Rat.",https://www.sueddeutsche.de/2026/07/15/370a6024-49c9-46f3-b680-b03c180214ed.jpg?q=60&fm=webp&width=1200&rect=0%2C409%2C4000%2C2250,2026-07-16T14:02:45Z,,"Meine Tochter ist 15 und bekommt 40 Euro Taschengeld im Monat. Kleidung, Handy und Schulsachen bezahlen wir natürlich, auch Geschenke, wenn sie zu einem Geburtstag eingeladen ist. Wenn sie sich mit F… [+390 chars]",,de,'Kinder'
https://www.nzz.ch/zuerich/news-aus-zuerich-winterthurer-sp-reicht-initiative-fuer-bezahlbaren-wohnraum-ein-stadt-soll-wohnungskaeufe-mitfinanzieren-ld.10012099,https://www.nzz.ch/zuerich/news-aus-zuerich-winterthurer-sp-reicht-initiative-fuer-bezahlbaren-wohnraum-ein-stadt-soll-wohnungskaeufe-mitfinanzieren-ld.10012099,0,www.nzz.ch,KURZMELDUNGEN - News aus Zürich: Winterthurer SP reicht Initiative für «bezahlbaren Wohnraum» ein – Stadt soll Wohnungskäufe mitfinanzieren,Die neuesten Meldungen aus dem Kanton.,"https://img-msp-prod.nzz.ch/2026/06/29/63db639c-97e3-4141-98e9-efb6516ec5df.jpg?width=1200&height=674&fit=bounds&quality=75&auto=webp&crop=4500,2531,x0,y234&wmark=nzz",2026-07-16T14:09:19Z,,"Die neuesten Meldungen aus dem Kanton.
NZZ-Redaktion Zürich16.07.2026, 16.09 Uhr
Zusammenfassung
Winterthurer SP reicht Initiative für «bezahlbaren Wohnraum» ein
jhu. Der Wohnungsmarkt ist nicht … [+68010 chars]",,de,'Kälte'
https://www.zeit.de/news/2026-07/16/kinder-eingesperrt-und-misshandelt-paar-muss-ins-gefaengnis,https://www.zeit.de/news/2026-07/16/kinder-eingesperrt-und-misshandelt-paar-muss-ins-gefaengnis,0,www.zeit.de,Landgericht Bonn: Kinder eingesperrt und misshandelt: Paar muss ins Gefängnis,Hier finden Sie Informationen zu dem Thema „Landgericht Bonn“. Lesen Sie jetzt „Kinder eingesperrt und misshandelt: Paar muss ins Gefängnis“.,https://img.zeit.de/news/2026-07/16/kinder-eingesperrt-und-misshandelt-paar-muss-ins-gefaengnis-image-group/wide__1300x731,2026-07-16T14:36:29Z,,Wegen der monatelangen grausamen Misshandlung ihrer drei kleinen Söhne hat das Landgericht Bonn eine Mutter und ihren Lebensgefährten zu jeweils fünfeinhalb Jahren Haft verurteilt. Die Jugendschutzka… [+1916 chars],,de,'Kinder'
https://www.tagesspiegel.de/gesellschaft/panorama/landgericht-bonn-kinder-eingesperrt-und-misshandelt-paar-muss-ins-gefangnis-15847522.html,https://www.tagesspiegel.de/gesellschaft/panorama/landgericht-bonn-kinder-eingesperrt-und-misshandelt-paar-muss-ins-gefangnis-15847522.html,0,www.tagesspiegel.de,Landgericht Bonn: Kinder eingesperrt und misshandelt: Paar muss ins Gefängnis,"Die Kinder erhielten kaum Nahrung, durften nie raus und wurden immer wieder geschlagen: Gemeinsam mit ihrem Partner sperrt eine Mutter bei Bonn ihre Kinder ein. Nun muss das Paar ins Gefängnis.",https://www.tagesspiegel.de/images/15847521/alternates/BASE_16_9_W1400/1784212646000/urteil-am-bonner-landgericht.jpeg,2026-07-16T14:37:26Z,,Wegen der monatelangen grausamen Misshandlung ihrer drei kleinen Söhne hat das Landgericht Bonn eine Mutter und ihren Lebensgefährten zu jeweils fünfeinhalb Jahren Haft verurteilt. Die Jugendschutzka… [+1968 chars],,de,'Kinder'
https://www.appgefahren.de/spotify-verwaltete-konten-jetzt-auch-in-spotify-free-402438.html,https://www.appgefahren.de/spotify-verwaltete-konten-jetzt-auch-in-spotify-free-402438.html,0,www.appgefahren.de,Spotify: „Verwaltete Konten“ jetzt auch in Spotify Free,"Spotify hat seinen Free-Tarif um die Funktion „Verwaltete Konten“ erweitert. Damit können Eltern nun auch in Spotifys kostenlosem Tarif Konten für ihre Kinder erstellen, die dann wiederum ihr eigenes Spotify-Erlebnis haben können. Dieses ist dann ausschließli…",https://www.appgefahren.de/wp-content/uploads/2026/07/SpotifyfuehrtverwalteteKontenfuerFree-Accountsein.jpeg,2026-07-16T15:17:11Z,,"Spotify hat seinen Free-Tarif um die Funktion Verwaltete Konten erweitert. Damit können Eltern nun auch in Spotifys kostenlosem Tarif Konten für ihre Kinder erstellen, die dann wiederum ihr eigenes S… [+1555 chars]",,de,'Kinder'
https://taz.de/Kinderstadt-in-Hamburg/!6195930/,https://taz.de/Kinderstadt-in-Hamburg/!6195930/,0,taz.de,Kinderstadt in Hamburg: Die Stadt regiert von Kindern,"Für zwei Wochen gestalten 500 Kinder ihre eigene Stadt mit Arbeitsamt, Theater und Bank – nach eigenen Regeln. Der erste Beschluss: mehr Lohn für alle.",https://taz.de/picture/8609682/1200/260713-Kinderstadt-Tag-1-c-Miguel-Ferraz-Ara-jo-2.jpeg,2026-07-16T15:18:00Z,,"Für zwei Wochen gestalten 500 Kinder ihre eigene Stadt mit Arbeitsamt, Theater und Bank – nach eigenen Regeln. Der erste Beschluss: mehr Lohn für alle. mehr...",,de,'Kinder'
https://www.tagesschau.de/wirtschaft/weltwirtschaft/trump-benzin-tanken-100.html,https://www.tagesschau.de/wirtschaft/weltwirtschaft/trump-benzin-tanken-100.html,0,www.tagesschau.de,US-Spritpreise: Wird die Wahl an der Zapfsäule entschieden?,"Die Spritpreise in den USA sind enorm in die Höhe geklettert. Muss Trump dieses Problem lösen, damit seine Partei eine Chance bei den nächsten Wahlen hat? Von Paula Protzen.",https://images.tagesschau.de/image/3164cab8-552e-4336-9bc8-003deae7b880/AAABn2nE-V4/AAABnSSvrFg/16x9-big/usa-tanken-100.jpg?width=1280,2026-07-16T16:00:18Z,,"Stand: 16.07.2026 18:00 Uhr
Die Spritpreise in den USA sind enorm in die Höhe geklettert. Muss Trump dieses Problem lösen, damit seine Partei eine Chance bei den nächsten Wahlen hat?
Das Leben ist … [+6142 chars]",,de,'Spritpreise'
https://www.morgenpost.de/panorama/article412600465/hochwasser-in-texas-spitzt-sich-zu-behoerden-warnen-vor-lebensgefahr.html,https://www.morgenpost.de/panorama/article412600465/hochwasser-in-texas-spitzt-sich-zu-behoerden-warnen-vor-lebensgefahr.html,0,www.morgenpost.de,Hochwasser in Texas spitzt sich zu: Behörden warnen vor Lebensgefahr,"In Texas verschärft sich die Hochwasserlage. Straßen stehen unter Wasser, Rettungskräfte sind im Dauereinsatz – und es drohen neue Regenfälle.",https://img.sparknews.funkemedien.de/412600433/412600433_1784226089_v16_9_1600.jpeg,2026-07-16T18:21:29Z,,Nach heftigen Regenfällen kämpfen Teile des US-Bundesstaats Texas erneut mit schweren Überschwemmungen. Besonders betroffen ist die Region Texas Hill rund um die Stadt Kerrville. Dort retteten Einsat… [+2215 chars],,de,'Hochwasser'
https://www.zeit.de/news/2026-07/17/evonik-chef-kullmann-fordert-verschiebung-des-kohleausstiegs,https://www.zeit.de/news/2026-07/17/evonik-chef-kullmann-fordert-verschiebung-des-kohleausstiegs,0,www.zeit.de,Kraftwerke: Evonik-Chef Kullmann fordert Verschiebung des Kohleausstiegs,Hier finden Sie Informationen zu dem Thema „Kraftwerke“. Lesen Sie jetzt „Evonik-Chef Kullmann fordert Verschiebung des Kohleausstiegs“.,https://img.zeit.de/news/2026-07/17/evonik-chef-kullmann-fordert-verschiebung-des-kohleausstiegs-image-group/wide__1300x731,2026-07-16T22:05:05Z,,"Der Chef des Chemiekonzerns Evonik, Christian Kullmann, spricht sich dafür aus, den in Nordrhein-Westfalen geplanten Kohleausstieg zu verschieben. «Den Kohleausstieg 2030 sehe ich nicht. Wir haben ni… [+1557 chars]",,de,'Kohle'
https://noe.orf.at/stories/3362713/,https://noe.orf.at/stories/3362713/,0,noe.orf.at,Hochwasserschutz an Donau wird weiter ausgebaut,Der Hochwasserschutz entlang der Donau wird weiter ausgebaut. In den kommenden zwei Jahren sollen laut dem Land 17 Millionen Euro in vier Projekte investiert werden. Neben technischen Schutzmaßnahmen soll auch die Renaturierung vorangetrieben werden.,https://ibs.orf.at/noe?image=https%3A%2F%2Foekastatic.orf.at%2Fmims%2F2021%2F22%2F77%2Fcrops%2Fw%3D1200%2Ch%3D627%2Cq%3D75%2F955593_master_335577_210528_v1_auenwildnis_wachau_00_00_01_11.jpg%3Fs%3Dafd729f9c7315556d7698416a7844f7250949fb2,2026-07-17T03:25:01Z,,Die Donau ist Transport- und Handelsweg sowie Erholungs- und Lebensraum für viele Tier- und Pflanzenarten. Zugleich kann sie aber bei Extremwetterereignissen für verheerende Schäden sorgen. Seit dem … [+2511 chars],,de,'Hochwasser'
https://www.tagesspiegel.de/internationales/rubio-erwahnt-anschlag-auf-das-berliner-stromnetz-die-usa-nehmen-auch-die-deutsche-antifa-ins-visier-15848355.html,https://www.tagesspiegel.de/internationales/rubio-erwahnt-anschlag-auf-das-berliner-stromnetz-die-usa-nehmen-auch-die-deutsche-antifa-ins-visier-15848355.html,0,www.tagesspiegel.de,Rubio erwähnt Anschlag auf das Berliner Stromnetz: Die USA wollen „linksextreme Terroristen“ mit deutscher Hilfe bekämpfen,"„Sie sind heute hier, weil die Lichter diesen Winter fünf Tage lang in Berlin ausgingen“, begrüßte US-Außenminister Marco Rubio internationale Gäste. Er warb für ein koordiniertes Vorgehen gegen Linksextremismus. Unter anderem mit Deutschland.",https://www.tagesspiegel.de/images/15848455/alternates/BASE_16_9_W1400/1784269699000/ministerial-meeting-on-political-violence-at-the-state-department-in-washington.jpeg,2026-07-17T06:28:46Z,,"Die US-Regierung unter Präsident Donald Trump will ihre Bemühungen im Kampf gegen linksextremistischen Terrorismus aus dem Ausland intensivieren. Sie sind heute hier, weil die Lichter diesen Winter f… [+3979 chars]",,de,'Winter'
https://www.derstandard.at/story/3000000331749/inflation-bei-32-prozent-abgehobene-ticketpreise-machen-flugreisen-teurer,https://www.derstandard.at/story/3000000331749/inflation-bei-32-prozent-abgehobene-ticketpreise-machen-flugreisen-teurer,0,www.derstandard.at,"Inflation bei 3,2 Prozent: Abgehobene Ticketpreise machen Flugreisen teurer","Die Teuerung lässt wegen gesunkener Spritpreise etwas nach. Dienstleistungen bleiben ein Inflationstreiber, besonders die Preise für Flugreisen sind nur schwer zu stemmen",https://i.ds.at/_v8MQw/rs:fill:1200:600/plain/lido-images/2026/07/07/8db22825-00c3-4ae9-9276-429f950c8eb3.jpg,2026-07-17T07:06:19Z,,"Nicht nur in Österreich, auch in Deutschland sind die Preise für Flugtickets rasant gestiegen.
IMAGO/Michael Bihlmayer
Die Inflation hat sich im Juni zwar leicht rückläufig gezeigt, aber dennoch is… [+1044 chars]",,de,'Spritpreise'
https://www.faz.net/aktuell/politik/ausland/energydrinks-fuer-kinder-england-beschliesst-verkaufsverbot-accg-201039682.html,https://www.faz.net/aktuell/politik/ausland/energydrinks-fuer-kinder-england-beschliesst-verkaufsverbot-accg-201039682.html,0,www.faz.net,Jugendschutz: London will Verkauf von Energydrinks an Kinder verbieten,Nach Schätzungen konsumieren etwa 100.000 Kinder in England täglich mindestens einen koffeinreichen Energydrink. Dagegen will die Regierung jetzt vorgehen.,https://media0.faz.net/image/w1200h627/7b04cefb66c0/w4128h2156x0y290o/202602/43601.0.1771936986/in-energydrinks-steckt-nicht.webp,2026-07-17T08:45:04Z,,"In England wird im kommenden Jahr der Verkauf von Energydrinks an Kinder und Jugendliche unter 16 Jahren verboten. Das ab April 2027 gültige Gesetz gilt für Getränke, die mehr als 150 mg Koffein pro … [+1051 chars]",,de,'Kinder'
https://www.zeit.de/news/2026-07/17/von-oel-und-gas-zu-strom-eu-kommission-prueft-ziel-fuer-2040,https://www.zeit.de/news/2026-07/17/von-oel-und-gas-zu-strom-eu-kommission-prueft-ziel-fuer-2040,0,www.zeit.de,Energie: Von Öl und Gas zu Strom: EU-Kommission prüft Ziel für 2040,Hier finden Sie Informationen zu dem Thema „Energie“. Lesen Sie jetzt „Von Öl und Gas zu Strom: EU-Kommission prüft Ziel für 2040“.,https://img.zeit.de/news/2026-07/17/von-oel-und-gas-zu-strom-eu-kommission-prueft-ziel-fuer-2040-image-group/wide__1300x731,2026-07-17T11:24:24Z,,"Anlagen in Industrie, Gebäuden und Verkehr sollen nach dem Willen der Europäischen Kommission künftig häufiger mit Strom betrieben werden. Die Brüsseler Behörde prüft ein Elektrifizierungsziel von 46… [+2940 chars]",,de,'Gas'
https://www.bild.de/politik/inland/spritpreis-schiesst-wieder-in-die-hoehe-2-31-euro-pro-liter-6a5a040abb3fbf9dba9878f9,https://www.bild.de/politik/inland/spritpreis-schiesst-wieder-in-die-hoehe-2-31-euro-pro-liter-6a5a040abb3fbf9dba9878f9,0,www.bild.de,"Iran-Krieg treibt die Preise - 2,31 Euro pro Liter! Spritpreis schießt wieder in die Höhe",Rohölpreise treiben Spritpreise. Deutschland zählt zu den teuersten EU-Ländern; Tanken im Nachbarland spart oft viel Geld.,"https://images.bild.de/6a5a040abb3fbf9dba9878f9/ad1e179201031b4d11c2c770e1bd7949,700f40b0?w=1280",2026-07-17T13:07:59Z,,"TTS-Player überspringenArtikel weiterlesenBerlin Die Zahlen sind ein Schlag in die Magengrube jedes Autofahrers: Ein Liter Superbenzin kostet in Deutschland am heutigen Freitag im Schnitt 2,31 Euro, … [+2005 chars]",,de,'Spritpreise'
https://www.n-tv.de/wirtschaft/Deutsche-Gasfoerderung-steigt-erstmals-seit-20-Jahren-wieder-id31098206.html,https://www.n-tv.de/wirtschaft/Deutsche-Gasfoerderung-steigt-erstmals-seit-20-Jahren-wieder-id31098206.html,0,www.n-tv.de,Neues Feld verantwortlich: Deutsche Gasförderung steigt erstmals seit 20 Jahren wieder,Ein Gasfeld vor Borkum sorgt für eine Trendwende: Erstmals seit mehr als 20 Jahren wird mehr Gas in Deutschland gefördert. Beim Rohöl setzt sich derweil der Trend fort.,https://www.n-tv.de/img/31098199/1784302081/Img_16_9/1200/Blick-auf-die-Bohrinsel-des-niederlaendischen-Unternehmens-One-Dyas-in-der-Nordsee.jpg,2026-07-17T14:14:27Z,,"Die Bohrinsel vor Borkum ist umstritten. (Foto: picture alliance/dpa)
Ein Gasfeld vor Borkum sorgt für eine Trendwende: Erstmals seit mehr als 20 Jahren wird mehr Gas in Deutschland gefördert. Beim … [+2229 chars]",,de,'Rohöl'
https://www.zeit.de/news/2026-07/17/mehr-kinder-in-hamburg-geburtenzahl-steigt-erstmals-wieder,https://www.zeit.de/news/2026-07/17/mehr-kinder-in-hamburg-geburtenzahl-steigt-erstmals-wieder,0,www.zeit.de,Geburten: Mehr Kinder in Hamburg – Geburtenzahl steigt erstmals wieder,Hier finden Sie Informationen zu dem Thema „Geburten“. Lesen Sie jetzt „Mehr Kinder in Hamburg – Geburtenzahl steigt erstmals wieder“.,https://img.zeit.de/news/2026-07/17/mehr-kinder-in-hamburg-geburtenzahl-steigt-erstmals-wieder-image-group/wide__1300x731,2026-07-17T14:27:49Z,,In Hamburg sind im ersten Halbjahr 2026 mehr Kinder geboren worden als im Vorjahreszeitraum. Nach Angaben des Senats kamen in den Krankenhäusern und Geburtshäusern der Hansestadt 11.103 Kinder zur We… [+675 chars],,de,'Kinder'
https://salzburg.orf.at/stories/3363097/,https://salzburg.orf.at/stories/3363097/,0,salzburg.orf.at,Fünf Jahre nach Hochwasser: Rascher Schutz gefordert,Vor genau fünf Jahren haben extreme Regenfälle weite Teile Salzburgs überflutet und Schäden im zweistelligen Millionenbereich verursacht. Besonders im Oberpinzgau haben die Unwetter deutliche Spuren hinterlassen. Zum Jahrestag fordern Betroffene dort mehr Tem…,https://ibs.orf.at/sbg?image=https%3A%2F%2Foekastatic.orf.at%2Fmims%2F2026%2F29%2F50%2Fcrops%2Fw%3D1200%2Ch%3D627%2Cq%3D75%2F3117097_master_1207650_hochwasser_aktionstag_oberpinzgau_-_25.9.2021_-_langversion_-_oberpinzgau_hoit.00_00_13_01.standbild002-8.jpg%3Fs%3Dfbc67d221c21ab3679fdb66883882be73a770fea,2026-07-18T04:00:00Z,,"Wenn sich Franz Koidl an jenen Tag zurückerinnert, kommen beim Pinzgauer Unternehmer ganz verschiedene Emotionen hoch: Verzweiflung, Dankbarkeit, Wut und Trauer.
Der Frächter im Ruhestand erinnert s… [+4990 chars]",,de,'Hochwasser'
https://www.zeit.de/news/2026-07/18/vier-verletzte-bei-unfall-auf-a9-auch-kinder-betroffen,https://www.zeit.de/news/2026-07/18/vier-verletzte-bei-unfall-auf-a9-auch-kinder-betroffen,0,www.zeit.de,Kinder bei Unfall verletzt: Vier Verletzte bei Unfall auf A9 - auch Kinder betroffen,Hier finden Sie Informationen zu dem Thema „Kinder bei Unfall verletzt“. Lesen Sie jetzt „Vier Verletzte bei Unfall auf A9 - auch Kinder betroffen“.,https://img.zeit.de/news/2026-07/18/vier-verletzte-bei-unfall-auf-a9-auch-kinder-betroffen-image-group/wide__1300x731,2026-07-18T06:31:04Z,,"Eine vierköpfige Familie, darunter zwei Kinder im Alter von neun und sechs Jahren, ist mit dem Auto auf der Autobahn 9 bei Betzenstein (Landkreis Bayreuth) in einen Unfall verwickelt worden. Nach Pol… [+1089 chars]",,de,'Kinder'
https://www.golem.de/sonstiges/zustimmung/auswahl.html?from=https://www.golem.de/news/doomscrolling-verbraucherschuetzer-gegen-social-media-verbot-fuer-kinder-2607-211029.html&referer=https://t.co/d76f1c8322,https://www.golem.de/sonstiges/zustimmung/auswahl.html?from=https://www.golem.de/news/doomscrolling-verbraucherschuetzer-gegen-social-media-verbot-fuer-kinder-2607-211029.html&referer=https://t.co/d76f1c8322,0,www.golem.de,Doomscrolling: Verbraucherschützer gegen Social-Media-Verbot für Kinder,"Statt eines pauschalen Verbots sollten Funktionen wie Autoplay härter reguliert werden. Das sähen auch junge Menschen so. (Social-Media-Verbot, Soziales Netz)",,2026-07-18T10:29:02Z,,"Besuchen Sie Golem.de wie gewohnt mit Werbung und Tracking,
 indem Sie der Nutzung aller Cookies zustimmen.
 Details zum Tracking finden Sie im Privacy Center.
Skript wurde nicht geladen. Informat… [+607 chars]",,de,'Kinder'
https://www.zeit.de/news/2026-07/18/gemeinsam-aufs-gas-15-jaehrige-bauen-unfall-mit-mopedauto,https://www.zeit.de/news/2026-07/18/gemeinsam-aufs-gas-15-jaehrige-bauen-unfall-mit-mopedauto,0,www.zeit.de,Parkplatz in Zwickau: Gemeinsam aufs Gas: 15-Jährige bauen Unfall mit Mopedauto,Hier finden Sie Informationen zu dem Thema „Parkplatz in Zwickau“. Lesen Sie jetzt „Gemeinsam aufs Gas: 15-Jährige bauen Unfall mit Mopedauto“.,https://img.zeit.de/news/2026-07/18/gemeinsam-aufs-gas-15-jaehrige-bauen-unfall-mit-mopedauto-image-group/wide__1300x731,2026-07-18T12:44:29Z,,Gemeinsam das Gaspedal betätigt: Zwei 15-Jährige sind in Zwickau mit einem Mopedauto gegen einen Fahnenmast gefahren. Das Leichtfahrzeug kollidierte am Freitagabend mit einem Poller und dann mit dem … [+710 chars],,de,'Gas'
https://www.zeit.de/news/2026-07/18/unfall-mit-drei-wagen-sieben-verletzte-darunter-kinder,https://www.zeit.de/news/2026-07/18/unfall-mit-drei-wagen-sieben-verletzte-darunter-kinder,0,www.zeit.de,"Bei Bochum: Unfall mit drei Wagen: Sieben Verletzte, darunter Kinder","Hier finden Sie Informationen zu dem Thema „Bei Bochum“. Lesen Sie jetzt „Unfall mit drei Wagen: Sieben Verletzte, darunter Kinder“.",https://img.zeit.de/news/2026-07/18/unfall-mit-drei-wagen-sieben-verletzte-darunter-kinder-image-group/wide__1300x731,2026-07-18T18:20:43Z,,"Bei einem Unfall mit drei Autos auf der Autobahn 43 bei Bochum sind sieben Menschen verletzt worden, zwei von ihnen schwer. Unter den Verletzten waren auch zwei Kinder, die leichte Verletzungen erlit… [+574 chars]",,de,'Kinder'
https://www.derstandard.at/story/3000000332024/drei-kinder-bei-israelischen-luftangriffen-im-gazastreifen-getoetet,https://www.derstandard.at/story/3000000332024/drei-kinder-bei-israelischen-luftangriffen-im-gazastreifen-getoetet,0,www.derstandard.at,Drei Kinder bei israelischen Luftangriffen im Gazastreifen getötet,"Insgesamt wurden zehn Menschen bei Angriffen getötet, acht davon in der Stadt Gaza",https://i.ds.at/4_AusA/rs:fill:1200:600/plain/lido-images/2026/07/18/5a88cd6b-635d-4fc8-b61a-4f6632ece71f.jpg,2026-07-18T19:56:47Z,,"Sie entscheiden darüber, wie Sie unsere Inhalte nutzen wollen. Ihr Gerät erlaubt uns derzeit leider nicht, die entsprechenden Optionen anzuzeigen.
Bitte deaktivieren Sie sämtliche Hard- und Software… [+180 chars]",,de,'Kinder'
https://t3n.de/news/grok-skandal-xai-verklagt-nutzer-wegen-der-erstellung-sexualisierender-deepfakes-1753539/,https://t3n.de/news/grok-skandal-xai-verklagt-nutzer-wegen-der-erstellung-sexualisierender-deepfakes-1753539/,0,t3n.de,Grok-Skandal: xAI verklagt Nutzer wegen der Erstellung sexualisierender Deepfakes,"Ende 2025 wurde der Chatbot massenhaft genutzt, um Personen mithilfe von KI in missbräuchlicher Weise darzustellen. Vor allem Frauen waren betroffen, zahlreiche Bilder zeigten aber auch Jugendliche und Kinder.
weiterlesen auf t3n.de",https://cdn.t3n.de/news/wp-content/uploads/2026/01/shutterstock_2609465349.jpg?class=content,2026-07-18T20:05:30Z,,"Elon Musks KI-Startup xAI hat einen Mann verklagt, der mithilfe des Chatbots Grok angeblich Bildmaterial erstellt haben soll, das sexuellen Kindesmissbrauch darstellt. Grok ist in das soziale Netzwer… [+3729 chars]",,de,'Kinder'
https://www.faz.net/aktuell/politik/ausland/zehn-tote-bei-israelischen-angriffen-im-gazastreifen-201043509.html,https://www.faz.net/aktuell/politik/ausland/zehn-tote-bei-israelischen-angriffen-im-gazastreifen-201043509.html,0,www.faz.net,Gazastreifen: Zehn Tote bei israelischen Angriffen,"Bei Luftangriffen der israelischen Armee im Gazastreifen werden zehn Menschen getötet, darunter drei Kinder. Die israelische Armee verweist auf einen Hamas-Terroristen als Ziel.",https://media0.faz.net/image/w1200h627/0952624597a3/w6000h3135x0y433o/202607/43601.0.2348641113/die-leichname-der-opfer-der.webp,2026-07-18T21:04:32Z,,"Bei israelischen Luftangriffen im Gazastreifen sind nach Angaben der örtlichen Behörden zehn Menschen getötet worden, unter ihnen drei Kinder. Die drei Kinder und ihre Eltern seien am Samstag bei ein… [+850 chars]",,de,'Kinder'
https://www.nzz.ch/feuilleton/alex-capus-feiert-in-seinem-neuen-roman-die-beiz-und-ist-damit-am-puls-der-zeit-ld.10015407,https://www.nzz.ch/feuilleton/alex-capus-feiert-in-seinem-neuen-roman-die-beiz-und-ist-damit-am-puls-der-zeit-ld.10015407,0,www.nzz.ch,Alex Capus feiert in seinem neuen Roman die Beiz – und ist damit am Puls der Zeit,"In der Schweiz sterben die Beizen, während wir zu Hause bleiben. Diesem Rückzug ins Digitale setzt Alex Capus die Wärme der Gaststube entgegen. Sein neuer Roman ist eine heitere Antwort auf die derzeitige Sehnsucht nach Gemeinschaft.","https://img-msp-prod.nzz.ch/2026/07/16/a8abd2a9-cf64-4cd5-858d-9790af062bea.jpg?width=1200&height=675&fit=bounds&quality=75&auto=webp&crop=4928,2772,x0,y46&wmark=nzz",2026-07-19T03:30:00Z,,"In der Schweiz sterben die Beizen, während wir zu Hause bleiben. Diesem Rückzug ins Digitale setzt Alex Capus die Wärme der Gaststube entgegen. Sein neuer Roman ist eine heitere Antwort auf die derze… [+5738 chars]",,de,'Kälte'
https://de.catholicnewsagency.com/news/25109/vatikanisches-kinderkrankenhaus-bambino-gesu-verbindet-innovation-mit-fursorge,https://de.catholicnewsagency.com/news/25109/vatikanisches-kinderkrankenhaus-bambino-gesu-verbindet-innovation-mit-fursorge,0,de.catholicnewsagency.com,Vatikanisches Kinderkrankenhaus Bambino Gesù verbindet Innovation mit Fürsorge,"Nach mehr als 40 Jahren als Forschungseinrichtung steht das im Besitz des Vatikans befindliche Kinderkrankenhaus Bambino Gesù weiterhin an vorderster Front der pädiatrischen Forschung und ist bestrebt, jungen Patienten aus aller Welt die bestmögliche Versorgu…",https://de.catholicnewsagency.com/image/shutterstock_2158013223_1784064610.jpg?w=1150&jpg,2026-07-19T06:00:00Z,,"Vatikanstadt -
 Sonntag, 19. Juli 2026, 8:00 Uhr.
Nach mehr als 40 Jahren als Forschungseinrichtung steht das im Besitz des Vatikans befindliche Kinderkrankenhaus Bambino Gesù weiterhin an vorderst… [+5204 chars]",,de,'Kinder'
https://www.focus.de/panorama/welt/wegen-kinderlaerm-am-morgen-nachbarn-verderben-familie-den-urlaub_ca69d69d-0bcc-4409-b10f-a5b5f6928aff.html,https://www.focus.de/panorama/welt/wegen-kinderlaerm-am-morgen-nachbarn-verderben-familie-den-urlaub_ca69d69d-0bcc-4409-b10f-a5b5f6928aff.html,0,www.focus.de,Wegen Kinderlärm am Morgen: Nachbarn verderben Familie den Urlaub,Ein Zettel der Nachbarn hat den Familienurlaub in Südfrankreich überschattet. Danach fühlte sich die Familie auf dem Campingplatz nicht mehr unbeschwert.,"https://quadro.burda-forward.de/ctf/e1b70b20-eccf-49c5-9414-09127797cdf0.70f0335b-9e73-4872-9ade-e7246e358f3d.jpg?im=RegionOfInterestCrop=(1200,630),regionOfInterest=(1143,803)&hash=4d6f23c0bd93db050a40c63386c2db2f1c5f0477b5a408cf52cbe272f33364cf",2026-07-19T06:04:00Z,,"Ein anonymer Hinweis der Nachbarn hat den Campingurlaub einer Familie in der Ardèche belastet. Wie das niederländische Online-Magazin Kids en Kurken berichtet, fand die Mutter nach wenigen Tagen eine… [+2141 chars]",,de,'Kinder'
https://www.telepolis.de/article/Sanierung-ohne-Daemmung-Wie-Wintergaerten-alte-Wohnblocks-retten-koennen-11368583.html,https://www.telepolis.de/article/Sanierung-ohne-Daemmung-Wie-Wintergaerten-alte-Wohnblocks-retten-koennen-11368583.html,0,www.telepolis.de,Sanierung ohne Dämmung: Wie Wintergärten alte Wohnblocks retten können,60 % weniger Energieverbrauch und mehr Wohnraum: Das französische Sanierungskonzept von Lacaton & Vassal fordert das deutsche Passivhaus heraus.,https://heise.cloudimg.io/bound/1200x1200/q85.png-lossy-85.webp-lossy-85.foil1/_www-heise-de_/imgs/18/5/1/1/8/7/7/3/Cite___Manifeste_2-e2b20be5145b02c5.jpg,2026-07-19T08:00:00Z,,"Cité Manifeste, Mulhouse 2005. Bild: Reinhard Huschke
60 % weniger Energieverbrauch und mehr Wohnraum: Das französische Sanierungskonzept von Lacaton &amp; Vassal fordert das deutsche Passivhaus her… [+13149 chars]",,de,'Winter'
https://www.zeit.de/news/2026-07/19/geisterfahrerin-auf-a45-zwei-tote-kinder-in-lebensgefahr,https://www.zeit.de/news/2026-07/19/geisterfahrerin-auf-a45-zwei-tote-kinder-in-lebensgefahr,0,www.zeit.de,Frontalzusammenstoß: Geisterfahrerin auf A45: Zwei Tote - Kinder in Lebensgefahr,Hier finden Sie Informationen zu dem Thema „Frontalzusammenstoß“. Lesen Sie jetzt „Geisterfahrerin auf A45: Zwei Tote - Kinder in Lebensgefahr“.,https://img.zeit.de/news/2026-07/19/geisterfahrerin-auf-a45-zwei-tote-kinder-in-lebensgefahr-image-group/wide__1300x731,2026-07-19T08:05:59Z,,Bei einem Unfall mit einer Geisterfahrerin auf der A45 nahe dem hessischen Florstadt sind zwei Menschen gestorben und mehrere schwerst verletzt worden. Bei den drei Kindern der 34 Jahre alten Geister… [+837 chars],,de,'Kinder'
https://www.faz.net/aktuell/wirtschaft/mehr-wirtschaft/andreas-mundt-amtszeitbegrenzung-fuer-kartellamtspraesident-accg-201039538.html,https://www.faz.net/aktuell/wirtschaft/mehr-wirtschaft/andreas-mundt-amtszeitbegrenzung-fuer-kartellamtspraesident-accg-201039538.html,0,www.faz.net,Die Lex Mundt: Koalition will Amtszeit des Kartellamtspräsidenten begrenzen,Seit fast 17 Jahren ist Kartellamtspräsident Andreas Mundt im Amt. Künftig soll eine so lange Amtszeit nicht mehr möglich sein. Das hat viel mit der Debatte um die gestiegenen Spritpreise zu tun.,https://media0.faz.net/image/w1200h627/6c7de192b992/w6144h3210x0y509o/202606/43601.0.2279930936/kartellamtspraesident-andreas.webp,2026-07-19T11:23:47Z,,"Es gibt etwas, das wird dem Präsidenten des Bundeskartellamts, Andreas Mundt, so schnell keiner mehr nachmachen: Er ist seit fast 17 Jahren im Amt. Künftig sollen solch lange Amtszeiten nicht mehr er… [+3536 chars]",,de,'Spritpreise'
https://www.faz.net/aktuell/gesellschaft/ungluecke/die-toten-des-everest-bergen-oder-im-eis-ruhen-lassen-201040756.html,https://www.faz.net/aktuell/gesellschaft/ungluecke/die-toten-des-everest-bergen-oder-im-eis-ruhen-lassen-201040756.html,0,www.faz.net,Tote Bergsteiger: Sollen die Leichen am Mount Everest geborgen werden?,"Die Bergung toter Bergsteiger aus großer Höhe ist extrem gefährlich und teuer – für die Angehörigen aber oft sehr wichtig. Vieles spricht trotzdem dafür, sie in Schnee und Eis ruhen zu lassen.",https://media0.faz.net/image/w1200h627/05f2e6a4d530/w3000h1567x0y374o/202505/43601.0.1030136607/von-der-tibetischen-nordseite.webp,2026-07-19T14:57:21Z,,Im Mai dieses Jahres mussten zwei indische Mount-Everest-Besteiger ihren Gipfelerfolg mit dem Leben bezahlen. Beide starben an den Folgen akuter Höhenkrankheit. Während Arun Kumar Tiwari auf etwa 879… [+6906 chars],,de,'Schnee'
https://www.faz.net/aktuell/sport/tour-de-france/tour-de-france-schimmel-und-schlafprobleme-bei-den-hotels-accg-201044570.html,https://www.faz.net/aktuell/sport/tour-de-france/tour-de-france-schimmel-und-schlafprobleme-bei-den-hotels-accg-201044570.html,0,www.faz.net,Hotels bei der Tour: Schimmel und schlaflose Nächte auf dem Balkon,"Die einen wohnen im Schloss, die anderen bei den Spinnweben: Wer wo bei der Tour de France schläft, entscheidet der Veranstalter. Doch was als Chancengleichheit deklariert wird, sorgt zunehmend für Unverständnis.",https://media0.faz.net/image/w1200h627/d7819179f1f9/w6000h3135x0y511o/202607/43601.0.2348026063/koennen-mal-glueck-und-mal.webp,2026-07-20T07:59:18Z,,"Montag ist Ruhetag. So wie früher beim Friseur. Bei der Tour de France bedeutet das allerdings nicht, dass der Laden geschlossen ist. Die Fahrer steigen aufs Rad, die Mechaniker arbeiten an den Räder… [+6516 chars]",,de,'Schimmel'
https://www.n-tv.de/wirtschaft/Elektroautos-werden-immer-guenstiger-id31103923.html,https://www.n-tv.de/wirtschaft/Elektroautos-werden-immer-guenstiger-id31103923.html,0,www.n-tv.de,Ladeinfrastruktur ausgebaut : Elektroautos werden immer günstiger,Die Spritpreise sind für viele Bürger eine spürbare Belastung. Einer Studie zufolge stellen Elektroautos inzwischen eine bessere Alternative dar als noch vor fünf Jahren. Die Forscher erwarten zudem eine weitere Entwicklung zugunsten der Stromer.,https://www.n-tv.de/img/31104010/1784536269/Img_16_9/1200/E-Auto-mit-Ladekabel-und-Stromstecker-an-einer-Ladesaeule-angeschlossen-bei-Sonnenaufgang-im-Gegenlicht-in-einem-Wohngebiet-an-der-Strasse-Schagen-Nordholland-Niederlande.jpg,2026-07-20T08:11:30Z,,"Der Markt für Elektroautos hat sich in den vergangenen Jahren deutlich weiterentwickelt. (Foto: picture alliance / imageBROKER)
Die Spritpreise sind für viele Bürger eine spürbare Belastung. Einer S… [+4369 chars]",,de,'Spritpreise'
https://www.focus.de/immobilien/wohnen/schimmel-an-fensterdichtung-das-koennen-sie-tun_986fde56-bdba-47d2-b160-b5002c560c43.html,https://www.focus.de/immobilien/wohnen/schimmel-an-fensterdichtung-das-koennen-sie-tun_986fde56-bdba-47d2-b160-b5002c560c43.html,0,www.focus.de,Schimmel an Fensterdichtung – das können Sie tun,"Wenn Sie Schimmel an der Fensterdichtung bemerken, dann müssen Sie nicht sofort die ganze Fuge auswechseln. Es gibt einige Hausmittel, die helfen.","https://quadro.burda-forward.de/ctf/27ff19d0-b4e8-436a-9c28-3230cdf92734.2dfde669-cf1b-490b-8206-87989244f4d9.jpg?im=RegionOfInterestCrop=(1200,630),regionOfInterest=(1351,766)&hash=3485f421fc6864f991afbf3e61ce13960def099d164c200480282e7ac45b1de5",2026-07-20T08:23:00Z,,"Schimmel an Fensterdichtung das sind die Ursachen
Ihre Fensterfugen können anfangen zu schimmeln, wenn die Fuge nicht ganz dicht ist oder der Raum eine hohe Luftfeuchtigkeit hat, zum Beispiel im Bad… [+3177 chars]",,de,'Schimmel'
https://www.zeit.de/news/2026-07/20/gasleitung-in-dresden-beschaedigt,https://www.zeit.de/news/2026-07/20/gasleitung-in-dresden-beschaedigt,0,www.zeit.de,Gasleck: Gasleitung in Dresden beschädigt,Hier finden Sie Informationen zu dem Thema „Gasleck“. Lesen Sie jetzt „Gasleitung in Dresden beschädigt“.,https://img.zeit.de/news/2026-07/20/gasleitung-in-dresden-beschaedigt-image-group/wide__1300x731,2026-07-20T08:36:11Z,,"Bei Bauarbeiten in Dresden ist eine Gasleitung beschädigt worden. Wie die Feuerwehr über einen Post bei Threads mitteilte, ist das Leck im Stadtteil Weixdorf mittlerweile geschlossen. Nun übernehme d… [+443 chars]",,de,'Gas'
https://orf.at/stories/3436703/,https://orf.at/stories/3436703/,0,orf.at,Eskalation in Nahost lässt Öl- und Gaspreise steigen,,https://orf.at/mojo/1_4_1/storyserver//news/common/images/og-fallback-news.png,2026-07-20T09:08:00Z,,"Die jüngste Eskalation im Nahen Osten und die Angriffe auf Handelsschiffe in der Straße von Hormus treiben die Energiepreise deutlich nach oben.
Der Preis für ein Barrel (159 Liter) der Nordsee-Sort… [+818 chars]",,de,'Gas'
https://www.zeit.de/news/2026-07/20/spritpreise-gestiegen-benzin-ueber-stand-vor-tankrabatt,https://www.zeit.de/news/2026-07/20/spritpreise-gestiegen-benzin-ueber-stand-vor-tankrabatt,0,www.zeit.de,Mobilitätskosten: Spritpreise gestiegen - Benzin über Stand vor Tankrabatt,Hier finden Sie Informationen zu dem Thema „Mobilitätskosten“. Lesen Sie jetzt „Spritpreise gestiegen - Benzin über Stand vor Tankrabatt“.,https://img.zeit.de/news/2026-07/20/spritpreise-gestiegen-benzin-ueber-stand-vor-tankrabatt-image-group/wide__1300x731,2026-07-20T09:12:57Z,,"Die Spritpreise sind über das Wochenende erneut gestiegen. Superbenzin der Sorte E10 kostete im bundesweiten Tagesdurchschnitt des Sonntags 2,152 Euro pro Liter, wie aus Daten des ADAC hervorgeht. Da… [+1184 chars]",,de,'Spritpreise'
https://www.tagesspiegel.de/wirtschaft/mobilitatskosten-spritpreise-gestiegen-benzin-uber-stand-vor-tankrabatt-15857243.html,https://www.tagesspiegel.de/wirtschaft/mobilitatskosten-spritpreise-gestiegen-benzin-uber-stand-vor-tankrabatt-15857243.html,0,www.tagesspiegel.de,Mobilitätskosten: Spritpreise gestiegen - Benzin über Stand vor Tankrabatt,Bei E10 ist es nicht mehr weit zu Rekordniveaus. Zumindest am Montagmorgen deutet sich aber eine Beruhigung an.,https://www.tagesspiegel.de/images/15857242/alternates/BASE_16_9_W1400/1784538877000/kraftstoffpreise-gehen-hoch.jpeg,2026-07-20T09:14:37Z,,"Die Spritpreise sind über das Wochenende erneut gestiegen. Superbenzin der Sorte E10 kostete im bundesweiten Tagesdurchschnitt des Sonntags 2,152 Euro pro Liter, wie aus Daten des ADAC hervorgeht. Da… [+1238 chars]",,de,'Spritpreise'
https://www.zeit.de/mobilitaet/2026-07/kraftstoffpreise-benzin-e10-diesel-oelpreis,https://www.zeit.de/mobilitaet/2026-07/kraftstoffpreise-benzin-e10-diesel-oelpreis,0,www.zeit.de,Kraftstoffpreise: Spritpreise erneut gesteigen – Benzin teurer als vor Tankrabatt,Über das Wochenende sind die Preise für Diesel und Benzin erneut gestiegen. Der Benzinpreis liegt nun über dem Wert vor Einführung des Tankrabatts vor knapp drei Monaten.,https://img.zeit.de/mobilitaet/2026-07/kraftstoffpreise-benzin-e10-diesel-oelpreis-foto-1/wide__1300x731,2026-07-20T10:00:21Z,,"In Deutschland sind die Spritpreise über das Wochenende erneut gestiegen. Aus Daten des ADAC geht hervor, dass Superbenzin der Sorte E10 im bundesweiten Tagesdurchschnitt am Sonntag 2,152 Euro pro Li… [+802 chars]",,de,'Spritpreise'
https://www.bild.de/politik/inland/oelpreis-knackt-90-dollar-spritpreise-schiessen-wieder-hoch-6a5ddfefc72232627649ddd0,https://www.bild.de/politik/inland/oelpreis-knackt-90-dollar-spritpreise-schiessen-wieder-hoch-6a5ddfefc72232627649ddd0,0,www.bild.de,Ölpreis knackt 90 Dollar - Spritpreise steigen weiter an,"Krieg im Nahen Osten treibt Ölpreis hoch, Tanken und Leben in Deutschland werden teurer.","https://images.bild.de/6a5ddfefc72232627649ddd0/1be48c6a40105c1a4b1ea718850b92ad,1915608d?w=1280",2026-07-20T10:16:07Z,,"TTS-Player überspringenArtikel weiterlesenBerlin Nächster Preisschock für Autofahrer! Der Iran-Krieg spitzt sich weiter zu, der Ölpreis steigt über 90 Dollar und an Deutschlands Tankstellen schießen … [+2177 chars]",,de,'Spritpreise'
https://www.zeit.de/zeit-magazin/leben/2026-06/streit-konflikte-familie-kinder-beziehung-loesung,https://www.zeit.de/zeit-magazin/leben/2026-06/streit-konflikte-familie-kinder-beziehung-loesung,0,www.zeit.de,Streit: »Eigentlich will ich nicht vor den Kindern angeschrien werden«,"Nach der Geburt ihrer Kinder eskalieren die Konflikte. Es geht um Geld, Nähe, Verantwortung. Wie ein Paar scheitert und als Eltern neu lernen muss, sich zu versöhnen.",https://img.zeit.de/zeit-magazin/2026-07/streit-konflikte-familie-kinder-beziehung-loesung-bild/wide__1300x731,2026-07-20T11:30:03Z,,"Schließen
Artikelzusammenfassung
Ein Paar ringt seit Jahrzehnten mit demselben alten Streit-Skript. Laura und Stefan Lent erzählen, wie aus einer Jugendliebe nach Heirat, unerfülltem Kinderwunsch, … [+1240 chars]",,de,'Kinder'
https://www.derstandard.at/story/3000000332132/das-aus-fuer-familienbeihilfe-von-ukrainefluechtlingen-ist-hart-und-lebensfern,https://www.derstandard.at/story/3000000332132/das-aus-fuer-familienbeihilfe-von-ukrainefluechtlingen-ist-hart-und-lebensfern,0,www.derstandard.at,Das Aus für Familienbeihilfe von Ukraineflüchtlingen ist hart und lebensfern,Rund 16.000 Kinder von Ukrainevertriebenen und subsidiär Schutzberechtigten wird die Unterstützung gestrichen. Das stürzt sie in Verarmungsgefahr,https://i.ds.at/LCZXaw/rs:fill:1200:600/plain/lido-images/2026/07/20/8f807155-9694-4165-ac84-744ccba5ec49.jpg,2026-07-20T13:00:21Z,,"Sie entscheiden darüber, wie Sie unsere Inhalte nutzen wollen. Ihr Gerät erlaubt uns derzeit leider nicht, die entsprechenden Optionen anzuzeigen.
Bitte deaktivieren Sie sämtliche Hard- und Software… [+180 chars]",,de,'Kinder'
https://www.sueddeutsche.de/muenchen/cybermobbing-ki-app-schutz-kinder-li.3517569,https://www.sueddeutsche.de/muenchen/cybermobbing-ki-app-schutz-kinder-li.3517569,0,www.sueddeutsche.de,"Mobbing: „Ich war immer froh, wenn die Pause vorbei war“","Als Kind wurde Leonardo Benini gemobbt und hat es niemandem erzählt, nicht einmal seinen Eltern. Heute ist er 23 Jahre alt und will mit einer App verhindern, dass andere Kinder damit allein bleiben müssen.",https://www.sueddeutsche.de/2026/07/20/50201023-6eec-46dd-8e8c-396c2e82722d.jpg?q=60&fm=webp&width=1200&rect=0%2C370%2C2362%2C1329,2026-07-20T13:05:55Z,,"Es gibt Kinder, die akribisch den Zeiger der Uhr verfolgen, bis der Pausengong klingelt. Leonardo Benini hingegen hasste ihn. Der Unterricht, sagt er, war sein sicherer Ort: geregelter Ablauf, eine L… [+203 chars]",,de,'Kinder'
https://www.freitag.de/autoren/der-freitag/kinderarmut-in-deutschland-warum-mich-meine-kinder-nicht-mal-nach-eis-fragen,https://www.freitag.de/autoren/der-freitag/kinderarmut-in-deutschland-warum-mich-meine-kinder-nicht-mal-nach-eis-fragen,0,www.freitag.de,Meine Kinder fragen mich im Sommer nicht mal nach Eis. Sie haben verstanden: Wir sind arm,"Als ihr Mann erkrankte, wurde unsere Autorin über Nacht zur pflegenden Angehörigen und alleinerziehenden Mutter dreier Kinder. Was macht Armut mit Kindern, wenn sie älter werden? Und warum werden ausgerechnet sie oft zu Mini-Kapitalisten? Mein Mann und ich wa…",https://www.freitag.de/autoren/der-freitag/kinderarmut-in-deutschland-warum-mich-meine-kinder-nicht-mal-nach-eis-fragen/@@images/image/great,2026-07-20T14:01:00Z,,"Mein Mann und ich waren uns einig: Unsere Kinder sollten es mal richtig gut haben und von den Entbehrungen unserer eigenen Kindheiten nichts wissen – so wurden wir erst spät Eltern, hatten aber das g… [+3640 chars]",,de,'Kinder'
https://www.iphone-ticker.de/spotify-free-verwaltete-konten-fuer-kinder-verfuegbar-281819/,https://www.iphone-ticker.de/spotify-free-verwaltete-konten-fuer-kinder-verfuegbar-281819/,0,www.iphone-ticker.de,Spotify Free: Verwaltete Konten für Kinder verfügbar,"Spotify bietet verwaltete Konten fortan auch im werbefinanzierten Free-Tarif an. Kinder und Jugendliche erhalten damit einen eigenen Zugang, der ausschließlich auf Musik ausgerichtet ist. Eltern und Erziehungsberechtigte können festlegen, welche Inhalte darüb…",https://images.iphone-ticker.de/wp-content/uploads/2026/07/spotify-kinder-feature.jpg,2026-07-20T15:13:57Z,,"Spotify bietet verwaltete Konten fortan auch im werbefinanzierten Free-Tarif an. Kinder und Jugendliche erhalten damit einen eigenen Zugang, der ausschließlich auf Musik ausgerichtet ist. Eltern und … [+2249 chars]",,de,'Kinder'
https://www.kino.de/film/wurde-auch-zeit-erster-trailer-zu-liam-neesons-action-kracher-a-la-fast-furious--01KXKH51H4170C13H5GYMJR25M,https://www.kino.de/film/wurde-auch-zeit-erster-trailer-zu-liam-neesons-action-kracher-a-la-fast-furious--01KXKH51H4170C13H5GYMJR25M,0,www.kino.de,„Wurde auch Zeit“: Erster Trailer zu Liam Neesons Action-Kracher à la „Fast & Furious“,Liam Neeson ist zurück im Actiongenre und gibt buchstäblich Gas im ersten Trailer zu „The Mongoose“.,https://static.kino.de/3d/bc/a8/9e1eddc88d9ca841ff1d4f4a29_ZmMgN2E1ZTUyZjVmZmZmIDE5MjAgMTA4MAMzYzllY2RhMTFmMg==.jpg,2026-07-20T17:20:25Z,,"Liam Neeson ist zurück im Actiongenre und gibt buchstäblich Gas im ersten Trailer zu The Mongoose.
Seit Liam Neeson Ende Oktober 2024 seinen Rückzug aus dem Actiongenre verkündet hat, sind bereits d… [+2076 chars]",,de,'Gas'
https://www.zeit.de/news/2026-07/20/tschechien-bringt-handyverbot-an-schulen-auf-den-weg,https://www.zeit.de/news/2026-07/20/tschechien-bringt-handyverbot-an-schulen-auf-den-weg,0,www.zeit.de,Kinder und Jugendliche: Tschechien bringt Handyverbot an Schulen auf den Weg,Hier finden Sie Informationen zu dem Thema „Kinder und Jugendliche“. Lesen Sie jetzt „Tschechien bringt Handyverbot an Schulen auf den Weg“.,https://img.zeit.de/news/2026-07/20/tschechien-bringt-handyverbot-an-schulen-auf-den-weg-image-group/wide__1300x731,2026-07-20T17:24:35Z,,In Tschechien sollen Handys und andere elektronische Kommunikationsgeräte wie zum Beispiel Smartwatches aus den Schulen verbannt werden. Das rechte Kabinett unter dem Ministerpräsidenten und Milliard… [+1537 chars],,de,'Kinder'
https://www.bild.de/politik/meinung-kommentare-kolumnen/kommentar-diese-sprit-politik-endet-im-totalschaden-6a5e3c3f3d7c8c257075eaaf,https://www.bild.de/politik/meinung-kommentare-kolumnen/kommentar-diese-sprit-politik-endet-im-totalschaden-6a5e3c3f3d7c8c257075eaaf,0,www.bild.de,Kommentar - Diese Sprit-Politik endet im Totalschaden,"Hohe Spritpreise treffen Pendler und Familien hart, während der Staat kräftig kassiert.","https://images.bild.de/6a5e3c3f3d7c8c257075eaaf/ad1e179201031b4d11c2c770e1bd7949,700f40b0?w=1280",2026-07-20T17:59:59Z,,TTS-Player überspringenArtikel weiterlesenAusgerechnet zur Urlaubswelle lässt Deutschland seine Autofahrer im Stich: Der Tankrabatt ist weg und bei uns kostet Sprit mehr als in fast allen EU-Ländern.… [+703 chars],,de,'Spritpreise'
https://www.bild.de/politik/inland/spritpreise-in-deutschland-warum-tanken-im-ausland-bis-zu-63-cent-billiger-ist-6a5ddd9dc72232627649dd99,https://www.bild.de/politik/inland/spritpreise-in-deutschland-warum-tanken-im-ausland-bis-zu-63-cent-billiger-ist-6a5ddd9dc72232627649dd99,0,www.bild.de,Sprit-Wut bei Deutschlands Autofahrern - Warum ist der Liter hinter der Grenze 63 Cent billiger?,Spritpreise in Europa im Vergleich: Warum Benzin und Diesel in Deutschland so teuer sind und Autofahrer im Ausland bis zu 63 Cent je Liter sparen.,"https://images.bild.de/6a5ddd9dc72232627649dd99/d50b59fb3745eaac644d77eca23d6f4e,646214f0?w=1280",2026-07-20T20:29:21Z,,"Deutsche Autofahrer zahlen an der Zapfsäule drastisch drauf. Ein Vergleich zeigt, wie viel günstiger eine Tankfüllung direkt hinter der Grenze ist in Polen sparen Sie bei 50 Litern Super über 30 Euro… [+354 chars]",,de,'Spritpreise'
https://www.zeit.de/news/2026-07/21/spd-kinder-sind-keine-potenziellen-sparposten,https://www.zeit.de/news/2026-07/21/spd-kinder-sind-keine-potenziellen-sparposten,0,www.zeit.de,Unterhalt: SPD: «Kinder sind keine potenziellen Sparposten»,Hier finden Sie Informationen zu dem Thema „Unterhalt“. Lesen Sie jetzt „SPD: «Kinder sind keine potenziellen Sparposten»“.,https://img.zeit.de/news/2026-07/21/spd-kinder-sind-keine-potenziellen-sparposten-image-group/wide__1300x731,2026-07-21T01:30:08Z,,Der rheinland-pfälzische SPD-Chef Alexander Schweitzer und Familienministerin Sabine Bätzing-Lichtenthäler sehen die Pläne der Bundesregierung zur Kürzung des Unterhaltszuschusses kritisch. «Statt be… [+3224 chars],,de,'Kinder'
https://www.n-tv.de/sport/fussball-wm/Nach-peinlicher-WM-Aktion-Embolo-bricht-sein-Schweigen-id31107428.html,https://www.n-tv.de/sport/fussball-wm/Nach-peinlicher-WM-Aktion-Embolo-bricht-sein-Schweigen-id31107428.html,0,www.n-tv.de,"""Gibt immer noch keine Worte"": Nach peinlicher WM-Aktion: Embolo bricht sein Schweigen","Breel Embolo leistet sich bei der Fußball-WM einen peinlichen Blackout. Für seine Schwalbe im Spiel gegen Argentinien sieht er Gelb-Rot. Er selbst ist danach geschockt und schweigt. Nun spricht er über seine Gefühle, nicht aber über seinen Blackout.",https://www.n-tv.de/img/31077427/1783871098/Img_16_9/1200/Soccer-Football-FIFA-World-Cup-2026-Quarter-Final-Argentina-v-Switzerland-Kansas-City-Stadium-Kansas-City-Missouri-U-S.jpg,2026-07-21T05:34:59Z,,Breel Embolo leistet sich bei der Fußball-WM einen peinlichen Blackout. Für seine Schwalbe im Spiel gegen Argentinien sieht er Gelb-Rot. Er selbst ist danach geschockt und schweigt. Nun spricht er üb… [+2236 chars],,de,'Blackout'
https://www.zeit.de/news/2026-07/21/essen-angebrannt-drei-kinder-und-ihre-mutter-verletzt,https://www.zeit.de/news/2026-07/21/essen-angebrannt-drei-kinder-und-ihre-mutter-verletzt,0,www.zeit.de,Merseburg: Essen angebrannt: drei Kinder und ihre Mutter verletzt,Hier finden Sie Informationen zu dem Thema „Merseburg“. Lesen Sie jetzt „Essen angebrannt: drei Kinder und ihre Mutter verletzt“.,https://img.zeit.de/news/2026-07/21/essen-angebrannt-drei-kinder-und-ihre-mutter-verletzt-image-group/wide__1300x731,2026-07-21T05:45:46Z,,"Bei einem Brand in Merseburg sind eine Mutter und ihre drei Kinder leicht verletzt worden. Die 41-Jährige bereitete am Montagabend nach Polizeiangaben eine Mahlzeit im Ofen zu, als es aus bislang ung… [+245 chars]",,de,'Kinder'
https://www.zeit.de/news/2026-07/21/wie-eltern-an-geld-fuer-mittagessen-und-klassenfahrten-kommen,https://www.zeit.de/news/2026-07/21/wie-eltern-an-geld-fuer-mittagessen-und-klassenfahrten-kommen,0,www.zeit.de,Alle Kinder essen mit: Wie Eltern an Geld für Mittagessen und Klassenfahrten kommen,Hier finden Sie Informationen zu dem Thema „Alle Kinder essen mit“. Lesen Sie jetzt „Wie Eltern an Geld für Mittagessen und Klassenfahrten kommen“.,https://img.zeit.de/news/2026-07/21/wie-eltern-an-geld-fuer-mittagessen-und-klassenfahrten-kommen-image-group/wide__1300x731,2026-07-21T07:33:24Z,,"Einkommensschwache Eltern, die einen staatlichen Zuschuss für Mittagessen in Kita und Schule oder für die Klassenfahrt ihres Kindes benötigen, können in Nordrhein-Westfalen auch künftig Hilfe erhalte… [+1755 chars]",,de,'Kinder'
https://www.zeit.de/news/2026-07/21/carl-will-nach-dopingsperre-im-kommenden-winter-zurueckkehren,https://www.zeit.de/news/2026-07/21/carl-will-nach-dopingsperre-im-kommenden-winter-zurueckkehren,0,www.zeit.de,Skilanglauf: Carl will nach Dopingsperre im kommenden Winter zurückkehren,Hier finden Sie Informationen zu dem Thema „Skilanglauf“. Lesen Sie jetzt „Carl will nach Dopingsperre im kommenden Winter zurückkehren“.,https://img.zeit.de/news/2026-07/21/carl-will-nach-dopingsperre-im-kommenden-winter-zurueckkehren-image-group/wide__1300x731,2026-07-21T08:04:36Z,,Langläuferin Victoria Carl will nach Ablauf der aktuellen Dopingsperre im kommenden Winter wieder im Weltcup an den Start gehen. Darüber informierte der Deutsche Skiverband (DSV) via Instagram. «Die … [+1040 chars],,de,'Winter'
https://www.morgenpost.de/wirtschaft/article412623643/heizoelpreise-heizung-aktuell-21-juli-heute-heizoel-kaufen-preis.html,https://www.morgenpost.de/wirtschaft/article412623643/heizoelpreise-heizung-aktuell-21-juli-heute-heizoel-kaufen-preis.html,0,www.morgenpost.de,"Heizölpreise heute: Das ist der aktuelle Preis von Dienstag, 21. Juli",Die Heizölpreise in Deutschland schwanken stark. Politische Krisen und Rohölpreise bestimmen die Entwicklung. Ein Überblick.,https://img.sparknews.funkemedien.de/406640396/406640396_1719216868_v16_9_1600.jpeg,2026-07-21T08:04:38Z,,"Der Krieg im Nahen Osten dauert an, zwischen den USA und dem Iran eskaliert es wieder. Nachdem US-Präsident Donald Trump die Waffenruhe für beendet erklärt hatte, setzte Teheran das Rahmenabkommen au… [+8780 chars]",,de,'Rohöl'
https://www.zeit.de/news/2026-07/21/mehr-als-17-000-faelle-sexueller-gewalt-gegen-kinder,https://www.zeit.de/news/2026-07/21/mehr-als-17-000-faelle-sexueller-gewalt-gegen-kinder,0,www.zeit.de,Missbrauchsbericht: Mehr als 17.000 Fälle sexueller Gewalt gegen Kinder,Hier finden Sie Informationen zu dem Thema „Missbrauchsbericht“. Lesen Sie jetzt „Mehr als 17.000 Fälle sexueller Gewalt gegen Kinder“.,https://img.zeit.de/news/2026-07/21/mehr-als-17-000-faelle-sexueller-gewalt-gegen-kinder-image-group/wide__1300x731,2026-07-21T08:10:04Z,,"Die Zahl der registrierten Fälle sexuellen Kindesmissbrauchs in Deutschland ist in den vergangenen fünf Jahren deutlich gestiegen. Im vergangenen Jahr zählte die Polizei 17.126 Fälle, das waren rund … [+1866 chars]",,de,'Kinder'
https://www.zeit.de/news/2026-07/21/zunehmende-sexuelle-gewalt-gegen-kinder-in-bund-und-land,https://www.zeit.de/news/2026-07/21/zunehmende-sexuelle-gewalt-gegen-kinder-in-bund-und-land,0,www.zeit.de,Missbrauchsbericht: Zunehmende sexuelle Gewalt gegen Kinder in Bund und Land,Hier finden Sie Informationen zu dem Thema „Missbrauchsbericht“. Lesen Sie jetzt „Zunehmende sexuelle Gewalt gegen Kinder in Bund und Land“.,https://img.zeit.de/news/2026-07/21/zunehmende-sexuelle-gewalt-gegen-kinder-in-bund-und-land-image-group/wide__1300x731,2026-07-21T10:36:52Z,,"Die Zahl der registrierten Fälle sexuellen Kindesmissbrauchs in Deutschland ist in den vergangenen fünf Jahren deutlich gestiegen. Im vergangenen Jahr zählte die Polizei 17.126 Fälle, das waren rund … [+2354 chars]",,de,'Kinder'
https://www.tagesschau.de/inland/gesellschaft/bundeslagebild-sexueller-missbrauch-kinder-jugendliche-100.html,https://www.tagesschau.de/inland/gesellschaft/bundeslagebild-sexueller-missbrauch-kinder-jugendliche-100.html,0,www.tagesschau.de,Mehr Fälle von sexuellem Missbrauch gegen Kinder,"Das Bundeskriminalamt hat für 2025 einen Anstieg bei Fällen von sexuellem Missbrauch gegen Kinder und Jugendliche registriert. Innenminister Dobrindt nennt die Zahlen ""erschreckend hoch"" - und geht von einem noch höheren Dunkelfeld aus.",https://images.tagesschau.de/image/402fddb7-d9ea-4e0e-a7fc-4abf8be17d6f/AAABn4RD31w/AAABnSSvrFg/16x9-big/muench-claus-dobrindt-100.jpg?width=1280,2026-07-21T10:41:08Z,,"Stand: 21.07.2026 12:41 Uhr
Das Bundeskriminalamt hat für 2025 einen Anstieg von Fällen sexuellem Missbrauchs gegen Kinder und Jugendliche registriert. Innenminister Dobrindt nennt die Zahlen ""ersch… [+3399 chars]",,de,'Kinder'
https://www.zeit.de/familie/2026-07/kuenstliche-intelligenz-kinder-ki-brian-david-johnson,https://www.zeit.de/familie/2026-07/kuenstliche-intelligenz-kinder-ki-brian-david-johnson,0,www.zeit.de,KI und Kinder: »KI ist mächtig wie eine Motorsäge«,"Eltern fürchten um die Psyche, Kreativität und Sicherheit ihrer Kinder im Umgang mit KI. Der Zukunftsforscher Brian David Johnson sagt dennoch: KI ist toll für Kinder.",https://img.zeit.de/familie/2026-07/kinder-ki-interview-brian-david-johnson-bild/wide__1300x731,2026-07-21T11:01:16Z,,"Schließen
Artikelzusammenfassung
KI ist für Kinder kein Zauberwesen, sondern eine Motorsäge mit Interface. Brian David Johnson argumentiert im ZEIT-Gespräch chronologisch vom alten Technikschock Bu… [+1199 chars]",,de,'Kinder'
https://www.faz.net/aktuell/politik/inland/online-missbrauch-von-kindern-dobrindt-fordert-datenspeicherung-accg-201047305.html,https://www.faz.net/aktuell/politik/inland/online-missbrauch-von-kindern-dobrindt-fordert-datenspeicherung-accg-201047305.html,0,www.faz.net,Sexueller Missbrauch: „Wir müssen unsere Kinder noch besser schützen“,Online begangene Sexualdelikte an Minderjährigen haben deutlich zugenommen. Innenminister Dobrindt will gegen die „widerwärtigen Straftaten“ mehr tun dürfen.,https://media0.faz.net/image/w1200h627/afc0715114a0/w6144h3210x0y763o/202607/43601.0.2356999976/bundesinnenminister-alexander.webp,2026-07-21T11:08:24Z,,"Die Fallzahlen von Sexualdelikten an Kindern und Jugendlichen sind im Jahr 2025 in vielen Bereichen gestiegen, weil die Taten immer häufiger online begangen werden. Das geht aus dem heute vorgestellt… [+5153 chars]",,de,'Kinder'
https://www.bild.de/leben-wissen/wohnen-living/pool-mit-solar-heizen-kosten-vorteile-und-sparpotenzial-im-check-6a5e306685fbf0a2ffee3824,https://www.bild.de/leben-wissen/wohnen-living/pool-mit-solar-heizen-kosten-vorteile-und-sparpotenzial-im-check-6a5e306685fbf0a2ffee3824,0,www.bild.de,Poolbesitzer aufgepasst - So senken Sie Ihre Heizkosten mit Solarenergie,"Solarheizung, Wärmepumpe oder PV-Anlage? So hoch sind Kosten, Einsparungen und warum sich die Kombination oft besonders lohnt.","https://images.bild.de/6a5e306685fbf0a2ffee3824/db2278843569e907a37ff16520ab6438-landscape,7c9dd0b8?w=1280",2026-07-21T12:21:07Z,,"TTS-Player überspringenArtikel weiterlesenIst das Poolwasser zu kalt, gibt es verschiedene Möglichkeiten zum Heizen. Elektrische Heizungen sowie Gas-Wärmetauscher sind gängig für das Beheizen von gro… [+1763 chars]",,de,'Heizkosten'
https://www.zeit.de/news/2026-07/21/wenige-kinder-von-gleichgeschlechtlichen-paaren-adoptiert,https://www.zeit.de/news/2026-07/21/wenige-kinder-von-gleichgeschlechtlichen-paaren-adoptiert,0,www.zeit.de,Statistik: Wenige Kinder von gleichgeschlechtlichen Paaren adoptiert,Hier finden Sie Informationen zu dem Thema „Statistik“. Lesen Sie jetzt „Wenige Kinder von gleichgeschlechtlichen Paaren adoptiert“.,https://img.zeit.de/news/2026-07/21/wenige-kinder-von-gleichgeschlechtlichen-paaren-adoptiert-image-group/wide__1300x731,2026-07-21T13:05:36Z,,"In Thüringen sind im vergangenen Jahr drei Kinder von gleichgeschlechtlichen Paaren adoptiert worden. Das geht aus Zahlen des Thüringer Landesamts für Statistik hervor, die die Behörde auf Anfrage mi… [+584 chars]",,de,'Kinder'
https://www.tagesschau.de/ausland/europa/rumaenien-frachter-schwarzes-meer-100.html,https://www.tagesschau.de/ausland/europa/rumaenien-frachter-schwarzes-meer-100.html,0,www.tagesschau.de,Rumänien meldet Angriff auf Gas-Tanker im Schwarzen Meer,"Vor der rumänischen Schwarzmeerküste ist offenbar ein Gas-Tanker angegriffen worden, drei Seeleute wurden dabei schwer verletzt. Rumäniens Präsident Dan vermutet einen Zusammenhang mit dem russischen Angriffskrieg gegen die Ukraine.",https://images.tagesschau.de/image/696eecc3-7d0e-4c3e-b485-07204cfc0766/AAABn4Rjsw0/AAABnSSvrFg/16x9-big/rettungsschiff-rumaenien-100.jpg?width=1280,2026-07-21T14:19:33Z,,"Stand: 21.07.2026 16:19 Uhr
Vor der rumänischen Schwarzmeerküste ist offenbar ein Gas-Tanker angegriffen worden, drei Seeleute wurden dabei schwer verletzt. Rumäniens Präsident Dan vermutet einen Zu… [+1517 chars]",,de,'Gas'
https://www.zeit.de/politik/ausland/2026-07/andy-burnham-grossbritannien-energiekosten-steuern,https://www.zeit.de/politik/ausland/2026-07/andy-burnham-grossbritannien-energiekosten-steuern,0,www.zeit.de,Großbritannien: Burnham will Lebenshaltungskosten senken,"Der neue britische Premierminister kündigt an, als erstes die Energiekosten zu reduzieren. Damit will Andy Burnham den Menschen »das Gefühl geben, dass Hoffnung naht«.",https://img.zeit.de/politik/ausland/2026-07/andy-burnham-grossbritannien-energiekosten-steuern-foto-1/wide__1300x731,2026-07-21T14:59:35Z,,"Der neue britische Premierminister Andy Burnham hat bei der ersten Sitzung seines Kabinetts Entlastungen bei den Energiekosten angekündigt. Burnham erklärte, seine Regierung werde sich auf die Senkun… [+1380 chars]",,de,'Energiekosten'
https://taz.de/EU-Methanverordnung/!6197822/,https://taz.de/EU-Methanverordnung/!6197822/,0,taz.de,EU-Methanverordnung: Keine Strafen für den Klimakiller Methan,"Die EU-Kommission will zwar an der Methanverordnung festhalten – aber Gas- und Ölunternehmen die Strafen erlassen, wenn sie dagegen verstoßen.",https://taz.de/picture/8622964/1200/41718129.jpeg,2026-07-21T15:50:00Z,,"Die EU-Kommission will zwar an der Methanverordnung festhalten – aber Gas- und Ölunternehmen die Strafen erlassen, wenn sie dagegen verstoßen. mehr...",,de,'Gas'
https://www.bild.de/politik/inland/2-15-euro-fuer-den-liter-e10-wer-verdient-an-unserem-sprit-6a5f1b3d3d7c8c257075f906,https://www.bild.de/politik/inland/2-15-euro-fuer-den-liter-e10-wer-verdient-an-unserem-sprit-6a5f1b3d3d7c8c257075f906,0,www.bild.de,"2,15 Euro für den Liter - Wer verdient an unserem Sprit?","Hohe Spritpreise: Staat kassiert viel, doch vor allem Ölkonzerne profitieren stark.","https://images.bild.de/6a5f1b3d3d7c8c257075f906/3c92567b11ebf056301a0751b553d0fb,739f9222?w=1280",2026-07-21T16:03:10Z,,"TTS-Player überspringenArtikel weiterlesenBerlin Mehr als zwei Euro für einen Liter Sprit. Die Zapfsäule läuft, der Preis rast doch wer bekommt unser Geld? Super E10 kostet im Bundesschnitt 2,151 Eur… [+2691 chars]",,de,'Spritpreise'
https://www.zeit.de/news/2026-07/21/mutter-und-vier-kinder-verletzt-ueber-acht-jahre-jugendhaft,https://www.zeit.de/news/2026-07/21/mutter-und-vier-kinder-verletzt-ueber-acht-jahre-jugendhaft,0,www.zeit.de,Bluttat in Bergkamen: Mutter und vier Kinder verletzt: über acht Jahre Jugendhaft,Hier finden Sie Informationen zu dem Thema „Bluttat in Bergkamen“. Lesen Sie jetzt „Mutter und vier Kinder verletzt: über acht Jahre Jugendhaft“.,https://img.zeit.de/news/2026-07/21/mutter-und-vier-kinder-verletzt-ueber-acht-jahre-jugendhaft-image-group/wide__1300x731,2026-07-21T16:21:13Z,,Sieben Monate nach einer nächtlichen Messerattacke auf eine junge Mutter und ihre vier Kinder in Bergkamen hat das Dortmunder Landgericht das Urteil gesprochen. Gegen den heute 21 Jahre alten Angekla… [+1795 chars],,de,'Kinder'
https://www.zeit.de/digital/2026-07/social-media-verbot-frankreich-gesetz-jugendliche,https://www.zeit.de/digital/2026-07/social-media-verbot-frankreich-gesetz-jugendliche,0,www.zeit.de,Soziale Medien: Frankreich beschließt Social-Media-Verbot für unter 15-Jährige,Nach den Sommerferien dürfen Kinder unter 15 Jahren in Frankreich keine neuen Social-Media-Konten erstellen. Frankreich ist das erste EU-Land mit einem solchen Verbot.,https://img.zeit.de/digital/2026-07/social-media-verbot-frankreich-gesetz-jugendliche-foto-1/wide__1300x731,2026-07-21T18:48:28Z,,"Schließen
Artikelzusammenfassung
Frankreich zieht bei Social Media die Reißleine. Als erstes EU-Land hat die Republik ein Verbot für Kinder unter 15 beschlossen, getragen von einer satten Mehrheit … [+1066 chars]",,de,'Kinder'
https://www.tagesschau.de/ausland/europa/frankreich-social-media-verbot-102.html,https://www.tagesschau.de/ausland/europa/frankreich-social-media-verbot-102.html,0,www.tagesschau.de,Frankreich beschließt Social-Media-Verbot für Kinder unter 15 Jahren,Frankreich führt als erstes EU-Land ein Social-Media-Verbot für Kinder und Jugendliche unter 15 Jahren ein. Nach dem französischen Senat stimmte auch die Nationalversammlung mit großer Mehrheit für das Gesetz.,https://images.tagesschau.de/image/a226a510-93a4-49f5-8acf-1923e97123d8/AAABn4YtMu4/AAABnSSvrFg/16x9-big/frankreich-parlament-104.jpg?width=1280,2026-07-21T19:23:24Z,,"Stand: 21.07.2026 21:23 Uhr
Frankreich führt als erstes EU-Land ein Social-Media-Verbot für Kinder und Jugendliche unter 15 Jahren ein. Nach dem französischen Senat stimmte auch die Nationalversamml… [+2511 chars]",,de,'Kinder'
https://www.bild.de/regional/dortmund/dortmund-kinderarzt-78-in-seiner-villa-getoetet-6a5faf8f2937e4865893f4a3,https://www.bild.de/regional/dortmund/dortmund-kinderarzt-78-in-seiner-villa-getoetet-6a5faf8f2937e4865893f4a3,0,www.bild.de,Sohn festgenommen - Kinderarzt (78) in seiner Villa getötet,Der gewaltsame Tod des beliebten Mediziners sorgte für Entsetzen. Einer der Söhne soll die Tat gestanden haben.,"https://images.bild.de/6a5faf8f2937e4865893f4a3/317973c6bfa12b983e439f4b0c04f019,7b56a723?w=1280",2026-07-21T19:26:18Z,,TTS-Player überspringenArtikel weiterlesenDortmund Schreckliches Verbrechen in einem Dortmunder Vorort: Polizisten haben am Dienstagmittag einen Witwer (78) tot in seiner Villa entdeckt  schnell war … [+1347 chars],,de,'Kinder'
https://www.bild.de/regional/nordrhein-westfalen/frau-und-kinder-attackiert-jugendstrafe-fuer-grinsenden-messerstecher-6a5f5409668d28f8978b173a,https://www.bild.de/regional/nordrhein-westfalen/frau-und-kinder-attackiert-jugendstrafe-fuer-grinsenden-messerstecher-6a5f5409668d28f8978b173a,0,www.bild.de,Frau und vier Kinder nachts attackiert - Jugendstrafe für grinsenden Messerstecher,Florian L. (21) hatte seine gute Freundin und ihre Kinder schwer verletzt. Im Prozess schwieg er beharrlich.,"https://images.bild.de/6a5f5409668d28f8978b173a/6f5a7b78df1a6c903bac38d455e8bc36,d29a49e5?w=1280",2026-07-21T20:04:00Z,,"TTS-Player überspringenArtikel weiterlesenBergkamen Das Verbrechen klingt wie eine Szene aus einem Horrorfilm: Der enge Freund der Familie steht nachts auf, greift sich ein Messer und sticht wie im R… [+2550 chars]",,de,'Kinder'
https://www.n-tv.de/politik/Frankreich-verbietet-soziale-Medien-fuer-unter-15-Jaehrige-id31110820.html,https://www.n-tv.de/politik/Frankreich-verbietet-soziale-Medien-fuer-unter-15-Jaehrige-id31110820.html,0,www.n-tv.de,Als erstes Land der EU: Frankreich verbietet soziale Medien für unter 15-Jährige,"Kinder in Frankreich sollen lieber lesen statt scrollen, findet Präsident Macron und treibt ein Social-Media-Verbot für junge Menschen voran. Im Parlament findet das Vorhaben große Zustimmung. Auch andere EU-Länder denken über ähnliche Schritte nach. Die Umse…",https://www.n-tv.de/img/31110843/1784675696/Img_16_9/1200/SYMBOLBILD-17-05-2025-Sachsen-Leipzig-Eine-Jugendliche-sitzt-auf-dem-Boden-und-nutzt-ein-Smartphone-auf-dem-Display-sind-verschiedene-Apps-zu-sehen.jpg,2026-07-21T21:21:49Z,,"Als erstes Land der EUFrankreich verbietet soziale Medien für unter 15-Jährige
In Frankreich sollen Tiktok, Instagram und andere Plattformen die Konten ihrer jungen Nutzer in den kommenden Monaten l… [+3105 chars]",,de,'Kinder'
https://www.welt.de/politik/deutschland/article6a60001a660ef8219eaa80e9/benzin-und-diesel-unsere-nachbarlaender-schauen-teils-mit-haeme-auf-uns-sagt-kluessendorf-zu-spritpreisen-in-deutschland.html,https://www.welt.de/politik/deutschland/article6a60001a660ef8219eaa80e9/benzin-und-diesel-unsere-nachbarlaender-schauen-teils-mit-haeme-auf-uns-sagt-kluessendorf-zu-spritpreisen-in-deutschland.html,0,www.welt.de,"„Unsere Nachbarländer schauen teils mit Häme auf“, sagt Klüssendorf zu Spritpreisen in Deutschland",Angesichts des Iran-Kriegs bringt der SPD-Generalsekretär die Aufnahme neuer Schulden ins Spiel. Wegen der hohen Spritpreise bezeichnete Klüssendorf Deutschland als Paradies für Mineralölkonzerne.,https://images.welt.de/6a60001a660ef8219eaa80e9/ecf8a1079b99ea7eba75d062c021605b-master/ci16x9-w1200/dpa-com-260714-935-1478884-jpg,2026-07-22T00:03:46Z,,Angesichts des Iran-Kriegs bringt der SPD-Generalsekretär die Aufnahme neuer Schulden ins Spiel. Wegen der hohen Spritpreise bezeichnete Klüssendorf Deutschland als Paradies für Mineralölkonzerne.Weg… [+3373 chars],,de,'Spritpreise'
https://www.derstandard.at/story/3000000332342/social-media-verbot-die-digitale-gefahr-endet-nicht-am-14-geburtstag,https://www.derstandard.at/story/3000000332342/social-media-verbot-die-digitale-gefahr-endet-nicht-am-14-geburtstag,0,www.derstandard.at,Social-Media-Verbot: Die digitale Gefahr endet nicht am 14. Geburtstag,"Statt Kinder und Jugendliche komplett auszusperren, müssen die Tech-Konzerne verpflichtet werden, ihre Sucht fördernden Algorithmen zu zähmen",https://i.ds.at/m1AHaw/rs:fill:1200:600/plain/lido-images/2025/03/21/d6065c0e-bba4-4891-8094-2f98bc279dfd.jpeg,2026-07-22T03:00:00Z,,"Sie entscheiden darüber, wie Sie unsere Inhalte nutzen wollen. Ihr Gerät erlaubt uns derzeit leider nicht, die entsprechenden Optionen anzuzeigen.
Bitte deaktivieren Sie sämtliche Hard- und Software… [+180 chars]",,de,'Kinder'
https://www.diepresse.com/38769048/leihmutterschaft-ein-geschaeft-das-keine-grenzen-kennt,https://www.diepresse.com/38769048/leihmutterschaft-ein-geschaeft-das-keine-grenzen-kennt,0,www.diepresse.com,"Leihmutterschaft: Ein Geschäft, das keine Grenzen kennt",Frauen sind keine Gebärmaschinen – und Kinder sind keine Handelsware.,https://img.diepresse.com/public/incoming/9mz161-kein-titel/alternates/WEBP_WIDE_1200/kein%20Titel,2026-07-22T03:51:28Z,,"Die Presse auf Google als bevorzugte Nachrichtenquelle hinzufügen.
Es gibt keine ethisch saubere Leihmutterschaft, schreibt Susanne Kummer in ihrem Gastkommentar. Clemens Fabry
Der frühere deutsche… [+3592 chars]",,de,'Kinder'
https://www.tagesspiegel.de/gesellschaft/panorama/unfalle-nach-geisterfahrt-auf-a45-zwolfjahrige-gestorben-15864233.html,https://www.tagesspiegel.de/gesellschaft/panorama/unfalle-nach-geisterfahrt-auf-a45-zwolfjahrige-gestorben-15864233.html,0,www.tagesspiegel.de,Unfälle: Nach Geisterfahrt auf A45: Zwölfjährige gestorben,Nach dem folgenschweren Unfall einer Geisterfahrerin in Hessen ist eines der lebensgefährlich verletzten Kinder gestorben. Drei Menschen schweben weiterhin in Lebensgefahr.,https://www.tagesspiegel.de/images/15864232/alternates/BASE_16_9_W1400/1784692640000/polizei.jpeg,2026-07-22T03:57:21Z,,Nach dem schweren Unfall mit einer Geisterfahrerin auf der A45 nahe dem hessischen Florstadt ist eines der drei lebensgefährlich verletzten Kinder gestorben. Das zwölfjährige Mädchen sei am frühen Di… [+954 chars],,de,'Kinder'
https://burgenland.orf.at/stories/3363613/,https://burgenland.orf.at/stories/3363613/,0,burgenland.orf.at,Spritpreise wieder gestiegen,"Das Wiederaufflammen des Irankriegs macht sich erneut an den Zapfsäulen im Burgenland bemerkbar. Aktuell kostet ein Liter Diesel durchschnittlich zwei Euro, ein Liter Super ist nur geringfügig günstiger und das belastet so manches Haushaltsbudget enorm.",https://ibs.orf.at/bgl?image=https%3A%2F%2Foekastatic.orf.at%2Fmims%2F2026%2F30%2F43%2Fcrops%2Fw%3D1200%2Ch%3D627%2Cq%3D75%2F3121772_master_1209543_sprit1.jpg%3Fs%3D1b3021a79cfe44247f1394a90489a8eb1bd6668d,2026-07-22T04:25:00Z,,"Auch wenn die Spritpreise im Burgenland etwas günstiger sind, als im Österreich-Schnitt, belastet das Tanken wieder das Budget vieler Burgenländerinnen und Burgenländer. Die Spritpreisbremse sei da n… [+1173 chars]",,de,'Spritpreise'
https://www.zeit.de/news/2026-07/22/hohe-spritpreise-bsw-sieht-landesregierung-in-der-pflicht,https://www.zeit.de/news/2026-07/22/hohe-spritpreise-bsw-sieht-landesregierung-in-der-pflicht,0,www.zeit.de,Mobilitätskosten: Hohe Spritpreise: BSW sieht Landesregierung in der Pflicht,Hier finden Sie Informationen zu dem Thema „Mobilitätskosten“. Lesen Sie jetzt „Hohe Spritpreise: BSW sieht Landesregierung in der Pflicht“.,https://img.zeit.de/news/2026-07/22/hohe-spritpreise-bsw-sieht-landesregierung-in-der-pflicht-image-group/wide__1300x731,2026-07-22T05:21:11Z,,Wegen der zuletzt stark gestiegenen Spritpreise hat BSW-Spitzenkandidatin Claudia Wittig den Ministerpräsidenten Sven Schulze zum Handeln aufgefordert. «Der Ministerpräsident sollte einen schnellstmö… [+1378 chars],,de,'Spritpreise'
https://www.faz.net/aktuell/politik/usa-unter-trump/ploetzlich-gehts-im-us-streit-ueber-geschichte-um-dragqueens-accg-201052234.html,https://www.faz.net/aktuell/politik/usa-unter-trump/ploetzlich-gehts-im-us-streit-ueber-geschichte-um-dragqueens-accg-201052234.html,0,www.faz.net,Kongressanhörung zu Museen: „Sexualisieren Sie Kinder?“,Eigentlich sollte sich die Kongressanhörung um die Frage der Geschichtserzählung in US-Museen drehen. Doch dann ging es plötzlich um Dragqueens und Bondage.,https://media0.faz.net/image/w1200h627/847651fd5fa0/w4000h2090x0y289o/202607/43601.0.2358493258/die-direktorin-des-nationalen.webp,2026-07-22T05:32:50Z,,Die Befragung der Washingtoner Museumsdirektorin Anthea Hartig vor einem Kongressausschuss markierte die jüngste Eskalation in dem seit Monaten schwelenden Konflikt über die amerikanische Geschichtss… [+4155 chars],,de,'Kinder'
https://www.deutsche-startups.de/2026/07/22/warum-nrw-zum-deeptech-hotspot-europas-wird/,https://www.deutsche-startups.de/2026/07/22/warum-nrw-zum-deeptech-hotspot-europas-wird/,0,www.deutsche-startups.de,#Gastbeitrag - Warum NRW zum DeepTech-Hotspot Europas wird,"DeepTech ist der Schlüssel, um Deutschland neu zu erfinden. In NRW trifft eine dichte Forschungslandschaft auf hohe Gründungsdynamik und eine starke industrielle Basis. Damit hat NRW das Potenzial, zum DeepTech-Taktgeber zu werden. Ein Gastbeitrag von Johanna…",https://www.deutsche-startups.de/wp-content/uploads/2026/05/ds-deepTech-ki.jpg,2026-07-22T06:15:00Z,,57 Millionen Euro für ein Quantencomputing-Startup aus Siegen die Series-A von eleQtron gehört zu den größten Finanzierungsrunden weltweit in diesem Bereich. Diese Nachricht machte jüngst internation… [+5226 chars],,de,'Gas'
https://www.sueddeutsche.de/kultur/dreams-film-jessica-chastain-kritik-li.3517018,https://www.sueddeutsche.de/kultur/dreams-film-jessica-chastain-kritik-li.3517018,0,www.sueddeutsche.de,Film: Wohltätigkeit ist hier eine Waffe,Eine Mäzenin hat eine Affäre mit einem jungen mexikanischen Tänzer. Der Film „Dreams“ mit Jessica Chastain dokumentiert die Kälte des Umgangs mit Kunst in den USA.,https://www.sueddeutsche.de/2026/07/21/e8df4d31-beba-49ed-aa32-173ddaf54020.jpg?q=60&fm=webp&width=1200&rect=384%2C0%2C2233%2C1256,2026-07-22T07:29:03Z,,"Fernando weiß, unter welchem Strauch der Haustürschlüssel liegt in dem schicken Viertel von San Francisco. Er weiß, dass es im Kühlschrank immer ein paar Reste zu essen geben wird. Wenn Jennifer dann… [+311 chars]",,de,'Kälte'
https://www.tagesschau.de/inland/gesellschaft/stromausfall-blackout-100.html,https://www.tagesschau.de/inland/gesellschaft/stromausfall-blackout-100.html,0,www.tagesschau.de,Vorbereitung auf mögliche Blackouts: Wenn auf einmal der Strom weg ist,In Berlin waren Anfang des Jahres etwa 50.000 Haushalte ohne Strom. Wie kann sich Deutschland besser auf solche Szenarien vorbereiten? Von Marko Rösseler und David Zajonz.,https://images.tagesschau.de/image/afa411a4-cb3c-4da9-8927-f7621c688c7c/AAABn4j-9Q0/AAABnSSvrFg/16x9-big/stromausfall-berlin-120.jpg?width=1280,2026-07-22T08:43:58Z,,"Stand: 22.07.2026 10:43 Uhr
In Berlin waren Anfang des Jahres etwa 50.000 Haushalte ohne Strom. Wie kann sich Deutschland besser auf solche Szenarien vorbereiten? 
In seinem Altenheim ist Michael Z… [+4654 chars]",,de,'Blackout'
https://www.welt.de/wirtschaft/video6a607dca8f5bba832e162e8b/spritpreise-steigen-ein-preisdeckel-kann-funktionieren.html,https://www.welt.de/wirtschaft/video6a607dca8f5bba832e162e8b/spritpreise-steigen-ein-preisdeckel-kann-funktionieren.html,0,www.welt.de,„Ein Preisdeckel kann funktionieren“,"In Deutschland steigen wieder die Spritpreise. Daniela Karbe-Geßler, Bundesgeschäftsführerin beim Bund der Steuerzahler, fordert eine höhere Pendlerpauschale: „Die Entlastung muss natürlich her, insbesondere für diejenigen, die zwingend Autofahren müssen“, sa…",https://images.welt.de/6a607dca8f5bba832e162e8b/95683803ca492d6a4034d25f12be77d3/ci16x9-w1200/dpa-com-260716-935-1483834-jpg,2026-07-22T10:00:51Z,,"In Deutschland steigen wieder die Spritpreise. Daniela Karbe-Geßler, Bundesgeschäftsführerin beim Bund der Steuerzahler, fordert eine höhere Pendlerpauschale: Die Entlastung muss natürlich her, insbe… [+133 chars]",,de,'Spritpreise'
https://www.n-tv.de/wirtschaft/Ministerin-Reiche-plant-keine-Hilfen-gegen-steigende-Spritpreise-id31112774.html,https://www.n-tv.de/wirtschaft/Ministerin-Reiche-plant-keine-Hilfen-gegen-steigende-Spritpreise-id31112774.html,0,www.n-tv.de,Rente soll Startups finanzieren: Ministerin Reiche plant keine Hilfen gegen steigende Spritpreise,Katherina Reiche bleibt hart: Eingriffe gegen die steigenden Preise an den Tankstellen lehnt sie ab. Unter anderem verweist die Wirtschaftsministerin auf die leere Kasse des Bundes. Dessen Mittel sollen unter anderem lieber in Startups fließen. Die sollen Arb…,https://www.n-tv.de/img/31112071/1784713249/Img_16_9/1200/Katherina Reiche.jpg,2026-07-22T10:22:25Z,,"Rente soll Startups finanzierenMinisterin Reiche plant keine Hilfen gegen steigende Spritpreise
Katherina Reiche bleibt hart: Eingriffe gegen die steigenden Preise an den Tankstellen lehnt sie ab. U… [+6289 chars]",,de,'Spritpreise'
https://www.welt.de/videos/video6a60985cea7bf3843138ad4c/hohe-spritpreise-der-tanktourismus-nimmt-im-moment-wieder-zu.html,https://www.welt.de/videos/video6a60985cea7bf3843138ad4c/hohe-spritpreise-der-tanktourismus-nimmt-im-moment-wieder-zu.html,0,www.welt.de,„Der Tanktourismus nimmt im Moment wieder zu“,"Die hohen Spritpreise in Deutschland führen zu einer Zunahme des Tanktourismus nach Tschechien. Reporter Lutz Stordel beobachtet die Situation in Petrovice direkt hinter der Grenze: „Für diejenigen, die grenznah wohnen, ist es ein Glücksfall.“",https://images.welt.de/6a60985cea7bf3843138ad4c/79595d2309e880d06dfdac5ff14c3fe6/ci16x9-w1200/stordel-png,2026-07-22T11:05:32Z,,"Die hohen Spritpreise in Deutschland führen zu einer Zunahme des Tanktourismus nach Tschechien. Reporter Lutz Stordel beobachtet die Situation in Petrovice direkt hinter der Grenze: Für diejenigen, d… [+101 chars]",,de,'Spritpreise'
https://www.golem.de/sonstiges/zustimmung/auswahl.html?from=https://www.golem.de/news/gas-statt-batterien-technologieoffen-ist-auschreibung-zu-reservekraftwerken-nicht-2607-211155.html&referer=https://t.co/9be7a5396d,https://www.golem.de/sonstiges/zustimmung/auswahl.html?from=https://www.golem.de/news/gas-statt-batterien-technologieoffen-ist-auschreibung-zu-reservekraftwerken-nicht-2607-211155.html&referer=https://t.co/9be7a5396d,0,www.golem.de,Gas statt Batterien: Technologieoffen ist Auschreibung zu Reservekraftwerken nicht,"Die Bundesnetzagentur schreibt 4,5 Gigawatt Reserveleistung aus. Batteriespeicher werden dabei auf fast absurde Weise benachteiligt. (Bundesnetzagentur, Energiewende)",,2026-07-22T11:20:02Z,,"Besuchen Sie Golem.de wie gewohnt mit Werbung und Tracking,
 indem Sie der Nutzung aller Cookies zustimmen.
 Details zum Tracking finden Sie im Privacy Center.
Skript wurde nicht geladen. Informat… [+607 chars]",,de,'Gas'
https://www.n-tv.de/wirtschaft/Russland-kauft-sein-Rohoel-aus-Indien-zurueck-als-raffiniertes-Benzin-id31111761.html,https://www.n-tv.de/wirtschaft/Russland-kauft-sein-Rohoel-aus-Indien-zurueck-als-raffiniertes-Benzin-id31111761.html,0,www.n-tv.de,Moskaus neue Tankstelle: Russland kauft sein Rohöl aus Indien zurück - als raffiniertes Benzin,In Russland werden Benzin und Diesel knapp. Der drittgrößte Ölproduzent der Welt muss zu ungewöhnlichen Maßnahmen greifen: Die russische Regierung kauft Benzin aus seinem eigenen Rohöl teuer aus Indien zurück.,https://www.n-tv.de/img/31112834/1784721399/Img_16_9/1200/RUSSIA-KALININGRAD-JUNE-29-2026-A-view-of-a-Lukoil-fuel-filling-station.jpg,2026-07-22T12:47:24Z,,"Von der Benzinkrise sind inzwischen etwa 90 Prozent der russischen Regionen betroffen. (Foto: IMAGO/ITAR-TASS)
In Russland werden Benzin und Diesel knapp. Der drittgrößte Ölproduzent der Welt muss z… [+6294 chars]",,de,'Rohöl'
https://www.zeit.de/news/2026-07/22/brad-pitts-juengste-tochter-will-namen-des-vaters-ablegen,https://www.zeit.de/news/2026-07/22/brad-pitts-juengste-tochter-will-namen-des-vaters-ablegen,0,www.zeit.de,Promi-Kinder: Brad Pitts jüngste Tochter will Namen des Vaters ablegen,Hier finden Sie Informationen zu dem Thema „Promi-Kinder“. Lesen Sie jetzt „Brad Pitts jüngste Tochter will Namen des Vaters ablegen“.,https://img.zeit.de/news/2026-07/22/brad-pitts-juengste-tochter-will-namen-des-vaters-ablegen-image-group/wide__1300x731,2026-07-22T19:07:08Z,,"Vivienne, die jüngste Tochter der geschiedenen Hollywood-Stars Angelina Jolie (51) und Brad Pitt (62), bemüht sich um eine Namensänderung. Die 18-Jährige, die mit eingetragenem Namen Vivienne Marchel… [+1596 chars]",,de,'Kinder'
https://noe.orf.at/stories/3363848/,https://noe.orf.at/stories/3363848/,0,noe.orf.at,Mönichkirchen will unabhängiger vom Schnee werden,"Der Schnee wird weniger, die Wintersaisonen werden schwerer planbar. In Mönichkirchen (Bezirk Neunkirchen) versucht man deshalb, den Tourismus breiter aufzustellen. Die Sommergäste werden mehr, wirtschaftlich bleibt der Winter aber weiterhin entscheidend.",https://ibs.orf.at/noe?image=https%3A%2F%2Foekastatic.orf.at%2Fmims%2F2026%2F30%2F17%2Fcrops%2Fw%3D1200%2Ch%3D627%2Cq%3D75%2F3123451_master_1210317_22072026_ka_posch_pk_ganzjahresziel_moenichkirchen_usrcno19ing01_00_35_46_04.jpg%3Fs%3D6ebe8be0cf22a665988e3fcaa51e72ee396251a8,2026-07-23T04:53:00Z,,"Mountaincarts statt Skiern, Wanderwege statt Pisten und ein Frühstück am Sessellift: Die Erlebnisalm Mönichkirchen baut ihr Angebot für die schneefreien Monate seit Jahren aus. 2025 wurden laut Betre… [+6628 chars]",,de,'Winter'
https://www.focus.de/gesundheit/ratgeber/laut-psychologie-beobachten-aeltere-menschen-am-fenster-nicht-nur-die-umgebung-fuer-viele-ist-es-eine-form-weiter-am-leben-teilzuhaben_902c323f-bafc-4bc4-81cc-8ad9271b4c14.html,https://www.focus.de/gesundheit/ratgeber/laut-psychologie-beobachten-aeltere-menschen-am-fenster-nicht-nur-die-umgebung-fuer-viele-ist-es-eine-form-weiter-am-leben-teilzuhaben_902c323f-bafc-4bc4-81cc-8ad9271b4c14.html,0,www.focus.de,"Laut Psychologie beobachten ältere Menschen am Fenster nicht nur die Umgebung. Für viele ist es eine Form, weiter am Leben teilzuhaben.","Was wie reine Neugier wirkt, hat oft eine tiefere Bedeutung: Der Blick aus dem Fenster kann älteren Menschen Struktur geben, ihre Fantasie anregen und Sicherheit vermitteln.","https://quadro.burda-forward.de/ctf/6b216e3d-bc7f-4075-b19b-9f6a5a91d727.ad01de8c-04eb-4046-ac59-5b177b35d1c3.jpg?im=RegionOfInterestCrop=(1200,630),regionOfInterest=(1244,742)&hash=2c24d423d739fcf426d86bb93b4fc0e3523ad88c77e3d1511e733da42624572e",2026-07-23T04:56:00Z,,"Für viele ältere Menschen ist es eine feste Alltagsgewohnheit, die Nachbarschaft durch das Fenster zu beobachten. Was oberflächlich wie reine Neugier erscheinen mag, hat laut der französischen Online… [+3194 chars]",,de,'ältere Menschen'
https://www.bild.de/sport/fussball/rb-leipzig-ex-bundesliga-star-kampl-ist-jetzt-gaertner-auf-mallorca-6a5f63622937e4865893e7f6,https://www.bild.de/sport/fussball/rb-leipzig-ex-bundesliga-star-kampl-ist-jetzt-gaertner-auf-mallorca-6a5f63622937e4865893e7f6,0,www.bild.de,Er hat sich auf Mallorca zurückgezogen - Ex-Bundesliga-Star ist jetzt Gemüse-Gärtner,Wie geht es eigentlich Ex-Bundesliga-Star Kevin Kampl? Im Winter hatte der Mittelfeldspieler seine Profikarriere nach einem Schicksalsschlag beendet.,"https://images.bild.de/6a5f63622937e4865893e7f6/cc539718a38f99b95a83846e64112e13,2be9c7bf?w=1280",2026-07-23T05:49:30Z,,"TTS-Player überspringenArtikel weiterlesenWie geht es eigentlich Ex-Bundesliga-Star Kevin Kampl (35)? Im Winter hatte der Mittelfeldspieler der für Leverkusen, Dortmund und zuletzt RB Leipzig aufgela… [+1536 chars]",,de,'Winter'
https://science.orf.at/stories/3236568/,https://science.orf.at/stories/3236568/,0,science.orf.at,Europas Hitze bringt Kälte in Arktis,"Es klingt paradox, aber die Hitzewelle Ende Juni in Europa hat Grönland kühles Wetter gebracht. Moderate Temperaturen kommen zwar dem Eispanzer auf der Insel zugute, die langfristigen Veränderungen durch die Klimaerwärmung bleiben, betonen Forschende der öste…",https://ibs.orf.at/science?image=https%3A%2F%2Ftubestatic.orf.at%2Fmims%2F2026%2F30%2F10%2Fcrops%2Fw%3D1200%2Ch%3D627%2Cq%3D75%2F3123253_master_1210210_eisberg_tor-2.jpg%3Fs%3D00871d0f410c134b4724bcad4c2cc7f1069bd650,2026-07-23T05:56:34Z,,Österreichs Forschungsstation in Ostgrönland ist voll besetzt. Mehr als zwanzig Studierende eröffnen gemeinsam mit Forscherinnen und Forscher die Sommersaison im Sermilik-Fjord. Bei moderaten Tempera… [+2863 chars],,de,'Winter'
https://www.morgenpost.de/wirtschaft/article412623643/heizoelpreise-heizung-aktuell-23-juli-heute-heizoel-kaufen-preis.html,https://www.morgenpost.de/wirtschaft/article412623643/heizoelpreise-heizung-aktuell-23-juli-heute-heizoel-kaufen-preis.html,0,www.morgenpost.de,"Heizölpreise heute: Der aktuelle Literpreis von Donnerstag, 23. Juli",Die angespannte Lage im Nahen Osten treibt die Rohölpreise in die Höhe. Das sorgt auch hierzulande für Unsicherheiten. Ein Überblick.,https://img.sparknews.funkemedien.de/406640396/406640396_1719216868_v16_9_1600.jpeg,2026-07-23T08:05:18Z,,Im Nahen Osten ist noch keine Ruhe eingekehrt: Die USA haben in der Nacht wieder den Iran bombardiert. Ebenfalls in der Nacht kam es im Roten Meer zu Zwischenfällen. Die Unsicherheit bei deutschen Ha… [+8740 chars],,de,'Rohöl'
https://www.focus.de/reisen/es-schneit-immer-weiter-inzwischen-ueber-4-5-meter-schnee-skigebiet-geschlossen_964c9dad-1990-4df6-856d-2fa79e900535.html,https://www.focus.de/reisen/es-schneit-immer-weiter-inzwischen-ueber-4-5-meter-schnee-skigebiet-geschlossen_964c9dad-1990-4df6-856d-2fa79e900535.html,0,www.focus.de,"Es schneit immer weiter: Inzwischen über 4,5 Meter Schnee, Skigebiet geschlossen","Während hierzulande die Sonne brennt, versinkt das chilenische Skigebiet Portillo im Schnee. Inzwischen hat er die Marke von 4,5 Metern erreicht.","https://quadro.burda-forward.de/ctf/dea9261c-3ede-49d0-b663-6a929d479d27.0886392e-f7d7-4e9d-a330-5a0de8c7728f.jpg?im=RegionOfInterestCrop=(1200,630),regionOfInterest=(1017,672)&hash=d1bf48af392867785b6d9be39ccac68e1cce5b8b31b7a78a4b691b1235bca148",2026-07-23T08:11:00Z,,"Update vom 23. Juli:
In dem chilenischen Skigebiet Portillo in der Región de Valparaíso hat sich die Schneelage weiter verschärft. Inzwischen liegt dort nach Angaben der Betreiber mehr als 4,5 Meter… [+3356 chars]",,de,'Schnee'
https://www.zeit.de/news/2026-07/23/jugendaemter-wegen-vernachlaessigter-kinder-gefordert,https://www.zeit.de/news/2026-07/23/jugendaemter-wegen-vernachlaessigter-kinder-gefordert,0,www.zeit.de,Gefährdetes Kindeswohl: Jugendämter wegen vernachlässigter Kinder gefordert,Hier finden Sie Informationen zu dem Thema „Gefährdetes Kindeswohl“. Lesen Sie jetzt „Jugendämter wegen vernachlässigter Kinder gefordert“.,https://img.zeit.de/news/2026-07/23/jugendaemter-wegen-vernachlaessigter-kinder-gefordert-image-group/wide__1300x731,2026-07-23T08:54:42Z,,Die Jugendämter in Niedersachsen haben im vergangenen Jahr deutlich mehr mögliche Fälle von Kindeswohlgefährdung geprüft als im Vorjahr. Insgesamt führten sie im vergangenen Jahr 22.338 Gefährdungsei… [+1283 chars],,de,'Kinder'
https://www.focus.de/immobilien/hormus-krise-treibt-gaspreis-auf-rund-63-euro-pro-megawattstunde_507211f8-0417-4b78-9a59-78e130ff91b6.html,https://www.focus.de/immobilien/hormus-krise-treibt-gaspreis-auf-rund-63-euro-pro-megawattstunde_507211f8-0417-4b78-9a59-78e130ff91b6.html,0,www.focus.de,Hormus-Krise treibt Gaspreis auf rund 63 Euro pro Megawattstunde,Die Lage am Persischen Golf eskaliert weiter. Gas ist so teuer wie 2023 nicht. Verbraucher sollten ihre Gasverträge prüfen.,"https://quadro.burda-forward.de/ctf/2e111509-636b-416d-9f65-689a2feb884e.879ef731-f264-4fb2-8a31-0d8a9ed38d81.jpg?im=RegionOfInterestCrop=(1200,630),regionOfInterest=(1281,682)&hash=64aa677e6955b05d1038db9626c1ca1d07239e25c1bb96d8ff1f35234db93020",2026-07-23T08:55:00Z,,"Am Donnerstag (23. Juli) steigt der Preis für Erdgas in Europa auf rund 63 Euro pro Megawattstunde. So teuer war Erdgas seit Januar 2023 nicht mehr, und speziell seit dem Irankrieg ist das ein neuer … [+4726 chars]",,de,'Winter'
https://www.dwdl.de/nachrichten/107265/prosieben_stellt_promi_tischtenniswm_auf_serioeses_fundament/,https://www.dwdl.de/nachrichten/107265/prosieben_stellt_promi_tischtenniswm_auf_serioeses_fundament/,0,www.dwdl.de,"ProSieben stellt ""Promi Tischtennis-WM"" auf seriöses Fundament","Die ""Promi Tischtennis-WM"", die ProSieben kürzlich für den Winter angekündigt hat, soll keine Witzveranstaltung werden: Der Sender arbeitet mit dem Deutschen Tischtennis-Bund zusammen, der auf mehr Aufmerksamkeit für den Sport hofft",https://www.dwdl.de/images/1784799196_tischtennis.jpg,2026-07-23T09:34:00Z,,"Bei den jüngsten Programmscreenings hat ProSieben nach der ""Promi Darts-WM"" und der ""Pomi Padel-WM"" schon den nächsten sportlichen Wettbewerb mit Promis in Aussicht gestellt: Die ""Promi Tischtennis-W… [+2182 chars]",,de,'Winter'
https://www.zeit.de/news/2026-07/23/neue-deiche-und-flussschlingen-an-der-weissen-elster,https://www.zeit.de/news/2026-07/23/neue-deiche-und-flussschlingen-an-der-weissen-elster,0,www.zeit.de,Hochwasserschutz: Neue Deiche und Flussschlingen an der Weißen Elster,Hier finden Sie Informationen zu dem Thema „Hochwasserschutz“. Lesen Sie jetzt „Neue Deiche und Flussschlingen an der Weißen Elster“.,https://img.zeit.de/news/2026-07/23/neue-deiche-und-flussschlingen-an-der-weissen-elster-image-group/wide__1300x731,2026-07-23T09:56:21Z,,"Eines der größten Hochwasserschutzprojekte Thüringens geht in seine letzte Etappe: Neue Deiche auf rund 1,7 Kilometern und ein neues Hochwasser- und Abwasserpumpwerk sollen den Ort Caaschwitz (Landkr… [+1380 chars]",,de,'Hochwasser'
https://www.focus.de/politik/ausland/in-der-polnischen-armee-entsteht-eine-neue-einheit-sie-soll-in-schwierigem-gelaende-ueberleben-koennen_1ee612b1-b5e6-45d9-a947-12fef5b438c8.html,https://www.focus.de/politik/ausland/in-der-polnischen-armee-entsteht-eine-neue-einheit-sie-soll-in-schwierigem-gelaende-ueberleben-koennen_1ee612b1-b5e6-45d9-a947-12fef5b438c8.html,0,www.focus.de,In der polnischen Armee entsteht eine neue Einheit. Sie soll in schwierigem Gelände überleben können,"Polen baut in Wojnarowa ein neues Gebirgsbataillon auf. Die Einheit soll ab 2028 in Bergen, bei Kälte und aus der Luft einsetzbar sein.","https://quadro.burda-forward.de/ctf/6b805d62-99d3-4649-b5bd-ddc2308b1b4d.b504385d-e5fe-49cd-bf51-b07fcf4175f8.jpg?im=RegionOfInterestCrop=(1200,630),regionOfInterest=(1553,1690)&hash=218eed5beef1ade689ba7ef6cf6e1038b0ce272de7c3362795770f58d1fa69cc",2026-07-23T10:08:00Z,,"Polens Armee baut in Wojnarowa im Südosten des Landes ein neues Gebirgsbataillon auf. Die Einheit soll in schwer zugänglichem Gelände, bei extremer Kälte und aus der Luft kämpfen können, berichtet da… [+1708 chars]",,de,'Kälte'
https://www.zeit.de/news/2026-07/23/ruf-aus-spd-nach-preisdeckel-fuer-benzin-und-diesel,https://www.zeit.de/news/2026-07/23/ruf-aus-spd-nach-preisdeckel-fuer-benzin-und-diesel,0,www.zeit.de,Hohe Spritpreise: Ruf aus SPD nach Preisdeckel für Benzin und Diesel,Hier finden Sie Informationen zu dem Thema „Hohe Spritpreise“. Lesen Sie jetzt „Ruf aus SPD nach Preisdeckel für Benzin und Diesel“.,https://img.zeit.de/news/2026-07/23/ruf-aus-spd-nach-preisdeckel-fuer-benzin-und-diesel-image-group/wide__1300x731,2026-07-23T10:25:15Z,,Trotz klarer Absage an einen erneuten staatlichen Tankrabatt durch Bundeswirtschaftsministerin Katherina Reiche kommen aus der SPD-Bundestagsfraktion Rufe nach Entlastungen für die Pendler. «Wir brau… [+2303 chars],,de,'Spritpreise'
https://www.zeit.de/news/2026-07/23/warnung-vor-blackout-challenge-nach-erneuten-vorfaellen,https://www.zeit.de/news/2026-07/23/warnung-vor-blackout-challenge-nach-erneuten-vorfaellen,0,www.zeit.de,Lebensgefährlich: Warnung vor «Blackout-Challenge» nach erneuten Vorfällen,Hier finden Sie Informationen zu dem Thema „Lebensgefährlich“. Lesen Sie jetzt „Warnung vor «Blackout-Challenge» nach erneuten Vorfällen“.,https://img.zeit.de/news/2026-07/23/warnung-vor-blackout-challenge-nach-erneuten-vorfaellen-image-group/wide__1300x731,2026-07-23T10:42:21Z,,"Aus Anlass erneuter Vorfälle warnt die Polizei wiederholt vor einer als «Blackout-Challenge» bekannten gefährlichen Mutprobe. Eine Mutter habe bei der Polizei in Stralsund Anzeige erstattet, weil ihr… [+1763 chars]",,de,'Blackout'
https://www.golem.de/sonstiges/zustimmung/auswahl.html?from=https://www.golem.de/news/wind-und-solar-bohrloch-batterie-speichert-strom-als-kuenstliche-geothermie-2607-211199.html&referer=https://t.co/1778e8282e,https://www.golem.de/sonstiges/zustimmung/auswahl.html?from=https://www.golem.de/news/wind-und-solar-bohrloch-batterie-speichert-strom-als-kuenstliche-geothermie-2607-211199.html&referer=https://t.co/1778e8282e,0,www.golem.de,Wind und Solar: Bohrloch-Batterie speichert Strom als künstliche Geothermie,"Aufgegebene Förderstellen für Öl und Gas können große Energiemengen aufnehmen. Zurück ins Netz gelangt der Strom wie bei einem Geothermiekraftwerk. (Energiewende, Solarenergie)",,2026-07-23T11:14:01Z,,"Besuchen Sie Golem.de wie gewohnt mit Werbung und Tracking,
 indem Sie der Nutzung aller Cookies zustimmen.
 Details zum Tracking finden Sie im Privacy Center.
Skript wurde nicht geladen. Informat… [+607 chars]",,de,'Gas'
https://www.zeit.de/news/2026-07/23/schweitzer-bund-muss-gegen-hohe-spritpreise-vorgehen,https://www.zeit.de/news/2026-07/23/schweitzer-bund-muss-gegen-hohe-spritpreise-vorgehen,0,www.zeit.de,Preise für Mobilität: Schweitzer: Bund muss gegen hohe Spritpreise vorgehen,Hier finden Sie Informationen zu dem Thema „Preise für Mobilität“. Lesen Sie jetzt „Schweitzer: Bund muss gegen hohe Spritpreise vorgehen“.,https://img.zeit.de/news/2026-07/23/schweitzer-bund-muss-gegen-hohe-spritpreise-vorgehen-image-group/wide__1300x731,2026-07-23T11:26:48Z,,"Der rheinland-pfälzische SPD-Politiker Alexander Schweitzer hat an die Bundesregierung appelliert, einen Spritpreisdeckel nach dem Vorbild von Luxemburg und Belgien zu prüfen. «Ich fordere den Bund a… [+1690 chars]",,de,'Spritpreise'
https://www.faz.net/aktuell/politik/ausland/fuenf-tote-nach-anschlag-im-sueden-thailands-accg-201057533.html,https://www.faz.net/aktuell/politik/ausland/fuenf-tote-nach-anschlag-im-sueden-thailands-accg-201057533.html,0,www.faz.net,Grenzgebiet zu Malaysia: Fünf Tote nach Anschlag im  Süden Thailands,Die Täter erbeuteten Waffen und Mobiltelefone. Zwei Kinder und weitere Zivilisten wurden verletzt.,https://media0.faz.net/image/w1200h627/ce4f03b468c6/w1720h898x0y123o/202607/43601.0.2362831846/eine-aufnahme-des-internal.webp,2026-07-23T11:45:41Z,,Bei einem mutmaßlichen Separatistenanschlag sind im Süden Thailands fünf thailändische Sicherheitskräfte getötet und sechs Zivilisten verletzt worden. Unter den Verletzten seien auch ein drei Jahre a… [+2023 chars],,de,'Kinder'
https://www.zeit.de/news/2026-07/23/preis-fuer-brent-rohoel-steigt-ueber-100-dollar,https://www.zeit.de/news/2026-07/23/preis-fuer-brent-rohoel-steigt-ueber-100-dollar,0,www.zeit.de,Preise: Preis für Brent-Rohöl steigt über 100 Dollar,Hier finden Sie Informationen zu dem Thema „Preise“. Lesen Sie jetzt „Preis für Brent-Rohöl steigt über 100 Dollar“.,https://img.zeit.de/administratives/sharing/fallback-image-die-zeit/wide__1300x731,2026-07-23T13:15:44Z,,Der Preis für Rohöl der Referenzsorte Brent ist am Donnerstag auf 100 Dollar je Barrel (159 Liter) gestiegen. Damit setzt sich der Preisanstieg angesichts der anhaltenden Angriffe im Iran-Krieg fort.… [+38 chars],,de,'Rohöl'
https://www.diepresse.com/39313708/preis-fuer-brent-rohoel-steigt-ueber-100-dollar,https://www.diepresse.com/39313708/preis-fuer-brent-rohoel-steigt-ueber-100-dollar,0,www.diepresse.com,Diesel über 2 Euro: Preis für Brent-Rohöl steigt auf mehr als 100 Dollar pro Barrel,"Die Eskalation in Nahost lässt Diesel auf über 2 Euro steigen, die Rufe nach Ausweitung der Spritpreisbremse werden immer lauter.",https://img.diepresse.com/public/incoming/g6vzo6-imagost0719171300010862087867jpg/alternates/WEBP_WIDE_1200/imago_st_0719_17130001_0862087867.jpg,2026-07-23T13:55:50Z,,"Die Presse auf Google als bevorzugte Nachrichtenquelle hinzufügen.
 Die erneute Eskalation im Iran-Krieg hat die Öl- und Spritpreise wieder stark steigen lassen. Der Preis für Rohöl der Referenzsort… [+1625 chars]",,de,'Rohöl'
https://www.sueddeutsche.de/wirtschaft/oel-iran-krieg-li.3520648,https://www.sueddeutsche.de/wirtschaft/oel-iran-krieg-li.3520648,0,www.sueddeutsche.de,Iran-Krieg: Preis für Brent-Rohöl steigt wieder auf 100 Dollar,Wegen der anhaltenden Angriffe im Nahen Osten und ihrer Auswirkungen auf die Straße von Hormus wird Öl wieder deutlich teurer.,https://www.sueddeutsche.de/2022/06/08/5b05dd49-24e0-4964-87aa-472c08d2b1df.jpeg?q=60&fm=webp&width=1200&rect=0%2C88%2C1288%2C724,2026-07-23T14:41:24Z,,"Im Vergleich zum Vortag beträgt der Sprung mehr als sechs Prozent. Getrieben wird der Preis, der bis Anfang Juli noch auf rund 70 Dollar gefallen war, von der Eskalation im US-iranischen Krieg. In de… [+1194 chars]",,de,'Rohöl'
https://www.n-tv.de/wirtschaft/Oelpreis-steigt-auf-100-Dollar-pro-Barrel-id31118299.html,https://www.n-tv.de/wirtschaft/Oelpreis-steigt-auf-100-Dollar-pro-Barrel-id31118299.html,0,www.n-tv.de,Neue Eskalation im Iran-Krieg: Ölpreis steigt auf 100 Dollar pro Barrel,In der Nacht fliegt das US-Militär eine Angriffswelle gegen Ziele im Iran. Huthi-Milizen attackieren zwei saudi-arabische Tanker im Roten Meer. Die erneuten Eskalationen im Iran-Krieg treiben den Preis für Rohöl der Sorte Brent wieder in die Höhe.,https://www.n-tv.de/img/31118359/1784821456/Img_16_9/1200/Erdoelpumpen-zur-Foerderung-von-Erdoel-aufgenommenin-Niederoesterreich-Mit-dem-Beginn-des-Iran-Kriegs-sind-die-Preise-fuer-Rohoel-auf-dem-Weltmarkt-kraeftig-gestiegen.jpg,2026-07-23T14:47:50Z,,"Seit dem Beginn des Iran-Kriegs steigen die Preise für Rohöl auf dem Weltmarkt immer wieder kräftig. (Foto: picture alliance/dpa/APA)
In der Nacht fliegt das US-Militär eine Angriffswelle gegen Ziel… [+2135 chars]",,de,'Rohöl'
https://www.focus.de/gesundheit/ratgeber/einsamkeit-im-familienalltag-bin-nie-allein-und-hab-mich-trotzdem-nie-so-einsam-gefuehlt_437d0d9d-3daf-46c8-bc1c-044bc031babe.html,https://www.focus.de/gesundheit/ratgeber/einsamkeit-im-familienalltag-bin-nie-allein-und-hab-mich-trotzdem-nie-so-einsam-gefuehlt_437d0d9d-3daf-46c8-bc1c-044bc031babe.html,0,www.focus.de,Einsamkeit im Familienalltag: „Bin nie allein und hab mich trotzdem nie so einsam gefühlt“,"Kontakte mit Freunden, Ermutigung und Zuwendung sind für Eltern mit kleinen Kindern oft Mangelware. Junge Väter und Mütter berichten über Einsamkeit in der Familie.","https://quadro.burda-forward.de/ctf/4b769ae7-70ae-4839-8963-9b68c2d194fe.a6eb2fb3-aec7-4700-b656-9455e2daaa4e.png?im=RegionOfInterestCrop=(1200,630),regionOfInterest=(600,400)&hash=2fc1cd256df4d9292f78d0eb6e37741b6157f4f13d8347b87d3cee6df1880ecb",2026-07-23T15:59:00Z,,Das hatten die Fußballfans wohl nicht erwartet: In der Halbzeitpause des WM-Qualifikationsspiels Deutschland gegen Luxemburg vor einigen Monaten rückte die Komikerin Carolin Kebekus in einem achtminü… [+9257 chars],,de,'Kinder'
https://www.faz.net/aktuell/politik/inland/wer-in-deutschland-ein-kind-adoptieren-darf-201053785.html,https://www.faz.net/aktuell/politik/inland/wer-in-deutschland-ein-kind-adoptieren-darf-201053785.html,0,www.faz.net,"Adoption in Deutschland: Manche bekommen schnell ein Kind vermittelt, andere nie",Bei einem unerfüllten Kinderwunsch ist Adoption eine Möglichkeit. Allerdings ist das in der Praxis mit Hürden verbunden – die zum Teil unüberwindbar sind.,https://media0.faz.net/image/w1200h627/6943599d5cb1/w5616h2934x0y697o/202607/43601.0.2364220872/kinder-adoptionen-sind-in.webp,2026-07-23T18:45:45Z,,"Seit Jens Spahn öffentlich gemacht hat, dass er und sein Mann mithilfe einer Leihmutter Eltern geworden sind, ist die Diskussion um Leihmutterschaft neu aufgeflammt. Familienministerin Karin Prien sa… [+5917 chars]",,de,'ältere Menschen'
https://www.nzz.ch/schweiz/ich-werde-immer-wieder-da-hoch-gehen-auch-wenn-es-kein-eis-mehr-gibt-sagt-der-bekannteste-gletscherforscher-der-schweiz-ld.10015809,https://www.nzz.ch/schweiz/ich-werde-immer-wieder-da-hoch-gehen-auch-wenn-es-kein-eis-mehr-gibt-sagt-der-bekannteste-gletscherforscher-der-schweiz-ld.10015809,0,www.nzz.ch,"INTERVIEW - «Ich werde immer wieder da hoch gehen, auch wenn es kein Eis mehr gibt», sagt der bekannteste Gletscherforscher der Schweiz","Der ETH-Glaziologe Matthias Huss dokumentiert seit Jahren den Eisverlust in den Schweizer Alpen. Im Gespräch erklärt er, warum er trotz immer neuen «Hiobsbotschaften» weitermacht, seinen Kindern aber andere Berufe empfiehlt.","https://img-msp-prod.nzz.ch/2026/07/17/ec49c66a-7888-4eed-945a-705e9fc89dd5.jpg?width=1200&height=674&fit=bounds&quality=75&auto=webp&crop=5731,3223,x0,y424&wmark=nzz",2026-07-24T03:30:00Z,,"Herr Huss, Sie sind der bekannteste Gletscherforscher der Schweiz. Wie lange wird es Ihren Beruf noch geben?
Optimieren Sie Ihre Browsereinstellungen
NZZ.ch benötigt JavaScript für wichtige Funktio… [+13200 chars]",,de,'Schnee'
https://www.teltarif.de/ferien-urlaub-tanken-ausland-sprit-preis/news/103258.html,https://www.teltarif.de/ferien-urlaub-tanken-ausland-sprit-preis/news/103258.html,0,www.teltarif.de,Mit dem Auto in den Urlaub? Hier ist Sprit deutlich billiger,Die Sommerferien sind Reisezeit - und für viele beginnt der Urlaub mit einer langen Autofahrt. Ein Blick auf die Spritpreise in den Nachbarländern kann sich dabei lohnen: Je nach Reiseziel kostet Benzin oder Diesel dort deutlich weniger als in Deutschland. Wi…,https://www.teltarif.de/img/arch/2026/kw18/ferien-urlaub-tanken-ausland-sprit-preis-3og.jpg,2026-07-24T05:00:00Z,,Die Sommerferien sind Reisezeit - und für viele beginnt der Urlaub mit einer langen Autofahrt. Ein Blick auf die Spritpreise in den Nachbarländern kann sich dabei lohnen: Je nach Reiseziel kostet Ben… [+3556 chars],,de,'Spritpreise'
https://www.faz.net/aktuell/wissen/erde-klima/duerre-in-deutschland-was-heisst-das-fuer-ein-eigentlich-wasserreiches-land-110586303.html,https://www.faz.net/aktuell/wissen/erde-klima/duerre-in-deutschland-was-heisst-das-fuer-ein-eigentlich-wasserreiches-land-110586303.html,0,www.faz.net,Dürre in Deutschland: Ein Land im Trockenstress,"Das erste Halbjahr des Jahres 2026 war in Deutschland zu trocken. Schon im Winter fiel nicht besonders viel Niederschlag, weder Regen noch Schnee. Die Folge: Dürre. Aber was heißt das in einem Land, das lange als wasserreich galt?",https://media0.faz.net/image/w1200h627/392327cdd358/w2864h1496x292y62o/202507/1.10574819/pp-1-10574819.webp,2026-07-24T08:00:23Z,,"Ein Land im Trockenstress
Von JENS GIESEL, CLAUDIA BOTHE, SANDRA LIERMANN und FRAUKE ZBIKOWSKI
24. Juli 2026 · Das erste Halbjahr des Jahres 2026 war in Deutschland zu trocken wie bereits im letzte… [+5848 chars]",,de,'Winter'
https://www.diepresse.com/39417788/spritpreis-debatte-in-der-zib-2-pendler-und-pensionisten-nicht-an-der,https://www.diepresse.com/39417788/spritpreis-debatte-in-der-zib-2-pendler-und-pensionisten-nicht-an-der,0,www.diepresse.com,Spritpreis-Debatte in der „ZiB 2“: „Pendler und Pensionisten nicht an der Zapfsäule im Regen stehen lassen“ [premium],"ÖGB-Ökonomin Angela Pfister forderte die Regierung in der „ZiB 2“ auf, wieder stärker in die Spritpreise einzugreifen. Jürgen Roth von der Wirtschaftskammer wünscht sich auch niedrigere Preise, aber nicht auf Kosten der „kleinen Tankstellenbetreiber“.",https://img.diepresse.com/public/incoming/109yba-screenshot20260724100036chromejpg/alternates/WEBP_WIDE_1200/Screenshot_20260724_100036_Chrome.jpg,2026-07-24T08:47:34Z,,"Die Spritpreise schnellen nach der erneuten Eskalation des Iran-Krieges wieder in die Höhe, Diesel kostet an den österreichischen Tankstellen bereits wieder mehr als zwei Euro pro Liter. Soll die zul… [+3678 chars]",,de,'Rohöl'
https://www.sueddeutsche.de/bayern/bayern-asyl-freiwillige-ausreise-rueckkehr-irak-li.3499981,https://www.sueddeutsche.de/bayern/bayern-asyl-freiwillige-ausreise-rueckkehr-irak-li.3499981,0,www.sueddeutsche.de,Ein Jahr nach der Ausreise aus Bayern: Tiba al Saadi will zurück nach Deutschland,"Nach zehn Jahren ging Tiba al Saadi zurück nach Bagdad. Zusammen mit ihren drei Kindern, von denen zwei in Deutschland geboren sind.  Die freiwillige Rückkehrerin berichtet aus ihrem Alltag in der fremd gewordenen Heimat.",https://www.sueddeutsche.de/2026/07/20/33d50eea-4201-4e3a-a674-cd45292e210c.jpg?q=60&fm=webp&width=1200&rect=0%2C0%2C1920%2C1080,2026-07-24T09:15:38Z,,"Es sind 40 Grad an diesem Tag Mitte Juni in Bagdad. Zu heiß, sagt Tiba al Saadi bei einem Video-Telefonat und tupft sich mit einem Tuch die Stirn. Sie habe eine Allergie und ein bisschen Fieber. Das … [+410 chars]",,de,'Winter'
https://www.zeit.de/news/2026-07/24/eu-tiktok-gefaehrdet-kinder-und-jugendliche-strafe-droht,https://www.zeit.de/news/2026-07/24/eu-tiktok-gefaehrdet-kinder-und-jugendliche-strafe-droht,0,www.zeit.de,EU: EU: TikTok gefährdet Kinder und Jugendliche - Strafe droht,Hier finden Sie Informationen zu dem Thema „Soziale Medien“. Lesen Sie jetzt „EU: TikTok gefährdet Kinder und Jugendliche - Strafe droht“.,https://img.zeit.de/news/2026-07/24/eu-tiktok-gefaehrdet-kinder-und-jugendliche-strafe-droht-image-group/wide__1300x731,2026-07-24T10:00:52Z,,"TikTok gefährdet Kinder und Jugendliche nach vorläufigen Ermittlungsergebnissen der EU-Kommission durch zu niedrige Schutzstandards. Die Brüsseler Behörde kritisiert unter anderem, dass Fremde die öf… [+5298 chars]",,de,'Kinder'
https://www.focus.de/reisen/es-schneit-immer-weiter-inzwischen-ueber-5-28-meter-schnee-skigebiet-geschlossen_964c9dad-1990-4df6-856d-2fa79e900535.html,https://www.focus.de/reisen/es-schneit-immer-weiter-inzwischen-ueber-5-28-meter-schnee-skigebiet-geschlossen_964c9dad-1990-4df6-856d-2fa79e900535.html,0,www.focus.de,"Es schneit immer weiter: Inzwischen über 4,5 Meter Schnee, Skigebiet geschlossen","Während hierzulande die Sonne brennt, versinkt das chilenische Skigebiet Portillo immer mehr im Schnee. Inzwischen hat er die Marke von 5,28 Metern erreicht.","https://quadro.burda-forward.de/ctf/dea9261c-3ede-49d0-b663-6a929d479d27.0886392e-f7d7-4e9d-a330-5a0de8c7728f.jpg?im=RegionOfInterestCrop=(1200,630),regionOfInterest=(1017,672)&hash=d1bf48af392867785b6d9be39ccac68e1cce5b8b31b7a78a4b691b1235bca148",2026-07-24T13:02:00Z,,"5,28 Meter Schnee, Wintersportort bleibt geschlossen
Update vom 24. Juli: Es hört nicht auf zu schneien in Portillo. Inzwischen werden 5,28 Meter Schnee gemeldet. Das chilenische Skigebiet bleibt na… [+3641 chars]",,de,'Schnee'
https://www.n-tv.de/wirtschaft/Hinter-dem-aktuellen-Preis-Schock-lauert-eine-Oel-und-Gasschwemme-id31122864.html,https://www.n-tv.de/wirtschaft/Hinter-dem-aktuellen-Preis-Schock-lauert-eine-Oel-und-Gasschwemme-id31122864.html,0,www.n-tv.de,Überangebot schon im August?: Hinter dem aktuellen Preis-Schock lauert eine Öl- und Gasschwemme,"Der Iran-Krieg eskaliert weiter und lässt die Energiepreise steigen. Experten halten trotzdem daran fest, dass es schon bald ein Überangebot an Öl- und Gas auf dem Weltmarkt geben könnte. Sich darauf zu verlassen, ist allerdings riskant.",https://www.n-tv.de/img/31122926/1784911059/Img_16_9/1200/Liquid-or-gas-storage-silos-Heavy-industry-industrial-tank-container-top-down-aerial-drone-view.jpg,2026-07-24T16:48:17Z,,Unternehmen und Regierungen behandeln die aktuelle Energiekrise als vorübergehenden Schock und verlassen sich unter anderem auf den Einsatz ihrer Reserven als Gegenmaßnahme. (Foto: picture alliance /… [+5850 chars],,de,'Gas'
https://www.faz.net/aktuell/feuilleton/kunst-und-architektur/ausstellung/eine-ausstellung-zu-kindern-von-zwangsarbeitern-201045378.html,https://www.faz.net/aktuell/feuilleton/kunst-und-architektur/ausstellung/eine-ausstellung-zu-kindern-von-zwangsarbeitern-201045378.html,0,www.faz.net,"Kinder von Zwangsarbeitern: Sie waren verborgen, jetzt sind sie sichtbar","Die Wanderausstellung „Trotzdem da!“ wirft in den Frankfurter Adlerwerken  den Blick auf Kinder, die aus Beziehungen zwischen Deutschen und Zwangsarbeitern im NS-Staat entstanden sind.",https://media0.faz.net/image/w1200h627/2228f2351999/w3433h1793x0y337o/202607/43601.0.2344543836/warga-taran-links-wurde-mit.webp,2026-07-24T17:34:00Z,,"Wenn er über seine Eltern spricht, kommen Detlef Klingenhäger die Tränen. Seine Mutter arbeitete beim nationalsozialistischen Sicherheitsdienst, sein Vater kam als polnischer Zwangsarbeiter nach Deut… [+5566 chars]",,de,'Kinder'
https://www.diepresse.com/39543977/greift-oesterreich-wieder-zur-spritpreisbremse,https://www.diepresse.com/39543977/greift-oesterreich-wieder-zur-spritpreisbremse,0,www.diepresse.com,Greift Österreich wieder zur Spritpreisbremse? [premium],"Die neuerliche Eskalation im Nahen Osten hat den Ölpreis explodieren lassen. Auch der Gaspreis schnellt nun, da die Speicher für den Winter gefüllt werden müssen, nach oben. Österreichs Regierung feilt an Maßnahmen zur Entlastung.",https://img.diepresse.com/public/incoming/i2ayvg-2273039476616844jpg/alternates/WEBP_WIDE_1200/2273039476616844.jpg,2026-07-24T18:01:53Z,,"Steigt der Ölpreis, steigen die Treibstoffpreise. Steigen aber die Treibstoffpreise, steigt der Unmut in der Bevölkerung. Und auch der Druck auf die Politik. Jedenfalls kostete Diesel im österreichwe… [+5498 chars]",,de,'Gas'
https://www.diepresse.com/39601766/europas-riskante-gaswette-wenn-es-kein-warmer-winter-wird-wird-es-geben,https://www.diepresse.com/39601766/europas-riskante-gaswette-wenn-es-kein-warmer-winter-wird-wird-es-geben,0,www.diepresse.com,"Europas riskante Gaswette: „Wenn es kein warmer Winter wird, wird es Probleme geben“ [premium]","In der Hoffnung auf eine baldige Öffnung der Straße von Hormuz wurden größere LNG-Käufe in Europa hinausgeschoben. Nun stellt sich die Frage: Wie teuer wird es, den Winter noch rechtzeitig abzusichern?",https://img.diepresse.com/public/incoming/chn13y-461387470jpg/alternates/WEBP_WIDE_1200/461387470.jpg,2026-07-24T18:02:06Z,,"Europa hat den Wiederaufbau seiner Gasspeicher hinausgezögert in der Hoffnung, dass die Straße von Hormuz bald wieder für Flüssigerdgas geöffnet wird. Doch knapp fünf Monate nach Beginn des Iran-Krie… [+6827 chars]",,de,'Winter'
https://www.nzz.ch/schweiz/beat-hefti-ist-einer-der-bekanntesten-bademeister-der-schweiz-er-zeigt-das-badi-idyll-gibt-es-noch-immer-ld.10013401,https://www.nzz.ch/schweiz/beat-hefti-ist-einer-der-bekanntesten-bademeister-der-schweiz-er-zeigt-das-badi-idyll-gibt-es-noch-immer-ld.10013401,0,www.nzz.ch,Beat Hefti ist einer der bekanntesten Bademeister der Schweiz. Er zeigt: Das Badi-Idyll gibt es noch immer,Die Schweizer Freibäder wurden in den vergangenen Monaten zum Brennpunkt erklärt. Ausgerechnet ein Wintersportler beweist nun: Es geht auch anders. Besuch in der Sonnenberg-Badi in Herisau.,"https://img-msp-prod.nzz.ch/2026/07/23/44521499-743c-4b52-9de1-72893e8cdfe3.jpg?width=1200&height=674&fit=bounds&quality=75&auto=webp&crop=4724,2657,x0,y443&wmark=nzz",2026-07-25T03:30:00Z,,"Die Badi ist ein Schweizer Kulturgut. Schon in den 1940er Jahren notierte der Schriftsteller Max Frisch in sein Tagebuch: «Sonniges Wetter und viel Volk. Sie schwimmen, springen von den Türmen. Die R… [+8108 chars]",,de,'Winter'
https://www.zeit.de/news/2026-07/25/unterhaltsvorschuss-so-ist-die-lage-in-thueringen,https://www.zeit.de/news/2026-07/25/unterhaltsvorschuss-so-ist-die-lage-in-thueringen,0,www.zeit.de,Kinder von Alleinerziehenden: Unterhaltsvorschuss - So ist die Lage in Thüringen,Hier finden Sie Informationen zu dem Thema „Kinder von Alleinerziehenden“. Lesen Sie jetzt „Unterhaltsvorschuss - So ist die Lage in Thüringen“.,https://img.zeit.de/news/2026-07/25/unterhaltsvorschuss-so-ist-die-lage-in-thueringen-image-group/wide__1300x731,2026-07-25T04:00:08Z,,"In rund 23.700 Fällen hat der Staat im vergangenen Jahr für Kinder von Alleinerziehenden in Thüringen Unterhaltsvorschuss gezahlt. Dabei ging es um eine Summe von etwa 86,18 Millionen Euro. Damit san… [+3836 chars]",,de,'Kinder'
https://www.zeit.de/geld/2026-07/familienbudget-eltern-geld-finanzieren-sparen-protokoll,https://www.zeit.de/geld/2026-07/familienbudget-eltern-geld-finanzieren-sparen-protokoll,0,www.zeit.de,Familienbudget: »Rein finanziell betrachtet bereue ich die Entscheidung für Kinder«,"Kinder kosten Geld, klar. Aber sie können auch das finanzielle Gleichgewicht in Beziehungen durcheinanderbringen. Drei Eltern geben Einblick in ihre Familienfinanzen.",https://img.zeit.de/geld/2026-07/familienbudget-eltern-geld-finanzieren-sparen-protokoll-bild/wide__1300x731,2026-07-25T04:05:23Z,,"Schließen
Artikelzusammenfassung
Kinder kosten Geld, aber noch teurer ist die Illusion, man könne Familienleben wie ein sauberes Excel-Sheet durchplanen. Zuerst erzählt Janina Hahn, wie sie mit Elt… [+1606 chars]",,de,'Kinder'
https://www.welt.de/wirtschaft/plus6a634c30fe2765826e0fc132/energiewende-unbezahlbare-windkraft-gas-engpass-der-iran-krieg-trifft-deutschland-mit-voller-wucht.html,https://www.welt.de/wirtschaft/plus6a634c30fe2765826e0fc132/energiewende-unbezahlbare-windkraft-gas-engpass-der-iran-krieg-trifft-deutschland-mit-voller-wucht.html,0,www.welt.de,"Unbezahlbare Windkraft, Gas-Engpass – der Iran-Krieg trifft Deutschland mit voller Wucht","Im Nahen Osten wird der Iran-Krieg zum Flächenbrand. Öl- und Gaspreise ziehen wieder an, die Rückkehr der Inflation droht. Zynischerweise könnte ausgerechnet der Bereich stark gebremst werden, der das Land von fossilen Öl- und Gaslieferungen unabhängig machen…",https://images.welt.de/6a634c30fe2765826e0fc132/e2481db3e45329174b4f72b43ac9c11d-master/ci16x9-w1200/dpa-com-260714-935-1478301-jpg,2026-07-25T05:23:45Z,,"Im Nahen Osten wird der Iran-Krieg zum Flächenbrand. Öl- und Gaspreise ziehen wieder an, die Rückkehr der Inflation droht. Zynischerweise könnte ausgerechnet der Bereich stark gebremst werden, der da… [+85 chars]",,de,'Gas'
https://www.zeit.de/news/2026-07/25/kinder-helfen-polizei-nach-unfall-im-parkhaus,https://www.zeit.de/news/2026-07/25/kinder-helfen-polizei-nach-unfall-im-parkhaus,0,www.zeit.de,Oberfranken: Kinder helfen Polizei nach Unfall im Parkhaus,Hier finden Sie Informationen zu dem Thema „Oberfranken“. Lesen Sie jetzt „Kinder helfen Polizei nach Unfall im Parkhaus“.,https://img.zeit.de/news/2026-07/25/kinder-helfen-polizei-nach-unfall-im-parkhaus-image-group/wide__1300x731,2026-07-25T07:11:08Z,,"Drei Kinder haben der Polizei bei der Aufklärung eines Unfalls geholfen. Die Zehn- und Elfjährigen beobachteten am Freitag, wie eine Seniorin im Parkhaus eines Einkaufszentrums in Kulmbach mit ihrem … [+477 chars]",,de,'Kinder'
https://www.faz.net/aktuell/besser-leben/stil/kinder-auf-hochzeiten-stoerfaktor-oder-gut-fuer-partystimmung-accg-201010297.html,https://www.faz.net/aktuell/besser-leben/stil/kinder-auf-hochzeiten-stoerfaktor-oder-gut-fuer-partystimmung-accg-201010297.html,0,www.faz.net,Sicht eines Vaters: Sollten Kinder bei Hochzeiten zu Hause bleiben?,"Immer öfter werden Hochzeiten gefeiert, auf denen Kinder nicht willkommen sind, stellt unser Kolumnist fest. Dabei lockern Kinder eine Party auf, selbst wenn die Eltern früh ins Bett gehen.",https://media0.faz.net/image/w1200h627/a4c095ec60c3/w5629h2941x0y356o/202607/43601.0.2354190312/kinder-koennen-auf-einem.webp,2026-07-25T08:54:43Z,,"Das Timing war eigentlich perfekt. Es war etwa 22 Uhr, gerade hatte meine Freundin unsere beiden kleinen Kinder ins Bett gebracht. Ich schlich mich aus dem Zimmer, und als ich unten ankam, wurde die … [+172 chars]",,de,'Kinder'
https://www.faz.net/aktuell/finanzen/fruehstartrente-warum-die-foerderung-ungerecht-ist-201057581.html,https://www.faz.net/aktuell/finanzen/fruehstartrente-warum-die-foerderung-ungerecht-ist-201057581.html,0,www.faz.net,Staat fördert Sparen: Die Frühstartrente ist ungerecht,Mit der Frühstartrente will die Regierung Kinder zum Sparen bewegen. Die gute Idee ist nicht gerecht.,https://media0.faz.net/image/w1200h627/89e5e56652d0/w6720h3511x0y484o/202507/43601.0.1159526245/fuer-jedes-kind-gibt-es.webp,2026-07-25T08:57:04Z,,"Die Regierung hat mit dem gerade vorgelegten Entwurf zur Frühstartrente die Kinder in den Blick genommen. Das ist zu begrüßen, denn wer früh zu sparen beginnt und das auch früh lernt, muss später im … [+1778 chars]",,de,'Kinder'
https://www.teltarif.de/warnapp-nina-flutkatastrophe-ahrtal-warnung/news/104935.html,https://www.teltarif.de/warnapp-nina-flutkatastrophe-ahrtal-warnung/news/104935.html,0,www.teltarif.de,Fünf Jahre nach der Ahrtal-Flut: Wie gut warnt NINA heute?,"Die NINA-App gehört zu den wichtigsten Warnsystemen in Deutschland und informiert über Unwetter, Hochwasser, Brände oder andere Gefahren. Nach einem umfangreichen Update und der Einführung von Cell Broadcast stellt sich die Frage: Wie gut funktioniert die App…",https://www.teltarif.de/img/arch/2026/kw30/warnapp-nina-flutkatastrophe-ahrtal-warnung-1og.jpg,2026-07-25T09:55:00Z,,"Bei der Flut im Juli 2021 kam die Warnung über NINA teils verspätet an, viele Betroffene wurden nicht mehr rechtzeitig informiert. Fünf Jahre nach der Ahrtal-Flut bleibt die Warn-App NINA ein zentral… [+5581 chars]",,de,'Hochwasser'
https://www.faz.net/aktuell/politik/inland/unterhaltsvorschuss-praesidentin-des-kinderschutzbundes-kritisiert-geplante-kuerzungen-accg-201061618.html,https://www.faz.net/aktuell/politik/inland/unterhaltsvorschuss-praesidentin-des-kinderschutzbundes-kritisiert-geplante-kuerzungen-accg-201061618.html,0,www.faz.net,Unterhaltsvorschuss: Nicht auf dem Rücken der Kinder,"Kinder sind nicht dafür verantwortlich, wenn ein Elternteil keinen Unterhalt zahlt. Ein Staat, der beim Unterhaltsvorschuss spart, tut aber so.",https://media0.faz.net/image/w1200h627/222bfc8d48dc/w2428h1268x121y268o/201905/43600.0.15919418/43600015919418.webp,2026-07-25T19:47:23Z,,"Auch Sechzehnjährige gehen noch zur Schule, benötigen eine neue Winterjacke und treiben Sport. Wenn nur ein Elternteil, oft die Mutter, für die notwendigen Ressourcen wie Geld, Zeit und Zuwendung zus… [+5097 chars]",,de,'Kinder'
https://www.zeit.de/news/2026-07/26/unterirdischer-kohlebrand-warum-das-loeschen-so-schwer-ist,https://www.zeit.de/news/2026-07/26/unterirdischer-kohlebrand-warum-das-loeschen-so-schwer-ist,0,www.zeit.de,Meuselwitz: Unterirdischer Kohlebrand: Warum das Löschen so schwer ist,Hier finden Sie Informationen zu dem Thema „Meuselwitz“. Lesen Sie jetzt „Unterirdischer Kohlebrand: Warum das Löschen so schwer ist“.,https://img.zeit.de/news/2026-07/26/unterirdischer-kohlebrand-warum-das-loeschen-so-schwer-ist-image-group/wide__1300x731,2026-07-26T03:00:12Z,,Vor einem Monat hat der Brand auf einem ehemaligen Kohlebergbaugelände beim thüringischen Meuselwitz nahe der Grenze zu Sachsen-Anhalt und Sachsen begonnen. Die Flammen über der Erde waren bereits ku… [+5964 chars],,de,'Kohle'
https://www.focus.de/reisen/ueber-5-28-meter-schnee-zwingen-skigebiet-zur-schliessung_964c9dad-1990-4df6-856d-2fa79e900535.html,https://www.focus.de/reisen/ueber-5-28-meter-schnee-zwingen-skigebiet-zur-schliessung_964c9dad-1990-4df6-856d-2fa79e900535.html,0,www.focus.de,"Über 5,28 Meter Schnee zwingen Skigebiet zur Schließung","Während hierzulande die Sonne brennt, versinkt das chilenische Skigebiet Portillo immer mehr im Schnee. Inzwischen hat er die Marke von 5,28 Metern erreicht.","https://quadro.burda-forward.de/ctf/dea9261c-3ede-49d0-b663-6a929d479d27.0886392e-f7d7-4e9d-a330-5a0de8c7728f.jpg?im=RegionOfInterestCrop=(1200,630),regionOfInterest=(1017,672)&hash=d1bf48af392867785b6d9be39ccac68e1cce5b8b31b7a78a4b691b1235bca148",2026-07-26T05:53:00Z,,"5,28 Meter Schnee, Wintersportort bleibt geschlossen
Update vom 24. Juli: Es hört nicht auf zu schneien in Portillo. Inzwischen werden 5,28 Meter Schnee gemeldet. Das chilenische Skigebiet bleibt na… [+3641 chars]",,de,'Winter'
https://www.zeit.de/2026/32/ein-schlichtes-herz-gustave-flaubert-erzaehlung-magdt,https://www.zeit.de/2026/32/ein-schlichtes-herz-gustave-flaubert-erzaehlung-magdt,0,www.zeit.de,»Ein schlichtes Herz« von Gustave Flaubert: Tage im Korbsessel,"Klassiker der Weltliteratur, neu erzählt für (ewige) Kinder, diesmal: Flauberts »Ein schlichtes Herz«",https://img.zeit.de/2026/32/tage-im-korbsessel-bild-2/wide__1300x731,2026-07-26T14:22:50Z,,"Schließen
Artikelzusammenfassung
Flaubert macht in »Ein schlichtes Herz« ausgerechnet eine Frau zur Hauptfigur, die im üblichen Romanbetrieb sonst nur durchs Bild huscht wie eine Statistin mit Teet… [+1288 chars]",,de,'Kinder'
https://www.tagesspiegel.de/wirtschaft/markte-olpreise-geben-nach-us-angriffspause-merklich-nach-15884423.html,https://www.tagesspiegel.de/wirtschaft/markte-olpreise-geben-nach-us-angriffspause-merklich-nach-15884423.html,0,www.tagesspiegel.de,Märkte: Ölpreise geben nach US-Angriffspause merklich nach,13 Nächte lang greifen die USA den Iran an. Der Ölpreis steigt während der Angriffswelle deutlich. Eine Pause sorgt nun für Abkühlung an den Rohöl-Märkten.,https://www.tagesspiegel.de/images/15886390/alternates/BASE_16_9_W1400/1785162564000/erdolforderung-in-den-usa.jpeg,2026-07-27T02:30:43Z,,Nach dem Ende der US-Angriffsserie im Iran haben die Ölpreise am Montag merklich nachgegeben. Zuletzt erholten sich die Preise aber ein wenig von ihren Tiefstständen. Ein Fass (159 Liter) Rohöl der w… [+1311 chars],,de,'Rohöl'
https://www.freitag.de/autoren/svenja-beller/schnee-als-luxus-was-milliardaere-nun-in-ihre-villen-und-jachten-einbauen-lassen,https://www.freitag.de/autoren/svenja-beller/schnee-als-luxus-was-milliardaere-nun-in-ihre-villen-und-jachten-einbauen-lassen,0,www.freitag.de,Schnee als Luxus: Was Milliardäre nun in ihre Villen und Jachten einbauen lassen,"Ein Blick auf die globale Ungleichheit: Hitzerekorde und Klimakrise für die Normalos, künstlicher Schnee für die Superreichen Während wir ungläubig den neuen deutschen Hitzerekord von 41,8 Grad aufzeichnen (durchlitten Ende Juni von schwitzenden Menschen in S…",https://www.freitag.de/autoren/svenja-beller/schnee-als-luxus-was-milliardaere-nun-in-ihre-villen-und-jachten-einbauen-lassen/@@images/image/great,2026-07-27T03:00:00Z,,"Während wir ungläubig den neuen deutschen Hitzerekord von 41,8 Grad aufzeichnen (durchlitten Ende Juni von schwitzenden Menschen in Sachsen-Anhalt) und weiterhin Tipps über Folien an den Fenstern, na… [+3535 chars]",,de,'Schnee'
https://www.focus.de/politik/ausland/oelpreis-faellt-nach-us-angriffspause-im-iran-deutlich_5292c58d-59a4-47f2-9c77-9ad2dcd8f38c.html,https://www.focus.de/politik/ausland/oelpreis-faellt-nach-us-angriffspause-im-iran-deutlich_5292c58d-59a4-47f2-9c77-9ad2dcd8f38c.html,0,www.focus.de,Ölpreis fällt nach US-Angriffspause im Iran deutlich,13 Nächte lang greifen die USA den Iran an. Der Ölpreis steigt während der Angriffswelle deutlich. Eine Pause sorgt nun für Abkühlung an den Rohöl-Märkten.,"https://quadro.burda-forward.de/ctf/6de9ec7f-fd3f-4ca2-a0bb-c651207418e5.1e0cb850-71a9-4a94-83fa-a8c843b95134.jpeg?im=RegionOfInterestCrop=(1200,630),regionOfInterest=(1024,683)&hash=1e23326ad331fb8e57f46d11001ad87a258298851d761bb27d3d5deb7782cc0b",2026-07-27T03:12:00Z,,Nach dem Ende der US-Angriffsserie im Iran hat der Ölpreis zu Wochenbeginn deutlich nachgegeben. Der Preis für Rohöl der Referenzsorte Brent lag zeitweise bei ungefähr 92 US-Dollar je Barrel (159 Lit… [+1160 chars],,de,'Rohöl'
https://www.zeit.de/news/2026-07/27/insgesamt-232-kinder-im-vergangenen-jahr-adoptiert,https://www.zeit.de/news/2026-07/27/insgesamt-232-kinder-im-vergangenen-jahr-adoptiert,0,www.zeit.de,Statistik: Insgesamt 232 Kinder im vergangenen Jahr adoptiert,Hier finden Sie Informationen zu dem Thema „Statistik“. Lesen Sie jetzt „Insgesamt 232 Kinder im vergangenen Jahr adoptiert“.,https://img.zeit.de/news/2026-07/27/insgesamt-232-kinder-im-vergangenen-jahr-adoptiert-image-group/wide__1300x731,2026-07-27T06:32:11Z,,Die Zahl der Adoptionen ist im vergangenen Jahr in Sachsen im Vergleich zum Vorjahr leicht zurückgegangen. Laut Statistischem Landesamt wurden 123 Jungen und 109 Mädchen adoptiert. Das waren 30 Kinde… [+482 chars],,de,'Kinder'
https://www.zeit.de/news/2026-07/27/deutlich-weniger-kinder-und-jugendliche-in-obhut-genommen,https://www.zeit.de/news/2026-07/27/deutlich-weniger-kinder-und-jugendliche-in-obhut-genommen,0,www.zeit.de,Jugendämter: Deutlich weniger Kinder und Jugendliche in Obhut genommen,Hier finden Sie Informationen zu dem Thema „Jugendämter“. Lesen Sie jetzt „Deutlich weniger Kinder und Jugendliche in Obhut genommen“.,https://img.zeit.de/news/2026-07/27/deutlich-weniger-kinder-und-jugendliche-in-obhut-genommen-image-group/wide__1300x731,2026-07-27T07:10:57Z,,"Im vergangenen Jahr sind deutlich weniger Kinder und Jugendliche zu ihrem Schutz vorübergehend in Einrichtungen oder Pflegefamilien aufgenommen worden als im Vorjahr. Ein Grund sei, dass auch deutlic… [+2053 chars]",,de,'Kinder'
https://www.morgenpost.de/wirtschaft/article412684831/heizoelpreise-heizung-aktuell-27-juli-heute-heizoel-kaufen-preis.html,https://www.morgenpost.de/wirtschaft/article412684831/heizoelpreise-heizung-aktuell-27-juli-heute-heizoel-kaufen-preis.html,0,www.morgenpost.de,"Heizölpreise heute: Der aktuelle Literpreis von Montag, 27. Juli",Die angespannte Lage im Nahen Osten treibt die Rohölpreise nach oben. In Deutschland führt das zu steigenden Heizölkosten und großer Unsicherheit.,https://img.sparknews.funkemedien.de/406781589/406781589_1720770938_v16_9_1600.jpeg,2026-07-27T07:34:45Z,,"Die Lage im Nahen Osten spitzt sich weiter zu: Der Iran droht mit einer Ausweitung des Kriegsgebiets, falls die USA ihre Luftangriffe fortsetzen sollten. Das sorgt auch bei deutschen Haushalten für U… [+8823 chars]",,de,'Rohöl'
https://www.zeit.de/news/2026-07/27/spritpreise-geben-etwas-nach,https://www.zeit.de/news/2026-07/27/spritpreise-geben-etwas-nach,0,www.zeit.de,Mobilitätskosten: Spritpreise geben etwas nach,Hier finden Sie Informationen zu dem Thema „Mobilitätskosten“. Lesen Sie jetzt „Spritpreise geben etwas nach“.,https://img.zeit.de/news/2026-07/27/spritpreise-geben-etwas-nach-image-group/wide__1300x731,2026-07-27T09:29:53Z,,"Der stark sinkende Ölpreis kommt bisher nur minimal bei den Autofahrern an. Am Montagvormittag deuteten die Preise leicht nach unten, wie der ADAC mitteilt. Davor waren die Preise bereits über das Wo… [+1721 chars]",,de,'Spritpreise'
https://www.tagesspiegel.de/wirtschaft/mobilitatskosten-spritpreise-geben-etwas-nach-15885041.html,https://www.tagesspiegel.de/wirtschaft/mobilitatskosten-spritpreise-geben-etwas-nach-15885041.html,0,www.tagesspiegel.de,Mobilitätskosten: Spritpreise geben etwas nach,"Der Ölpreis fällt deutlich, beim Sprit geht es minimal nach unten. Der ADAC hofft auf weitere Senkungen.",https://www.tagesspiegel.de/images/15885040/alternates/BASE_16_9_W1400/1785144652000/spritpreise.jpeg,2026-07-27T09:30:52Z,,"Der stark sinkende Ölpreis kommt bisher nur minimal bei den Autofahrern an. Am Montagvormittag deuteten die Preise leicht nach unten, wie der ADAC mitteilt. Davor waren die Preise bereits über das Wo… [+1773 chars]",,de,'Spritpreise'
https://www.n-tv.de/wirtschaft/Benzinpreise-sinken-zu-Wochenbeginn-leicht-id31129030.html,https://www.n-tv.de/wirtschaft/Benzinpreise-sinken-zu-Wochenbeginn-leicht-id31129030.html,0,www.n-tv.de,Literpreis weiter über zwei Euro: Benzinpreise sinken zu Wochenbeginn leicht,"Die Angriffe rund um die für den Ölhandel wichtige Straße von Hormus beruhigen sich zu Beginn der neuen Woche etwas, was sich direkt beim Rohölpreis bemerkbar macht. Inmitten der Schulferien tanken Autofahrer etwas günstiger - allerdings auf hohem Niveau.",https://www.n-tv.de/img/31031404/1785154785/Img_16_9/1200/Bis-Ende-Juni-werden-Verbraucher-bei-Kraftstoffpreisen-entlastet.jpg,2026-07-27T11:04:09Z,,"Günstiger zum Wochenstart: Viele Autofahrer dürften die Gelegenheit nutzen, um vollzutanken. 
Die Angriffe rund um die für den Ölhandel wichtige Straße von Hormus beruhigen sich zu Beginn der neuen … [+1980 chars]",,de,'Rohöl'
https://www.zeit.de/news/2026-07/27/integrationsbeauftragte-kinder-vor-radikalisierung-schuetzen,https://www.zeit.de/news/2026-07/27/integrationsbeauftragte-kinder-vor-radikalisierung-schuetzen,0,www.zeit.de,Terrorismus: Integrationsbeauftragte: Kinder vor Radikalisierung schützen,Hier finden Sie Informationen zu dem Thema „Terrorismus“. Lesen Sie jetzt „Integrationsbeauftragte: Kinder vor Radikalisierung schützen“.,https://img.zeit.de/news/2026-07/27/integrationsbeauftragte-kinder-vor-radikalisierung-schuetzen-image-group/wide__1300x731,2026-07-27T12:50:04Z,,Nach dem mutmaßlich islamistischen Anschlag am Rande des Berliner CSD hat sich die Integrationsbeauftragte der Bundesregierung für bessere Präventionsarbeit gegen die Radikalisierung von Kindern und … [+1121 chars],,de,'Kinder'
https://www.zeit.de/news/2026-07/27/kinder-angeblich-bedroht-polizei-findet-keine-waffe,https://www.zeit.de/news/2026-07/27/kinder-angeblich-bedroht-polizei-findet-keine-waffe,0,www.zeit.de,Kriminalität: Kinder angeblich bedroht - Polizei findet keine Waffe,Hier finden Sie Informationen zu dem Thema „Kriminalität“. Lesen Sie jetzt „Kinder angeblich bedroht - Polizei findet keine Waffe“.,https://img.zeit.de/news/2026-07/27/kinder-angeblich-bedroht-polizei-findet-keine-waffe-image-group/wide__1300x731,2026-07-27T13:39:18Z,,Nach einer angeblichen Bedrohung von Kindern hat die Hamburger Polizei vergeblich nach einer Waffe im Haus einer Frau im Stadtteil Niendorf gesucht. Nach Angaben der Kinder habe die Frau sie mögliche… [+428 chars],,de,'Kinder'
https://www.golem.de/sonstiges/zustimmung/auswahl.html?from=https://www.golem.de/news/anzeige-persoenlicher-alarm-mit-130-db-fuer-frauen-und-kinder-nur-noch-bis-morgen-rund-16-euro-bei-amazon-2607-211326.html&referer=https://t.co/5b45f2151f,https://www.golem.de/sonstiges/zustimmung/auswahl.html?from=https://www.golem.de/news/anzeige-persoenlicher-alarm-mit-130-db-fuer-frauen-und-kinder-nur-noch-bis-morgen-rund-16-euro-bei-amazon-2607-211326.html&referer=https://t.co/5b45f2151f,0,www.golem.de,Anzeige: Persönlicher Alarm mit 130 dB für Frauen und Kinder nur noch bis morgen rund 16 Euro bei Amazon,"Der Thopeb-Sicherheits-Alarm hat bei Amazon 36 Prozent Rabatt und bietet 130 dB Lautstärke plus eine Stroboskop-LED für Notfälle. (Technik/Hardware, Security)",,2026-07-27T14:31:02Z,,"Besuchen Sie Golem.de wie gewohnt mit Werbung und Tracking,
 indem Sie der Nutzung aller Cookies zustimmen.
 Details zum Tracking finden Sie im Privacy Center.
Skript wurde nicht geladen. Informat… [+607 chars]",,de,'Kinder'
https://www.zeit.de/news/2026-07/27/siegmund-fuer-gas-aus-russland,https://www.zeit.de/news/2026-07/27/siegmund-fuer-gas-aus-russland,0,www.zeit.de,Landtagswahl: Siegmund für Gas aus Russland,Hier finden Sie Informationen zu dem Thema „Landtagswahl“. Lesen Sie jetzt „Siegmund für Gas aus Russland“.,https://img.zeit.de/news/2026-07/27/siegmund-fuer-gas-aus-russland-image-group/wide__1300x731,2026-07-27T16:23:28Z,,Sachsen-Anhalts AfD-Spitzenkandidat Ulrich Siegmund hat sich gegen Sanktionen und für die Nutzung von Gas aus Russland ausgesprochen. «Wir werden selbstverständlich das Thema der ideologischen Energi… [+412 chars],,de,'Gas'
https://www.nzz.ch/schweiz/gummen-furggeli-butzli-wie-in-flurnamen-die-alpensprache-weiterlebt-ld.10016381,https://www.nzz.ch/schweiz/gummen-furggeli-butzli-wie-in-flurnamen-die-alpensprache-weiterlebt-ld.10016381,0,www.nzz.ch,"Gummen, Furggeli, Butzli: wie in Flurnamen die Alpensprache weiterlebt","Die Inuit kennen viele Wörter für Schnee. Die Alpenmundarten besitzen noch mehr Begriffe, um Felsen zu beschreiben. Sie sind präzise und benennen die Natur exakt so, wie sie ist.","https://img-msp-prod.nzz.ch/2026/07/27/f7adceba-118d-419b-a66c-e8f173778b6c.jpg?width=1200&height=675&fit=bounds&quality=75&auto=webp&crop=7857,4420,x0,y451&wmark=nzz",2026-07-28T03:28:00Z,,"Die Inuit kennen viele Wörter für Schnee. Die Alpenmundarten besitzen noch mehr Begriffe, um Felsen zu beschreiben. Sie sind präzise und benennen die Natur exakt so, wie sie ist.
Von Nathalie Hensel… [+8176 chars]",,de,'Schnee'
https://www.faz.net/aktuell/wissen/medizin-ernaehrung/hitzeschutz-in-kliniken-warum-sollen-kranke-die-klimarisiken-tragen-accg-201046890.html,https://www.faz.net/aktuell/wissen/medizin-ernaehrung/hitzeschutz-in-kliniken-warum-sollen-kranke-die-klimarisiken-tragen-accg-201046890.html,0,www.faz.net,Hitzeschutz in Kliniken: Warum sollen Kranke die Klimarisiken tragen?,"Wegen der Temperaturen starben dieses Jahr schon Tausende ältere Menschen. Warum Hitze so gefährlich für Senioren ist und was getan wird, wenn die Temperatur in Kliniken oder Heimen steigt.",https://media0.faz.net/image/w1200h627/520af649fbe4/w6144h3210x0y444o/202607/43601.0.2337665967/bisher-standard-aber-nicht.webp,2026-07-28T06:19:56Z,,Werden kranke und alte Menschen in der Anpassung an den Klimawandel vernachlässigt? Einige Zahlen sprechen dafür: 38 Prozent der im Jahr 2025 fertiggestellten 1350 Büro- und Verwaltungsgebäude in Deu… [+7198 chars],,de,'Hochwasser'
https://www.faz.net/aktuell/feuilleton/musik-und-buehne/theater/peter-handkes-urauffuehrung-in-salzburg-ich-bin-gegen-euch-alle-accg-201071288.html,https://www.faz.net/aktuell/feuilleton/musik-und-buehne/theater/peter-handkes-urauffuehrung-in-salzburg-ich-bin-gegen-euch-alle-accg-201071288.html,0,www.faz.net,Peter Handke Uraufführung: Ich bin gegen euch alle,"Die Bühne ein Bretterhaufen, zwei falsche Schnurrbärte und ein Paar roter Mützen: Peter Handkes „Schnee von gestern, Schnee von morgen“ wird in der Regie von Jossi Wieler in Salzburg uraufgeführt.",https://media0.faz.net/image/w1200h627/eaf8205c24e1/w3713h1940x0y222o/202607/43601.0.2376626923/wiedergaenger-von-wladimir-und.webp,2026-07-28T08:07:28Z,,"Es soll einmal einen Horoskopschreiber gegeben haben, der nachts davon träumte, ein Menschenfreund zu sein. Tagsüber hingegen lehnte er an schmutzigen Häuserwänden und ekelte sich vor den an ihm Vorü… [+7311 chars]",,de,'Schnee'
https://www.teltarif.de/tanken-sprit-adac-spritpreise-benzin-diesel/news/103335.html,https://www.teltarif.de/tanken-sprit-adac-spritpreise-benzin-diesel/news/103335.html,0,www.teltarif.de,ADAC kritisiert: Spritpreise trotz sinkendem Ölpreis viel zu hoch,"Obwohl der Ölpreis deutlich gefallen ist, bleiben Benzin und Diesel teuer. Der ADAC kritisiert die Preisentwicklung und hofft auf eine baldige Entlastung an den Tankstellen.",https://www.teltarif.de/img/arch/2026/kw19/tanken-sprit-adac-spritpreise-benzin-diesel-3og.jpg,2026-07-28T08:50:00Z,,"Der Ölpreis sinkt, doch die Kraftstoffpreise geben wie so oft nur langsam nach. Aus Sicht des ADAC bewegen sich die Sprit­preise ""bereits seit Wochen auf einem zu hohen Niveau"", wie der Auto­mobil­cl… [+2019 chars]",,de,'Rohöl'
https://orf.at/stories/3437037/,https://orf.at/stories/3437037/,0,orf.at,Das Ende der Gewissheit,"Die Salzburger Festspiele erweisen Peter Handke die Ehre. Mit Gehstock und Hut nahm der 83-jährige Nobelpreisträger Montagabend den Applaus des Publikums entgegen. „Schnee von gestern, Schnee von morgen“ heißt das Stück, das er dem Schauspieler Jens Harzer au…",https://ibs.orf.at/news?image=https%3A%2F%2Fassets.orf.at%2Fmims%2F2026%2F31%2F22%2Fcrops%2Fw%3D1200%2Ch%3D630%2Cq%3D75%2F3129278_master_1212822_salzburger_festspiele_handke_schnee_n.jpg%3Fs%3D0ae0a5e7bc385c78a19f9247b2131002c157713f,2026-07-28T09:25:28Z,,"Zwei Stunden dauert die Uraufführung des neuen Handke-Stücks im Salzburger Landestheater. Zwei Stunden lang sinnieren, spintisieren und fantasieren Harzer und seine Schauspielkollegin Galic auf der B… [+3934 chars]",,de,'Schnee'
https://ooe.orf.at/stories/3364441/,https://ooe.orf.at/stories/3364441/,0,ooe.orf.at,Spritpreise: Kritik an verzögerten Preisnachlässen,"Um mehr als fünf Prozent ist der Ölpreis zu Wochenbeginn gesunken. An den Tankstellen macht sich dieser Rückgang derzeit jedoch kaum bemerkbar. Der ÖAMTC kritisiert einmal mehr die Preispolitik der internationalen Tankstellenbetreiber und das Tempo, mit dem P…",https://ibs.orf.at/ooe?image=https%3A%2F%2Foekastatic.orf.at%2Fmims%2F2026%2F11%2F11%2Fcrops%2Fw%3D1200%2Ch%3D627%2Cq%3D75%2F2965597_master_1146611_tankstelle_kaj-5.jpg%3Fs%3D3eb34aa9675cd64b7966ea936393cda54918b1bb,2026-07-28T09:59:44Z,,Noch immer liegt der Dieselpreis in Oberösterreich bei zwei Euro oder knapp darunter. Der deutliche Preisverfall beim Rohöl ist bei den Autofahrerinnen und Autofahrern und anderen Verkehrsteilnehmern… [+680 chars],,de,'Spritpreise'
https://www.faz.net/aktuell/gesellschaft/menschen/italien-geburtenrate-auf-historischem-tiefstand-seit-1945-accg-201072450.html,https://www.faz.net/aktuell/gesellschaft/menschen/italien-geburtenrate-auf-historischem-tiefstand-seit-1945-accg-201072450.html,0,www.faz.net,"1,14 Kinder pro Frau: Italien verzeichnet einen Tiefstand bei Geburten",Früher war Italien ein geburtenstarkes Land. Jetzt sank die Zahl der Geburten auf 355.000 Kinder im Jahr. So wenig wie noch nie – seit dem Zweiten Weltkrieg. Dafür gibt es Gründe.,https://media0.faz.net/image/w1200h627/39b51adaa0ad/w6000h3135x0y383o/202607/43601.0.2284645853/fast-zwei-drittel-der.webp,2026-07-28T11:49:51Z,,In Italien sind vergangenes Jahr so wenig Kinder zur Welt gekommen wie noch nie seit dem Ende des Zweiten Weltkriegs. Die Zahl der Geburten sank nach Angaben des nationalen Statistikamtes in Rom ein … [+1337 chars],,de,'Kinder'
https://www.faz.net/aktuell/gesellschaft/kriminalitaet/gericht-wirft-christina-block-verdunkelungsversuch-vor-accg-201072733.html,https://www.faz.net/aktuell/gesellschaft/kriminalitaet/gericht-wirft-christina-block-verdunkelungsversuch-vor-accg-201072733.html,0,www.faz.net,Zwei Kinder entführt: Gericht wirft Christina Block Verdunkelungsversuch vor,"Eine Psychiaterin soll im Block-Prozess die Auswirkungen der Entführung auf die Kinder beschreiben. Doch zunächst ermahnen die Richter Christina Block: Hat sie versucht, auf die Frau einzuwirken?",https://media0.faz.net/image/w1200h627/4059bdff6f92/w3469h1812x0y69o/202607/43601.0.2379267463/christina-block-und-ihr.webp,2026-07-28T12:31:00Z,,Im Prozess um die Entführung der Block-Kinder droht der Angeklagten Christina Block möglicherweise ein Haftbefehl. Nach Angaben der Vorsitzenden Richterin Isabel Hildebrandt übergab Block bei einem G… [+3782 chars],,de,'Kinder'
https://www.sueddeutsche.de/kultur/schnee-von-gestern-handke-salzburger-festspiele-premiere-kritik-wieler-jens-harzer-maria-galic-li.3522191,https://www.sueddeutsche.de/kultur/schnee-von-gestern-handke-salzburger-festspiele-premiere-kritik-wieler-jens-harzer-maria-galic-li.3522191,0,www.sueddeutsche.de,Salzburger Festspiele: Wie ist das auf der Bühne nur auszuhalten?,"In Salzburg wird Peter Handkes „Schnee von gestern, Schnee von morgen“ uraufgeführt. Ein Stück ohne Ereignisse, aber voll schwerer Gedanken.",https://www.sueddeutsche.de/2026/07/27/91032025-830e-4e6d-8705-346b17a6f361.jpg?q=60&fm=webp&width=1200&rect=187%2C340%2C3636%2C2045,2026-07-28T12:42:49Z,,"Die Bühne sieht aus, als hätte hier jemand Ikea-Schränke auseinandergebaut und die Teile herumliegen lassen. Große und kleine Holzplatten vorwiegend in Schwarz und Weiß, leere Regalkörper; so genau i… [+255 chars]",,de,'Schnee'
https://www.zeit.de/news/2026-07/28/land-will-kinder-besser-vor-sexualisierter-gewalt-schuetzen,https://www.zeit.de/news/2026-07/28/land-will-kinder-besser-vor-sexualisierter-gewalt-schuetzen,0,www.zeit.de,Aktionsplan beschlossen: Land will Kinder besser vor sexualisierter Gewalt schützen,Hier finden Sie Informationen zu dem Thema „Aktionsplan beschlossen“. Lesen Sie jetzt „Land will Kinder besser vor sexualisierter Gewalt schützen“.,https://img.zeit.de/news/2026-07/28/land-will-kinder-besser-vor-sexualisierter-gewalt-schuetzen-image-group/wide__1300x731,2026-07-28T12:54:50Z,,"Die Landesregierung will Kinder und Jugendliche besser vor sexualisierter Gewalt schützen. Dafür sollen bestehende Präventions- und Hilfsangebote gestärkt und besser bekannt gemacht werden, wie die S… [+1199 chars]",,de,'Kinder'
https://www.pcgames.de/Sony-Firma-15716/News/ps5-blackout-fans-protest-sony-1549582/,https://www.pcgames.de/Sony-Firma-15716/News/ps5-blackout-fans-protest-sony-1549582/,0,www.pcgames.de,PlayStation-Protest eskaliert: Fans wollen Sony mit einem Boykott treffen,"PlayStation-Fans planen einen einwöchigen PS5-Blackout gegen Sony. Der Protest richtet sich nicht nur gegen das mögliche Ende physischer Spiele, sondern hat unzählige valide Gründe.",https://www.pcgames.de/screenshots/1280x1024/2025/12/ps-playstation-studios-video-italien-pc-games.jpg,2026-07-28T14:31:00Z,,Sony soll ab 2028 keine physischen Datenträger mehr für eigene Spiele produzieren wollen. Die Meldung hat in der PlayStation-Community deutliche Kritik ausgelöst. Eine Petition gegen das mögliche End… [+2871 chars],,de,'Blackout'
https://www.zeit.de/news/2026-07/28/kinder-bedroht-polizei-findet-waffen-in-wohnhaus,https://www.zeit.de/news/2026-07/28/kinder-bedroht-polizei-findet-waffen-in-wohnhaus,0,www.zeit.de,Kriminalität: Kinder bedroht - Polizei findet Waffen in Wohnhaus,Hier finden Sie Informationen zu dem Thema „Kriminalität“. Lesen Sie jetzt „Kinder bedroht - Polizei findet Waffen in Wohnhaus“.,https://img.zeit.de/news/2026-07/28/kinder-bedroht-polizei-findet-waffen-in-wohnhaus-image-group/wide__1300x731,2026-07-28T15:04:02Z,,Nach einer mutmaßlichen Bedrohung in Hamburg-Niendorf sind mehrere Waffen im Haus einer 73-Jährigen sichergestellt worden. Auslöser des Einsatzes war nach bisherigen Polizeierkenntnissen ein Klingels… [+906 chars],,de,'Kinder'
https://www.zeit.de/zeit-magazin/2026/32/rueckkehr-ausland-freiwilligendienst-pruefers-toechter,https://www.zeit.de/zeit-magazin/2026/32/rueckkehr-ausland-freiwilligendienst-pruefers-toechter,0,www.zeit.de,"Rückkehr aus dem Ausland: »Richtet mein Zimmer her, wie es war«","Wenn Kinder ausziehen, wird ein Zimmer in der Wohnung frei für neue Nutzung. Was macht man aber, wenn die Kinder zurückkommen?",https://img.zeit.de/zeit-magazin/2026/elemente/teaserbilder-pruefers-toechter/greta-background-6-bild/wide__1300x731,2026-07-28T16:34:43Z,,"Greta steht nun unmittelbar vor ihrer Rückkehr aus ihrem Freiwilligendienst in Bolivien. Sie verbringt noch ein paar Tage in Brasilien, dann steigt sie in ein Flugzeug und landet wieder in Deutschlan… [+956 chars]",,de,'Kinder'
https://www.freitag.de/autoren/the-guardian/schneeraeume-9-fakten-ueber-den-luxus-trend-der-milliardaere,https://www.freitag.de/autoren/the-guardian/schneeraeume-9-fakten-ueber-den-luxus-trend-der-milliardaere,0,www.freitag.de,Milliardäre lassen sich eigene „Schneeräume“ einbauen? 9 Fakten über einen absurden Hype,Deutschland stöhnt unter Hitzewellen. Superreiche haben eine Lösung für das Problem: Sie lassen sich künstlichen Schnee ins Wohnzimmer oder auf die Jacht liefern. Wie viel kostet so ein „Schneeraum“? Und bringt er gesundheitliche Vorteile? Während Deutschland…,https://www.freitag.de/autoren/the-guardian/schneeraeume-9-fakten-ueber-den-luxus-trend-der-milliardaere/@@images/social_image,2026-07-29T03:00:00Z,,"Während Deutschland in diesem Sommer von einer Hitzewelle in die nächste taumelt, hat das Robert Koch-Institut bis Ende Juni bereits 5.120 hitzebedingte Todesfälle registriert. Wer sich keine Klimaan… [+2311 chars]",,de,'Schnee'
https://www.nzz.ch/feuilleton/buehne/jossi-wieler-inszeniert-handkes-schnee-von-gestern-schnee-von-morgen--ld.10017258,https://www.nzz.ch/feuilleton/buehne/jossi-wieler-inszeniert-handkes-schnee-von-gestern-schnee-von-morgen--ld.10017258,0,www.nzz.ch,"Peter Handkes Kosmos als Trümmerfeld und als verbrannte Erde, auf der die Sentenzen dampfen und verdampfen","An den Salzburger Festspielen bringt Jossi Wieler Peter Handkes «Schnee von gestern, Schnee von morgen» zur Uraufführung. Die Schauspieler überzeugen. Den Sinn sucht man zwischen den Zeilen.","https://img-msp-prod.nzz.ch/2026/07/28/d76e000a-2b79-46b7-b3e4-985a1c8643d4.jpg?width=1200&height=674&fit=bounds&quality=75&auto=webp&crop=3796,2135,x131,y518&wmark=nzz",2026-07-29T03:30:00Z,,"An den Salzburger Festspielen bringt Jossi Wieler Peter Handkes «Schnee von gestern, Schnee von morgen» zur Uraufführung. Die Schauspieler überzeugen. Den Sinn sucht man zwischen den Zeilen.
Bernd N… [+5783 chars]",,de,'Schnee'
https://www.zeit.de/bildung/2026-07/psychische-belastungen-schule-therapie-leistungsdruck-mobbing,https://www.zeit.de/bildung/2026-07/psychische-belastungen-schule-therapie-leistungsdruck-mobbing,0,www.zeit.de,"Psychische Belastungen: »Wir fühlen uns wertvoller, wenn wir eine Eins oder eine Zwei haben«","Leistungsdruck, Mobbing, Polykrise: Viele Kinder und Jugendliche leiden unter psychischen Belastungen. Manche Schulen finden Wege, damit umzugehen.",https://img.zeit.de/bildung/2026-07/psychische-belastungen-schule-therapie-leistungsdruck-mobbing-bild/wide__1300x731,2026-07-29T03:54:19Z,,"Schließen
Artikelzusammenfassung
Psychische Gesundheit ist an deutschen Schulen noch immer ein Nebenfach, obwohl der Druck auf Kinder und Jugendliche längst im roten Bereich funkt. Der Artikel begi… [+1561 chars]",,de,'Kinder'
https://www.zeit.de/news/2026-07/29/pkw-ueberschlaegt-sich-bei-grimma-zwei-kinder-schwer-verletzt,https://www.zeit.de/news/2026-07/29/pkw-ueberschlaegt-sich-bei-grimma-zwei-kinder-schwer-verletzt,0,www.zeit.de,Unfälle: Pkw überschlägt sich bei Grimma: zwei Kinder schwer verletzt,Hier finden Sie Informationen zu dem Thema „Unfälle“. Lesen Sie jetzt „Pkw überschlägt sich bei Grimma: zwei Kinder schwer verletzt“.,https://img.zeit.de/news/2026-07/29/pkw-ueberschlaegt-sich-bei-grimma-zwei-kinder-schwer-verletzt-image-group/wide__1300x731,2026-07-29T05:41:25Z,,"Ein Auto hat sich bei Grimma (Landkreis Leipzig) überschlagen, zwei Kinder sind dabei schwer verletzt worden. In Parthenstein kam ein 44-Jähriger in der Kurve mit seinem Wagen von der Fahrbahn ab, wi… [+702 chars]",,de,'Kinder'
https://www.focus.de/kultur/kino-tv/buergergeld-empfaenger-kaempfen-um-ihre-kinder-dann-eskaliert-wohnungsstreit_2c895aeb-9f8e-4024-80f8-686594a14d34.html,https://www.focus.de/kultur/kino-tv/buergergeld-empfaenger-kaempfen-um-ihre-kinder-dann-eskaliert-wohnungsstreit_2c895aeb-9f8e-4024-80f8-686594a14d34.html,0,www.focus.de,Bürgergeld-Empfänger kämpfen um ihre Kinder – dann eskaliert Wohnungsstreit,"Für Jasmin und Maik aus „Hartz und herzlich“ wird es turbulent: Ihre Kinder leben beim Jugendamt, eine eigene Wohnung fehlt. Bei Bärbel finden sie vorübergehend Unterschlupf – doch dort eskaliert die Lage.","https://quadro.burda-forward.de/ctf/6fcd437e-dc5b-4fba-870a-1b45bfb8fb5d.9d300998-e98c-453a-8d60-d631fccae057.jpeg?im=RegionOfInterestCrop=(1200,630),regionOfInterest=(800,450)&hash=2fecac018f8f8dfe3ee8de521d04f3594f8945c865db749ec42496da113a49fd",2026-07-29T06:27:00Z,,"In den neuen Folgen der Sozialreportage kämpfen die jungen Eltern darum, möglichst schnell eine eigene Wohnung zu finden. Nachdem sie mit ihren Kindern vorübergehend in einem Mutter-Kind-Heim unterge… [+2130 chars]",,de,'Kinder'
https://www.faz.net/aktuell/wissen/physik-mehr/klimaanlage-der-zukunft-kuehlen-mit-magneten-und-ohne-kaeltemittel-accg-201053985.html,https://www.faz.net/aktuell/wissen/physik-mehr/klimaanlage-der-zukunft-kuehlen-mit-magneten-und-ohne-kaeltemittel-accg-201053985.html,0,www.faz.net,Festkörperkühlung: Sieht so die Klimaanlage der Zukunft aus?,"In Europa werden Maschinen gebaut, die mit Magneten und modernen Materialien kühlen – ohne gefährliche Kältemittel und noch dazu stromsparend. So funktionieren sie.",https://media0.faz.net/image/w1200h627/3cf088a04bd6/w4132h2158x868y248o/202408/43601.0.484719456/ein-kuehlschrank-der-ohne.webp,2026-07-29T06:32:52Z,,"Vielleicht verbirgt sich die Zukunft der Klimaanlage unter Sahnepudding, Biomozzarella und Milchreis mit Zimtgeschmack. Die Lebensmittel liegen in der Kühltheke eines Supermarkts in Darmstadt. Sie si… [+10018 chars]",,de,'Kälte'
https://www.perlentaucher.de/efeu/2026-07-29.html,https://www.perlentaucher.de/efeu/2026-07-29.html,0,www.perlentaucher.de,"EFEU - DIE KULTURRUNDSCHAU: Ohne Ruder, Segel und Steuer","Festspiele-Fieber in den Feuilletons: Peter Handkes ""Schnee von gestern, Schnee von morgen"" wird in Salzburg uraufgeführt und stößt auf freundliche Reaktionen. Die FAZ verliert sich gern in Handkes uferlosem Text, der Zeit ist die Inszenierung ein wenig zu er…",https://www.perlentaucher.de/static/img/perlentaucher-logo-512x.png,2026-07-29T07:00:00Z,,"Die Festspiele in Salzburg und Bayreuth haben die Feuilletons heute voll in ihrem Griff. Beginnen wir diesmal mit Salzburg und der Uraufführung von Peter Handkes ""Schnee von gestern, Schnee von morge… [+4008 chars]",,de,'Schnee'
https://www.zeit.de/news/2026-07/29/hund-laeuft-vor-schulbus-zwoelf-kinder-leicht-verletzt,https://www.zeit.de/news/2026-07/29/hund-laeuft-vor-schulbus-zwoelf-kinder-leicht-verletzt,0,www.zeit.de,Busfahrer bremst: Hund läuft vor Schulbus – zwölf Kinder leicht verletzt,Hier finden Sie Informationen zu dem Thema „Busfahrer bremst“. Lesen Sie jetzt „Hund läuft vor Schulbus – zwölf Kinder leicht verletzt“.,https://img.zeit.de/news/2026-07/29/hund-laeuft-vor-schulbus-zwoelf-kinder-leicht-verletzt-image-group/wide__1300x731,2026-07-29T09:28:55Z,,Ein Hund ist im unterfränkischen Landkreis Bad Kissingen vor einen Schulbus gelaufen und hat einen Unfall mit zwölf verletzten Grundschulkindern verursacht. Der mit den Kindern besetzte Bus sei am fr… [+580 chars],,de,'Kinder'
https://www.morgenpost.de/blogs-kolumnen/article412695406/indoor-radfahren-im-hochsommer-auf-der-suche-nach-den-besten-kuehlungstipps.html,https://www.morgenpost.de/blogs-kolumnen/article412695406/indoor-radfahren-im-hochsommer-auf-der-suche-nach-den-besten-kuehlungstipps.html,0,www.morgenpost.de,Indoor-Radfahren im Hochsommer: Auf der Suche nach den besten Kühlungstipps,Rollentrainer werden vor allem im Winter genutzt. Unsere Autorin muss nun im Sommer darauf zurückgreifen – ein unfreiwilliges Hitzetraining.,https://img.sparknews.funkemedien.de/409927925/409927925_1757238971_v16_9_1600.jpeg,2026-07-29T10:09:54Z,,"Es ist schneller zurückgekehrt, als ich es eigentlich geplant hatte: das Fahrrad in meinem Wohnzimmer. Seit wenigen Wochen steht der Rollentrainer wieder mittig zwischen Ess- und Couchtisch und verri… [+3917 chars]",,de,'Winter'
https://www.faz.net/aktuell/technik-motor/technik/atomkraft-und-erdgas-fuer-kuenstliche-intelligenz-das-ist-jetzt-angesagt-accg-200982996.html,https://www.faz.net/aktuell/technik-motor/technik/atomkraft-und-erdgas-fuer-kuenstliche-intelligenz-das-ist-jetzt-angesagt-accg-200982996.html,0,www.faz.net,Kernenergie und Gas: Kraft für die KI,Rechenzentren für Künstliche Intelligenz haben einen sehr hohen Strombedarf. Amerikanische Techkonzerne setzen daher wieder auf Kern- und Gaskraftwerke.,https://media0.faz.net/image/w1200h627/5f42af413428/w6000h3135x0y745o/202603/43601.0.1938428718/atomkraft-fuer-microsoft-three.webp,2026-07-29T10:33:43Z,,"Nicht nur Apple hat die Preise für Rechner deutlich erhöht, sondern in der gesamten PC-Branche wurden in den vergangenen Monaten Speicherbausteine und SSD teurer. Die Gründe hatten wir hier unlängst … [+154 chars]",,de,'Gas'
https://www.diepresse.com/40246196/oel-und-gaspreise-legen-nach-neuen-angriffen-im-iran-krieg-wieder-zu,https://www.diepresse.com/40246196/oel-und-gaspreise-legen-nach-neuen-angriffen-im-iran-krieg-wieder-zu,0,www.diepresse.com,Öl- und Gaspreise legen nach neuen Angriffen im Iran-Krieg wieder zu,"Die Rohölsorte Brent ist um vier Prozent auf 87,15 US-Dollar gestiegen. Die Spritpreise sind in Österreich von Montag auf Dienstag leicht gestiegen. Auch der europäische Gaspreis legt zu.",https://img.diepresse.com/public/incoming/wjqopz-22730394794221566bldhiresjpg/alternates/WEBP_WIDE_1200/22730394794221566_BLD_HiRes.jpg,2026-07-29T10:44:49Z,,"Die Presse auf Google als bevorzugte Nachrichtenquelle hinzufügen.
 Die Ölpreise sind am Mittwoch nach deutlichen Verlusten der vergangenen Handelstage wieder gestiegen. Die Notierungen legten kräft… [+2894 chars]",,de,'Spritpreise'
https://www.zeit.de/news/2026-07/29/kinder-verspruehen-gestohlenes-pfefferspray-im-hort,https://www.zeit.de/news/2026-07/29/kinder-verspruehen-gestohlenes-pfefferspray-im-hort,0,www.zeit.de,Reizungen und Erbrechen: Kinder versprühen gestohlenes Pfefferspray im Hort,Hier finden Sie Informationen zu dem Thema „Reizungen und Erbrechen“. Lesen Sie jetzt „Kinder versprühen gestohlenes Pfefferspray im Hort“.,https://img.zeit.de/news/2026-07/29/kinder-verspruehen-gestohlenes-pfefferspray-im-hort-image-group/wide__1300x731,2026-07-29T11:35:55Z,,Zwei Kinder haben sich in einem Hort in Penzberg (Landkreis Weilheim-Schongau) mit gestohlenem Pfefferspray selbst leicht verletzt. Der Polizei wurde am Dienstag ein undefinierbarer Geruch sowie Reiz… [+927 chars],,de,'Kinder'
https://www.telepolis.de/article/Trumps-gefaehrliches-Spiel-mit-Amerikas-Oelreserven-11381631.html,https://www.telepolis.de/article/Trumps-gefaehrliches-Spiel-mit-Amerikas-Oelreserven-11381631.html,0,www.telepolis.de,Trumps gefährliches Spiel mit Amerikas Ölreserven,"Amerikas strategische Ölreserve schmilzt – und Trump zapft sie weiter an. Doch was passiert, wenn die letzte Pufferzone versiegt? Ein Gastbeitrag.",https://heise.cloudimg.io/bound/1200x1200/q85.png-lossy-85.webp-lossy-85.foil1/_www-heise-de_/imgs/18/5/1/2/6/1/1/7/shutterstock_2591559463-b50fc24285614a00.jpg,2026-07-29T12:00:00Z,,"KI-Illustration: Donald Trump setzt alles auf eine Karte, während sich die US-Ölreserven kritischen Werten nähern
(Bild: Shutterstock AI/Shutterstock.com)
Amerikas strategische Ölreserve schmilzt u… [+9327 chars]",,de,'Rohöl'
https://www.n-tv.de/ratgeber/Brot-schon-wieder-schimmelig-Sechs-Tipps-fuer-laengere-Frische-id31062352.html,https://www.n-tv.de/ratgeber/Brot-schon-wieder-schimmelig-Sechs-Tipps-fuer-laengere-Frische-id31062352.html,0,www.n-tv.de,Hitze-Effekt: Brot schon wieder schimmelig? Sechs Tipps für längere Frische,"Sommerhitze macht Brot zum Schimmel-Magneten. Welche Sorten länger frisch bleiben und was beim Lagern wirklich hilft, erklären Experten vom Bundeszentrum für Ernährung.",https://www.n-tv.de/img/31061517/1783508114/Img_16_9/1200/Im-Brotkasten-in-der-Baeckertuete-oder-im-Kuehlschrank-So-wird-frisches-Brot-im-Sommer-am-besten-gelagert.jpg,2026-07-29T14:23:21Z,,"Im Brotkasten, in der Bäckertüte oder im Kühlschrank? So wird frisches Brot im Sommer am besten gelagert. (Foto: picture alliance/dpa)
Sommerhitze macht Brot zum Schimmel-Magneten. Welche Sorten län… [+3515 chars]",,de,'Schimmel'
https://www.zeit.de/zeit-magazin/2026/33/partnersuche-anzeige-telefonate-hoffnung-liebeskolumne,https://www.zeit.de/zeit-magazin/2026/33/partnersuche-anzeige-telefonate-hoffnung-liebeskolumne,0,www.zeit.de,"Partnersuche per Anzeige: »Ich gestand ihm, dass ich mich in seine Stimme verliebt hatte«","Nach sieben Jahren flammt eine fast vergessene Begegnung wieder auf – voller Nähe, Hoffnung und Sehnsucht. Doch am Ende bleibt nur Kälte.",https://img.zeit.de/zeit-magazin/2026/33/ein-spaziergang-und-ein-leichtes-gespraech-machten-den-nachmittag-besonders-bild-1/wide__1300x731,2026-07-29T14:47:36Z,,"Schließen
Artikelzusammenfassung
Eine kluge Kontaktanzeige wurde für Pauline zum Zündfunken einer Liebe, die fast nur aus Sprache bestand. Anfang 60, beruflich auf der Überholspur und privat auf En… [+1159 chars]",,de,'Kälte'
https://www.zeit.de/news/2026-07/29/block-prozess-gutachten-zu-folgen-der-entfuehrung-fuer-kinder,https://www.zeit.de/news/2026-07/29/block-prozess-gutachten-zu-folgen-der-entfuehrung-fuer-kinder,0,www.zeit.de,65. Verhandlungstag: Block-Prozess: Gutachten zu Folgen der Entführung für Kinder,Hier finden Sie Informationen zu dem Thema „65. Verhandlungstag“. Lesen Sie jetzt „Block-Prozess: Gutachten zu Folgen der Entführung für Kinder“.,https://img.zeit.de/news/2026-07/29/block-prozess-gutachten-zu-folgen-der-entfuehrung-fuer-kinder-image-group/wide__1300x731,2026-07-29T14:59:20Z,,Im Hamburger Block-Prozess hat eine Jugendpsychiaterin dem Gericht die Folgen der Entführung für die beiden Kinder beschrieben. Die Vorstellung des Gutachtens fand unter Ausschluss der Öffentlichkeit… [+4163 chars],,de,'Kinder'
https://www.zeit.de/news/2026-07/29/freier-freibadzugang-fuer-kinder-in-anroechte-dank-spende,https://www.zeit.de/news/2026-07/29/freier-freibadzugang-fuer-kinder-in-anroechte-dank-spende,0,www.zeit.de,Ferienaktion: Freier Freibadzugang für Kinder in Anröchte dank Spende,Hier finden Sie Informationen zu dem Thema „Ferienaktion“. Lesen Sie jetzt „Freier Freibadzugang für Kinder in Anröchte dank Spende“.,https://img.zeit.de/news/2026-07/29/freier-freibadzugang-fuer-kinder-in-anroechte-dank-spende-image-group/wide__1300x731,2026-07-29T15:19:23Z,,Kinder und Jugendliche in Anröchte haben dank einer anonymen Spenderin während der Sommerferien freien Eintritt ins Freibad. Das teilte der Förderverein des Waldfreibades auf seinem Instagram-Account… [+465 chars],,de,'Kinder'
https://www.focus.de/reisen/6-02-meter-schnee-marke-erreicht-skigebiet-geschlossen-es-schneit-immer-noch-weiter_964c9dad-1990-4df6-856d-2fa79e900535.html,https://www.focus.de/reisen/6-02-meter-schnee-marke-erreicht-skigebiet-geschlossen-es-schneit-immer-noch-weiter_964c9dad-1990-4df6-856d-2fa79e900535.html,0,www.focus.de,"6,02 Meter Schnee Marke erreicht: Skigebiet geschlossen - es schneit immer noch weiter","Während hierzulande die Sonne brennt, versinkt das chilenische Skigebiet Portillo immer mehr im Schnee. Inzwischen hat er die Marke von 6,02 Metern erreicht.","https://quadro.burda-forward.de/ctf/dea9261c-3ede-49d0-b663-6a929d479d27.0886392e-f7d7-4e9d-a330-5a0de8c7728f.jpg?im=RegionOfInterestCrop=(1200,630),regionOfInterest=(1017,672)&hash=d1bf48af392867785b6d9be39ccac68e1cce5b8b31b7a78a4b691b1235bca148",2026-07-29T16:01:00Z,,"Update vom 27. Juli: Portillo versinkt weiter im Schnee. Nun ist auch ein markantes Limit überschritten: Das chilenische Skigebiet meldete 6,02 Meter Schnee. Das chilenische Skigebiet bleibt nach Inf… [+3653 chars]",,de,'Schnee'
https://www.zeit.de/news/2026-07/29/transporter-geraet-in-gegenverkehr-drei-kinder-verletzt,https://www.zeit.de/news/2026-07/29/transporter-geraet-in-gegenverkehr-drei-kinder-verletzt,0,www.zeit.de,Unfälle: Transporter gerät in Gegenverkehr - drei Kinder verletzt,Hier finden Sie Informationen zu dem Thema „Unfälle“. Lesen Sie jetzt „Transporter gerät in Gegenverkehr - drei Kinder verletzt“.,https://img.zeit.de/news/2026-07/29/transporter-geraet-in-gegenverkehr-drei-kinder-verletzt-image-group/wide__1300x731,2026-07-29T18:46:20Z,,Bei einem Verkehrsunfall in Seeheim-Jugenheim (Landkreis Darmstadt-Dieburg) sind mehrere Menschen verletzt worden darunter auch drei Kinder. Nach Angaben der Polizei geriet am Nachmittag aus bislang … [+514 chars],,de,'Kinder'
https://www.golem.de/sonstiges/zustimmung/auswahl.html?from=https://www.golem.de/news/schienenverkehr-bahn-verzeichnet-erstmals-seit-sieben-jahren-wieder-gewinn-2607-211433.html&referer=https://t.co/7badb635af,https://www.golem.de/sonstiges/zustimmung/auswahl.html?from=https://www.golem.de/news/schienenverkehr-bahn-verzeichnet-erstmals-seit-sieben-jahren-wieder-gewinn-2607-211433.html&referer=https://t.co/7badb635af,0,www.golem.de,Schienenverkehr: Bahn verzeichnet erstmals seit sieben Jahren wieder Gewinn,"Die Bahn macht mal wieder Plus. Auch die Zahl der Passagiere ist gestiegen - die hohen Spritpreise sollen Pendler vom Auto zur Bahn gebracht haben. (Deutsche Bahn, Wirtschaft)",,2026-07-30T07:43:02Z,,"Besuchen Sie Golem.de wie gewohnt mit Werbung und Tracking,
 indem Sie der Nutzung aller Cookies zustimmen.
 Details zum Tracking finden Sie im Privacy Center.
Skript wurde nicht geladen. Informat… [+607 chars]",,de,'Spritpreise'
https://www.zeit.de/zeit-magazin/wochenmarkt/2026-07/makguksu-nudeln-rezept-wochenmarkt,https://www.zeit.de/zeit-magazin/wochenmarkt/2026-07/makguksu-nudeln-rezept-wochenmarkt,0,www.zeit.de,Makguksu: Kalte Nudeln für heiße Tage,"In Korea werden kalte Nudeln auch im Winter gegessen, dieses Makguksu passt aber auch bestens in den Sommer. Wem sie nicht kalt genug sind, garniert sie mit Eiswürfeln.",https://img.zeit.de/zeit-magazin/wochenmarkt/2026-07/makguksu-angelika-schwaff2-bild/wide__1300x731,2026-07-30T08:50:26Z,,"Wer im November nach Seoul reist, rechnet mit schneidendem Wind und dampfenden Suppen. Und doch hatte ich bei meinem Besuch etwas anderes auf meiner »Muss-ich-unbedingt-essen-Liste!«, nämlich eine Sc… [+561 chars]",,de,'Winter'
https://www.tagesschau.de/ausland/afrika/drohnenangriff-aegypten-100.html,https://www.tagesschau.de/ausland/afrika/drohnenangriff-aegypten-100.html,0,www.tagesschau.de,Brand auf US-Tanker in Ägypten - Drohne offenbar Auslöser,"Im ägyptischen Mittelmeerhafen Damietta ist am Abend ein US-Gastanker in Brand geraten. Ursache war laut Behörden ein Drohnenangriff. Im Land wächst die Angst, in den Iran-Krieg gezogen zu werden.",https://images.tagesschau.de/image/a6607c4f-4c25-42bc-9344-9d90533cfd9d/AAABn7KVXFw/AAABnSSvrFg/16x9-big/aegypten-hafen-100.jpg?width=1280,2026-07-30T10:37:29Z,,"Stand: 30.07.2026 12:37 Uhr
Im ägyptischen Mittelmeerhafen Damietta ist am Abend ein US-Gastanker in Brand geraten. Ursache war laut Behörden ein Drohnenangriff. Im Land wächst die Angst, in den Ira… [+1896 chars]",,de,'Gas'
https://t3n.de/news/playstation-blackout-gamer-demonstrieren-disc-aus-1755666/,https://t3n.de/news/playstation-blackout-gamer-demonstrieren-disc-aus-1755666/,0,t3n.de,Playstation-Blackout: Wie Gamer gegen das Aus von Discs demonstrieren wollen,"Mit einem Blackout wollen Playstation-Fans Sony zeigen, dass sie über das geplante Disc-Aus nicht gerade erfreut sind. Welche Maßnahmen sie für den Protest geplant haben.
weiterlesen auf t3n.de",https://cdn.t3n.de/news/wp-content/uploads/2026/07/ps5-disc.jpeg?class=content,2026-07-30T12:00:13Z,,Sony hat für die Gaming-Sparte das Ende von physischen Datenträgern angekündigt. Ab 2028 sollen neue Playstation-Games ausschließlich in digitaler Form erscheinen. Das Disc-Aus hat bei Gamer:innen we… [+3335 chars],,de,'Blackout'
https://www.welt.de/regionales/sachsen-anhalt/article6a6b4a30dd06dd5ef2e3f7df/sandau-hochwasserschutzprojekt-schafft-184-hektar-flaeche.html,https://www.welt.de/regionales/sachsen-anhalt/article6a6b4a30dd06dd5ef2e3f7df/sandau-hochwasserschutzprojekt-schafft-184-hektar-flaeche.html,0,www.welt.de,Sandau: Hochwasserschutzprojekt schafft 184 Hektar Fläche,Bei Sandau an der Elbe wurden neue Deiche errichtet und 184 Hektar zusätzliche Überschwemmungsfläche geschaffen. Bund und Land investierten 30 Millionen Euro.,https://images.welt.de/6a6b4a30dd06dd5ef2e3f7df/8688062f78847f9b3ea47dc1779f881e/ci16x9-w1200/dpa-com-20090101-251027-935-917729-jpg,2026-07-30T13:02:14Z,,Im Landkreis Stendal sind zwei Hochwasserschutzprojekte an der Elbe bei Sandau erfolgreich abgeschlossen worden. Durch Deichrückverlegungen erhielt der Fluss zusätzliche Ausbreitungsflächen für künft… [+1169 chars],,de,'Hochwasser'
https://www.morgenpost.de/wirtschaft/article412716507/gefahrenszenario-mega-blackout-bundesnetzagentur-trifft-konkrete-vorbereitungen.html,https://www.morgenpost.de/wirtschaft/article412716507/gefahrenszenario-mega-blackout-bundesnetzagentur-trifft-konkrete-vorbereitungen.html,0,www.morgenpost.de,Gefahrenszenario Mega-Blackout: Bundesnetzagentur trifft konkrete Vorbereitungen,Mit Abschaltplänen für Großverbraucher: Die Bundesnetzagentur bereitet sich heimlich auf Mega-Blackouts vor – nun sind die Pläne öffentlich geworden.,https://img.sparknews.funkemedien.de/412676902/412676902_1785416714_v16_9_1600.jpeg,2026-07-30T13:05:14Z,,Ohne Strom und damit auch ohne Heizung harrten Anfang Januar tausende Menschen im Berliner Südwesten in ihren Wohnungen und Häusern aus. Der tagelange Blackout verdeutlichte in dramatischer Form: Bei… [+4102 chars],,de,'Blackout'
https://www.zeit.de/news/2026-07/30/mann-zielt-mit-waffenattrappe-auf-frau-und-kinder,https://www.zeit.de/news/2026-07/30/mann-zielt-mit-waffenattrappe-auf-frau-und-kinder,0,www.zeit.de,Nachbarschaftsstreit: Mann zielt mit Waffenattrappe auf Frau und Kinder,Hier finden Sie Informationen zu dem Thema „Nachbarschaftsstreit“. Lesen Sie jetzt „Mann zielt mit Waffenattrappe auf Frau und Kinder“.,https://img.zeit.de/news/2026-07/30/mann-zielt-mit-waffenattrappe-auf-frau-und-kinder-image-group/wide__1300x731,2026-07-30T13:34:00Z,,"Ein 48-Jähriger hat im Zuge eines Nachbarschaftsstreits eine Frau und zwei Kinder mit einer Gewehrattrappe bedroht. Er zielte von seinem Fenster aus auf die Frau und die Kinder, als diese sich im Gar… [+613 chars]",,de,'Kinder'
https://www.faz.net/aktuell/rhein-main/wirtschaft/preise-in-hessen-benzin-teurer-aber-butter-gibts-guenstig-201080144.html,https://www.faz.net/aktuell/rhein-main/wirtschaft/preise-in-hessen-benzin-teurer-aber-butter-gibts-guenstig-201080144.html,0,www.faz.net,Nach Ende der Steuersenkung: Spritpreise lassen die Inflationsrate wieder steigen,Ende Juni liefen Steuersenkungen für Benzin und Diesel aus. Vor allem deshalb zieht die Inflation in Hessen erstmals seit Monaten wieder an. Dabei sind Lebensmittel günstiger geworden.,https://media0.faz.net/image/w1200h627/78ae568d35f4/w6144h3210x0y443o/202606/43601.0.2170691127/insbesondere-durch-den-krieg.webp,2026-07-30T13:43:26Z,,"Die Inflationsrate in Hessen ist erstmals seit März 2026 wieder gestiegen. Wie das Statistische Landesamt in Wiesbaden nach vorläufigen Erhebungen mitteilte, erhöhten sich die Verbraucherpreise im Ju… [+1812 chars]",,de,'Spritpreise'
https://www.tagesspiegel.de/wissen/sie-heizen-die-stadt-weiter-auf-klimaanlagen-fur-jedermann-sind-auch-keine-losung-15811919.html,https://www.tagesspiegel.de/wissen/sie-heizen-die-stadt-weiter-auf-klimaanlagen-fur-jedermann-sind-auch-keine-losung-15811919.html,0,www.tagesspiegel.de,Sie heizen die Stadt weiter auf: Klimaanlagen für Jedermann sind auch keine Lösung,"Kälte innen, Wärme nach draußen: Das Wirkprinzip der Klimaanlage macht Städte wärmer. Forscher haben berechnet, wie groß der Effekt ist. Berlin sticht durch Besonderheiten hervor.",https://www.tagesspiegel.de/images/15817756/alternates/BASE_16_9_W1400/1783512891000/air-conditioners-on-rooftop-harsh-sun-urban-heatwave-illustration.jpeg,2026-07-30T20:19:31Z,,In jedem Berliner Baumarkt bietet sich dasselbe Bild. Die heißeste Woche aller Zeiten hat die Regale mit Klimaanlagen leergefegt. Doch die Geräte machen die Stadt durch ihre Abluft noch heißer. Bei g… [+93 chars],,de,'Kälte'
https://www.zeit.de/news/2026-07/31/was-autofahrer-zur-speedweek-im-suedwesten-wissen-muessen,https://www.zeit.de/news/2026-07/31/was-autofahrer-zur-speedweek-im-suedwesten-wissen-muessen,0,www.zeit.de,Runter vom Gas: Was Autofahrer zur Speedweek im Südwesten wissen müssen,Hier finden Sie Informationen zu dem Thema „Runter vom Gas“. Lesen Sie jetzt „Was Autofahrer zur Speedweek im Südwesten wissen müssen“.,https://img.zeit.de/news/2026-07/31/was-autofahrer-zur-speedweek-im-suedwesten-wissen-muessen-image-group/wide__1300x731,2026-07-31T02:00:29Z,,"Wer in der kommenden Woche häufig mit dem Auto unterwegs ist, sollte besonders auf sein Tempo achten. Denn die Polizei in Baden-Württemberg kontrolliert mitten in den Sommerferien in der sogenannten … [+2014 chars]",,de,'Gas'
https://www.n-tv.de/wirtschaft/Deutsche-Oelkonzerne-stemmen-sich-gegen-das-Kartellamt-id31144532.html,https://www.n-tv.de/wirtschaft/Deutsche-Oelkonzerne-stemmen-sich-gegen-das-Kartellamt-id31144532.html,0,www.n-tv.de,Ermittlungen zu Spritpreisen: Deutsche Ölkonzerne stemmen sich gegen das Kartellamt,"Das Bundeskartellamt will klären, ob Mineralölkonzerne den Iran-Krieg für überhöhte Kraftstoffpreise genutzt haben. Zwei Raffinerie-Betreiber gehen juristisch gegen die Auskunftsanordnungen der Behörde vor. Dadurch könnten sich die Ermittlungen verzögern.",https://www.n-tv.de/img/31144591/1785483203/Img_16_9/1200/16-07-2026-Wirtschaft-v-l-Die-Tank-und-Rastanlage-Waldmohr-an-der-Autobahn-zeigt-hohe-Kraftstoffpreise-fuer-Diesel-Super-E10-Super-sowie-Premiumkraftstoffe-Das-Motiv-eignet-sich-als-Symbolbild-fuer-steigende-Spritpreise-Mobilitaetskosten-Fernverkehr-Inflation-und-die-finanzielle-Belastung-von-Autofahrern.jpg,2026-07-31T05:57:37Z,,"Wie ein Sprecher des Kartellamts bestätigte, laufen Verfahren gegen alle zwölf Eigentümer deutscher Raffinerien. (Foto: picture alliance / SNS)
Das Bundeskartellamt will klären, ob Mineralölkonzerne… [+1968 chars]",,de,'Spritpreise'
https://www.photoscala.de/2026/07/31/juwelen-des-himmels-zeigt-schneekristalle-im-detail-bildband-verbindet-fotografie-und-forschung/,https://www.photoscala.de/2026/07/31/juwelen-des-himmels-zeigt-schneekristalle-im-detail-bildband-verbindet-fotografie-und-forschung/,0,www.photoscala.de,Juwelen des Himmels zeigt Schneekristalle im Detail: Bildband verbindet Fotografie und Forschung,"Norbert Span veröffentlicht mit Juwelen des Himmels einen Bildband über Schneekristalle mit 76 Fotografien und wissenschaftlichen Erläuterungen.
Der Beitrag Juwelen des Himmels zeigt Schneekristalle im Detail: Bildband verbindet Fotografie und Forschung ersch…",https://www.photoscala.de/wp-content/uploads/2026/07/Juwelen-des-Himmels-scaled.jpg,2026-07-31T08:03:40Z,,Mit Juwelen des Himmels erscheint im Oktober 2026 ein Bildband des Meteorologen und Glaziologen Norbert Span. Das Buch widmet sich der Vielfalt von Schneekristallen und verbindet wissenschaftliche In… [+1760 chars],,de,'Schnee'
https://www.zeit.de/news/2026-07/31/kinder-sollen-gezuendelt-und-brand-ausgeloest-haben,https://www.zeit.de/news/2026-07/31/kinder-sollen-gezuendelt-und-brand-ausgeloest-haben,0,www.zeit.de,Polizei ermittelt: Kinder sollen gezündelt und Brand ausgelöst haben,Hier finden Sie Informationen zu dem Thema „Polizei ermittelt“. Lesen Sie jetzt „Kinder sollen gezündelt und Brand ausgelöst haben“.,https://img.zeit.de/news/2026-07/31/kinder-sollen-gezuendelt-und-brand-ausgeloest-haben-image-group/wide__1300x731,2026-07-31T08:47:41Z,,"Zwei Kinder im Alter von 10 und 12 Jahren stehen im Verdacht, einen Brand in Herbertingen (Kreis Sigmaringen) ausgelöst zu haben. Nach ersten Ermittlungen sollen die Jungen am Abend vor dem Brand in … [+891 chars]",,de,'Kinder'
https://www.zeit.de/news/2026-07/31/mann-soll-kinder-in-schwimmbad-missbraucht-haben,https://www.zeit.de/news/2026-07/31/mann-soll-kinder-in-schwimmbad-missbraucht-haben,0,www.zeit.de,Oberkochen (Ostalbkreis): Mann soll Kinder in Schwimmbad missbraucht haben,Hier finden Sie Informationen zu dem Thema „Oberkochen (Ostalbkreis)“. Lesen Sie jetzt „Mann soll Kinder in Schwimmbad missbraucht haben“.,https://img.zeit.de/news/2026-07/31/mann-soll-kinder-in-schwimmbad-missbraucht-haben-image-group/wide__1300x731,2026-07-31T09:01:33Z,,Ein Mann soll im Hallenbad «Kocherbad» in Oberkochen (Ostalbkreis) zwei Jungen sexuell missbraucht haben und sitzt nun in Haft. Der 35-Jährige sprach die beiden Neunjährigen zunächst im Bereich der D… [+471 chars],,de,'Kinder'
https://www.diepresse.com/40481685/stadtentwicklung-wien-will-hitzeinseln-vermeiden,https://www.diepresse.com/40481685/stadtentwicklung-wien-will-hitzeinseln-vermeiden,0,www.diepresse.com,Stadt­entwick­lung: Wien will Hitzeinseln vermeiden [premium],Digitale Daten vom Weltall bilden eine wichtige Basis für gezielte Klimaanpassungen. Ein EU-Projekt wählte Wien als Vorbild für satellitengestützte Maßnahmen aus. So erkennt man dürre Wiesen oder Glatteis schneller. Das klappt mit visualisierten Hitzekarten u…,https://img.diepresse.com/public/incoming/z9cdf1-land-surfacetemperatureinviennaon14july2023-c-esa-nasa-jpljpg/alternates/WEBP_WIDE_1200/Land-surface_temperature_in_Vienna_on_14_July_2023%20C%20ESA%20-%20NASA%20-%20JPL.jpg,2026-07-31T09:32:58Z,,Resilienz gegen Folgen des Klimawandels wünschten sich in den aktuellen Hitzewellen bestimmt viele Menschen in Wien. Während Temperaturen um die 40 Grad Ende Juni und Juli die Gesundheit der Bevölker… [+4180 chars],,de,'Glatteis'
https://taz.de/Klimawandel-in-Russland/!6198624/,https://taz.de/Klimawandel-in-Russland/!6198624/,0,taz.de,"Klimawandel in Russland: Starkregen, Hochwasser, Erdrutsche",Überschwemmungen nehmen in Russland zu. Vielerorts brennt der Wald. Immer mehr Rus­s*in­nen halten das für einen von der Natur vorgegebenen Prozess.,https://taz.de/picture/8629598/1200/41779086.jpeg,2026-07-31T15:52:00Z,,Überschwemmungen nehmen in Russland zu. Vielerorts brennt der Wald. Immer mehr Rus­s*in­nen halten das für einen von der Natur vorgegebenen Prozess. mehr...,,de,'Hochwasser'
… [+295 chars],,de,'Kinder',,,,,,,,,
