topic,sentiment_mean,sentiment_std,subjectivity_mean,subjectivity_std,counting
Energie,0.03104992202963089,0.9565402022381064,-0.029374214268986926,0.9527757830813742,772.0
Gesundheit,-0.15470665095149605,1.010129951105052,0.061314873287351065,0.994396940967068,169.0
Politik,0.008590328118660048,0.8828293296546427,0.14576154667811458,1.0565992334985552,215.0
Winter,0.0009539012289320148,1.0187161665813658,-0.030878702777946406,0.965735444787143,550.0
