,phrase,label,sentiment,subjectivity,language,count
Deutschland,,,,,,
Berlin,,,,,,
Ukraine,,,,,,
Russland,,,,,,
Bayern,,,,,,
Glatteis,,,,,,
Deutschlands,,,,,,
Brandenburg,,,,,,
Europa,,,,,,
…,,,,,,
Hessen,,,,,,
USA,,,,,,
Österreich,,,,,,
Hamburg,,,,,,
Saarland,,,,,,
Niedersachsen,,,,,,
Sachsen-Anhalt,,,,,,
Rheinland-Pfalz,,,,,,
Sachsen,,,,,,
NRW,,,,,,
Thüringen,,,,,,
München,,,,,,
Spanien,,,,,,
Baden-Württemberg,,,,,,
China,,,,,,
Stadt,,,,,,
Nordrhein-Westfalen,,,,,,
Schnee,,,,,,
Frankreich,,,,,,
Alpen,,,,,,
den USA,,,,,,
Elbe,,,,,,
Bayerns,,,,,,
Italien,,,,,,
Frankfurt,,,,,,
Landes,,,,,,
Russlands,,,,,,
Iran,,,,,,
Bremen,,,,,,
Bund,,,,,,
Australien,,,,,,
Polen,,,,,,
Wien,,,,,,
Europas,,,,,,
Privacy Center,,,,,,
Kiew,,,,,,
Israel,,,,,,
Portugal,,,,,,
Schweiz,,,,,,
Großbritannien,,,,,,
Schleswig-Holstein,,,,,,
nan,,,,,,
Unfälle,,,,,,
Mecklenburg-Vorpommern,,,,,,
Moskau,,,,,,
Diesel,,,,,,
Dresden,,,,,,
Süddeutschland,,,,,,
Harz,,,,,,
Rhein,,,,,,
Brüssel,,,,,,
Ostsee,,,,,,
“,,,,,,
Donau,,,,,,
US-Präsident,,,,,,
Land,,,,,,
Dauerregen,,,,,,
Düsseldorf,,,,,,
Staaten,,,,,,
Bergen,,,,,,
Energiepauschale,,,,,,
Gaza,,,,,,
Türkei,,,,,,
Nordsee,,,,,,
Köln,,,,,,
Kuba,,,,,,
Potsdam,,,,,,
London,,,,,,
Lützerath,,,,,,
Tankrabatt,,,,,,
Freistaat,,,,,,
Gaspreis,,,,,,
Texas,,,,,,
Erde,,,,,,
Sauerland,,,,,,
Offenbach,,,,,,
Hannover,,,,,,
Kindern,,,,,,
Washington,,,,,,
Stuttgart,,,,,,
Österreichs,,,,,,
Ahrtal,,,,,,
Indien,,,,,,
Landtag,,,,,,
Straße von Hormus,,,,,,
Tschechien,,,,,,
Oder,,,,,,
Norwegen,,,,,,
Thüringer Wald,,,,,,
Regen,,,,,,
d…,,,,,,
Dänemark,,,,,,
Japan,,,,,,
Slowenien,,,,,,
Dubai,,,,,,
Steiermark,,,,,,
Lausitz,,,,,,
Berlins,,,,,,
Paris,,,,,,
England,,,,,,
Wilhelmshaven,,,,,,
Stromausfall,,,,,,
Saarbrücken,,,,,,
Erzgebirge,,,,,,
Kalifornien,,,,,,
Borkum,,,,,,
Brandenburgs,,,,,,
Südafrika,,,,,,
Griechenland,,,,,,
Kolumbien,,,,,,
Magdeburg,,,,,,
Gaspreisbremse,,,,,,
Oberbayern,,,,,,
Mosel,,,,,,
Union,,,,,,
Kärnten,,,,,,
Wochenmitte,,,,,,
Kreml,,,,,,
Niederösterreich,,,,,,
Tirol,,,,,,
Wiesbaden,,,,,,
Leipzig,,,,,,
Schweden,,,,,,
Staat,,,,,,
Schimmel,,,,,,
Bewohner,,,,,,
Niedersachsens,,,,,,
der Schweiz,,,,,,
Hessens,,,,,,
Franken,,,,,,
Gazastreifen,,,,,,
Benzin,,,,,,
Rügen,,,,,,
Block-Kinder,,,,,,
Hamburgs,,,,,,
Hochwassergebiet,,,,,,
Essen,,,,,,
Mainz,,,,,,
Unfällen,,,,,,
Kraft,,,,,,
Temperaturen,,,,,,
Thüringer,,,,,,
D…,,,,,,
Mehrwertsteuer,,,,,,
Bundesrepublik,,,,,,
Feldberg,,,,,,
Slowakei,,,,,,
Kommunen,,,,,,
Brasilien,,,,,,
Mexiko,,,,,,
Saudi-Arabien,,,,,,
Halle,,,,,,
Ostseeküste,,,,,,
Chinas,,,,,,
Salzburg,,,,,,
Dortmund,,,,,,
Spaniens,,,,,,
Vorarlberg,,,,,,
Burgenland,,,,,,
Australiens,,,,,,
Afghanistan,,,,,,
Kitas,,,,,,
Niederlanden,,,,,,
New York,,,,,,
Istanbul,,,,,,
Syrien,,,,,,
Straße,,,,,,
Meteorologen,,,,,,
Thüringens,,,,,,
Brand,,,,,,
Ostdeutschland,,,,,,
Br\u00fcssel,,,,,,
Sturmflut,,,,,,
\u00fcberall,,,,,,
Venedig,,,,,,
Ungarn,,,,,,
Pakistan,,,,,,
Küste,,,,,,
Corona-Pandemie,,,,,,
Niederlande,,,,,,
Schwarzwald,,,,,,
Oberfranken,,,,,,
Regensburg,,,,,,
Oldenburg,,,,,,
Passau,,,,,,
Behördenangaben,,,,,,
Oberösterreich,,,,,,
Stromausfälle,,,,,,
Winterwetter,,,,,,
Milliardenhöhe,,,,,,
A3,,,,,,
Gemeinde,,,,,,
Schwaben,,,,,,
Alaska,,,,,,
B…,,,,,,
Kasachstan,,,,,,
Koblenz,,,,,,
Elektroautos,,,,,,
Reutlingen,,,,,,
Ägypten,,,,,,
Hause,,,,,,
Blackouts,,,,,,
Bodensee,,,,,,
Streusalz,,,,,,
Hochwasserkatastrophe,,,,,,
Madrid,,,,,,
Mittwoch,,,,,,
Hochwasser,,,,,,
Sachsens,,,,,,
Kanada,,,,,,
Erfurt,,,,,,
Staus,,,,,,
ZEIT am Wochenende,,,,,,
Mallorca,,,,,,
Finnland,,,,,,
MV,,,,,,
Orenburg,,,,,,
Frankreichs,,,,,,
Chile,,,,,,
Glatteisgefahr,,,,,,
Bürgergeld,,,,,,
Katar,,,,,,
Mount Everest,,,,,,
Landkreis Mansfeld-Südharz,,,,,,
Asien,,,,,,
Afrika,,,,,,
Eisregen,,,,,,
Bremer,,,,,,
Verbraucher,,,,,,
Nürnberg,,,,,,
Frankfurter Flughafen,,,,,,
Estland,,,,,,
Zermatt,,,,,,
Baden-Württembergs,,,,,,
Peking,,,,,,
Rumänien,,,,,,
Rom,,,,,,
Gasspeicher,,,,,,
Sturm,,,,,,
Ruhrgebiet,,,,,,
Höchststand,,,,,,
Duisburg,,,,,,
Flüssen,,,,,,
Iberischen Halbinsel,,,,,,
Niederbayern,,,,,,
US-Regierung,,,,,,
A7,,,,,,
Bulgarien,,,,,,
sn,,,,,,
Kroatien,,,,,,
Sölden,,,,,,
Lebensgefahr,,,,,,
Nord-,,,,,,
Hadamar,,,,,,
Moldau,,,,,,
Charkiw,,,,,,
Haus,,,,,,
E-Autos,,,,,,
Leyen,,,,,,
Ural,,,,,,
Augsburg,,,,,,
Gelsenkirchen,,,,,,
Chemnitz,,,,,,
Umständen,,,,,,
Monaten,,,,,,
Oberhof,,,,,,
Wolfsburg,,,,,,
Dauereinsatz,,,,,,
Fichtelberg,,,,,,
Timmendorfer Strand,,,,,,
Osnabrück,,,,,,
A1,,,,,,
Reifenwechsel,,,,,,
Norditalien,,,,,,
Altstadt,,,,,,
Nigeria,,,,,,
Sturmböen,,,,,,
Polizeiangaben,,,,,,
Zürich,,,,,,
Wuppertal,,,,,,
Olympia,,,,,,
Irland,,,,,,
Homeoffice,,,,,,
Queensland,,,,,,
Mittwochabend,,,,,,
Italiens,,,,,,
Hochwasser-Katastrophe,,,,,,
Obhut,,,,,,
Kursk,,,,,,
Garten,,,,,,
Habeck,,,,,,
Schnee-Chaos,,,,,,
Millionenhöhe,,,,,,
Florida,,,,,,
Starkregen,,,,,,
Bundes,,,,,,
Energiepreisbremsen,,,,,,
Minusgrade,,,,,,
Libanon,,,,,,
Mittelmeer,,,,,,
Blitzeis,,,,,,
Notstand,,,,,,
dpa/bb,,,,,,
Kindergeld,,,,,,
Hitze,,,,,,
Cherson,,,,,,
Weser,,,,,,
Belgien,,,,,,
Schneeschauer,,,,,,
A4,,,,,,
Gaskunden,,,,,,
Rosenheim,,,,,,
Neuseeland,,,,,,
Mittelfranken,,,,,,
Mannheim,,,,,,
TikTok,,,,,,
Spritpreise,,,,,,
Recklinghausen,,,,,,
Südtirol,,,,,,
Dresdner,,,,,,
Prignitz,,,,,,
Flensburg,,,,,,
Gaspreise,,,,,,
Neukunden,,,,,,
Amerikaner,,,,,,
Allgäu,,,,,,
Gasmarkt,,,,,,
Aserbaidschan,,,,,,
Linz,,,,,,
Kiel,,,,,,
Freiburg,,,,,,
Odessa,,,,,,
Krim,,,,,,
Tiktok,,,,,,
Inn,,,,,,
Argentinien,,,,,,
Luxemburg,,,,,,
Isar,,,,,,
Preisbremsen,,,,,,
Ruhpolding,,,,,,
Reichling,,,,,,
Uniper,,,,,,
Oberstdorf,,,,,,
Auto,,,,,,
Südfrankreich,,,,,,
Schneesturm,,,,,,
St. Pölten,,,,,,
Sachsen-Anhalts,,,,,,
Rhein-Main,,,,,,
Bonn,,,,,,
Rente,,,,,,
Guatemala,,,,,,
Bruchsal,,,,,,
Nordseeinsel,,,,,,
Valencia,,,,,,
Mecklenburg-Vorpommerns,,,,,,
Sch…,,,,,,
Winterberg,,,,,,
Gebiet,,,,,,
Tiroler,,,,,,
Ibiza,,,,,,
Energiekrise,,,,,,
Graz,,,,,,
Potsdamer,,,,,,
Wismar,,,,,,
lsw,,,,,,
Wärmepumpen,,,,,,
Brocken,,,,,,
Straßenmeistereien,,,,,,
Lauenburg,,,,,,
Pipelines,,,,,,
Oder-Hochwasser,,,,,,
Klagenfurt,,,,,,
Indonesien,,,,,,
Statistische Bundesamt,,,,,,
Wochenende,,,,,,
Donezk,,,,,,
Lübeck,,,,,,
Görlitz,,,,,,
Ukraine-Liveblog,,,,,,
Nordseeküste,,,,,,
Österreicher,,,,,,
Kliniken,,,,,,
Flutkatastrophe im Ahrtal,,,,,,
Amerika,,,,,,
Tag,,,,,,
A9,,,,,,
Teheran,,,,,,
US-Bundesstaaten,,,,,,
Vereinigten Staaten,,,,,,
Energiewende,,,,,,
G7,,,,,,
Sudan,,,,,,
Dauerregens,,,,,,
Überflutungen,,,,,,
Republik Moldau,,,,,,
Bosnien-Herzegowina,,,,,,
Steuer,,,,,,
Neuschnee,,,,,,
St…,,,,,,
Tankrabatts,,,,,,
Willingen,,,,,,
Republik,,,,,,
Landkreis Karlsruhe,,,,,,
Rostock,,,,,,
Zypern,,,,,,
Kreuzberg,,,,,,
Barcelona,,,,,,
iberischen Halbinsel,,,,,,
b…,,,,,,
Kita-Kinder,,,,,,
Badezimmer,,,,,,
Gepäck,,,,,,
Nordbayern,,,,,,
Blechschäden,,,,,,
Oman,,,,,,
nan nan,,,,,,
Briten,,,,,,
Finanzminister,,,,,,
Preisbremse,,,,,,
Libyen,,,,,,
Davos,,,,,,
Startseite</li><li,,,,,,
Strompreisbremse,,,,,,
Risiko,,,,,,
Polens,,,,,,
Pinzgau,,,,,,
Antarktis,,,,,,
Bode,,,,,,
Innsbruck,,,,,,
Hochwasser-Alarm,,,,,,
Instagram,,,,,,
Elementarschäden,,,,,,
Litauen,,,,,,
Rems-Murr-Kreis,,,,,,
Balkan,,,,,,
Gasleck,,,,,,
Dienstag,,,,,,
Kärntner,,,,,,
Flughafen,,,,,,
Mittelgebirge,,,,,,
Südkorea,,,,,,
Kapitol,,,,,,
t3n.de,,,,,,
Norddeutschland,,,,,,
Aschaffenburg,,,,,,
Schneechaos,,,,,,
Baku,,,,,,
Eis,,,,,,
Hochwassers,,,,,,
ol><li,,,,,,
Corona,,,,,,
Krankenhäusern,,,,,,
Flüssigerdgas,,,,,,
Stade,,,,,,
Landkreisen,,,,,,
Wassermassen,,,,,,
Frost,,,,,,
Flughafen München,,,,,,
Wetterwoche,,,,,,
F…,,,,,,
Unwetter,,,,,,
Münsterland,,,,,,
Stau,,,,,,
Ostwestfalen,,,,,,
Glatteis-Gefahr,,,,,,
Einschränkungen,,,,,,
Raffinerien,,,,,,
Bundeskartellamt,,,,,,
Balkon,,,,,,
Kaltfront,,,,,,
Ausfälle,,,,,,
Kinderzimmer,,,,,,
Methan,,,,,,
Schneefälle,,,,,,
Worms,,,,,,
Lilienthal,,,,,,
Mittelgebirgen,,,,,,
Oberwiesenthal,,,,,,
Ilse,,,,,,
Schulbus,,,,,,
Kassel,,,,,,
den Niederlanden,,,,,,
Mittelgebirgsraum,,,,,,
Karibikinsel,,,,,,
Flüssiggas,,,,,,
Wintersturm,,,,,,
Elterngeld,,,,,,
Ukrainer,,,,,,
Buenos Aires,,,,,,
Bad Münstereifel,,,,,,
Freudenberg,,,,,,
US-Bundesstaat,,,,,,
Oberpfalz,,,,,,
Verkehrsbehinderungen,,,,,,
Eifel,,,,,,
Treptow-Köpenick,,,,,,
Winterthur,,,,,,
Nebel,,,,,,
Schwarzen Meer,,,,,,
Landgericht Hamburg,,,,,,
Coburg,,,,,,
Unterfranken,,,,,,
Schweizer Alpen,,,,,,
Johannesburg,,,,,,
Cottbus,,,,,,
Oberharz,,,,,,
Havanna,,,,,,
Neukölln,,,,,,
Kollaps,,,,,,
Hamm,,,,,,
Stadt Wien,,,,,,
Landkreis Rostock,,,,,,
Grönland,,,,,,
Gera,,,,,,
Winter-Wetter,,,,,,
Wallis,,,,,,
Evakuierungen,,,,,,
Zwickau,,,,,,
Bangladesch,,,,,,
Lubmin,,,,,,
Vorarlberger,,,,,,
Tasche,,,,,,
Sibirien,,,,,,
Neubrandenburg,,,,,,
Bezirk Tulln,,,,,,
Marokko,,,,,,
Dunkeln,,,,,,
A2,,,,,,
Ulm,,,,,,
Schneemangel,,,,,,
Landtagswahlen,,,,,,
Norweger,,,,,,
Island,,,,,,
Mönchengladbach,,,,,,
Putins,,,,,,
Gastbeitrag,,,,,,
Nordfrankreich,,,,,,
Mailand,,,,,,
bayerischen Alpen,,,,,,
Ludwigshafen,,,,,,
Stromnetze,,,,,,
Osthessen,,,,,,
Kohle,,,,,,
Nässe,,,,,,
Ölkonzerne,,,,,,
Kaufland,,,,,,
Mineralölkonzerne,,,,,,
Pegeln,,,,,,
Bochum,,,,,,
Serbien,,,,,,
Innenstadt,,,,,,
Miesbach,,,,,,
Sommerferien,,,,,,
Ammersee,,,,,,
Uganda,,,,,,
Lecks,,,,,,
Tokio,,,,,,
Japaner,,,,,,
e…,,,,,,
Trier,,,,,,
Schnees,,,,,,
Südafrikas,,,,,,
Not,,,,,,
LNG-Terminal,,,,,,
Katalonien,,,,,,
Brunsbüttel,,,,,,
Seoul,,,,,,
Bezirk St. Pölten,,,,,,
Eisenhüttenstadt,,,,,,
Russen,,,,,,
Flutkatastrophe,,,,,,
Wohnhaus,,,,,,
Brandenburger,,,,,,
Southport,,,,,,
Südamerika,,,,,,
Ticker,,,,,,
Heizperiode,,,,,,
Transnistrien,,,,,,
Hamas,,,,,,
Garmisch-Partenkirchen,,,,,,
A45,,,,,,
Orkanböen,,,,,,
Statistischen Bundesamt,,,,,,
Thailand,,,,,,
Münchens,,,,,,
Sydney,,,,,,
Salzburger,,,,,,
Japans,,,,,,
Aller,,,,,,
Celle,,,,,,
Bremerhaven,,,,,,
Dauerfrost,,,,,,
Speicher,,,,,,
Kurgan,,,,,,
Kaiserslautern,,,,,,
Grevesmühlen,,,,,,
Ostsachsen,,,,,,
Waldkraiburg,,,,,,
Gebäuden,,,,,,
Berlin-Kreuzberg,,,,,,
Gewässern,,,,,,
Schwäbischen Alb,,,,,,
Mega-Blackout,,,,,,
Nepal,,,,,,
Regenfälle,,,,,,
Windehausen,,,,,,
Autobahn 3,,,,,,
Schwedt,,,,,,
Los Angeles,,,,,,
Berchtesgaden,,,,,,
Saale,,,,,,
Konsequenzen,,,,,,
Trab,,,,,,
Toskana,,,,,,
Aussicht,,,,,,
Oslo,,,,,,
Tür,,,,,,
Rudersberg,,,,,,
Statistische Landesamt,,,,,,
See,,,,,,
Konto,,,,,,
Ländern,,,,,,
Bedrängnis,,,,,,
Erdbeben,,,,,,
Osterferien,,,,,,
Kenia,,,,,,
Beifahrer,,,,,,
Nordrhein-Westfalens,,,,,,
Maskenpflicht,,,,,,
Westdeutschland,,,,,,
Bali,,,,,,
Süddeutschlands,,,,,,
Lupe,,,,,,
Insel Borkum,,,,,,
A5,,,,,,
Fenstern,,,,,,
Cortina,,,,,,
Winter-Chaos,,,,,,
Ostfriesland,,,,,,
Bäume,,,,,,
Volksrepublik,,,,,,
Wohnmobil,,,,,,
Essener,,,,,,
Tesla,,,,,,
Sylt,,,,,,
Saar,,,,,,
Alpenraum,,,,,,
Windböen,,,,,,
Schulausfälle,,,,,,
gefrierenden Regen,,,,,,
Hildesheim,,,,,,
Gases,,,,,,
Iowa,,,,,,
Minusgraden,,,,,,
Ratzdorf,,,,,,
Mansfeld-Südharz,,,,,,
Darmstadt,,,,,,
Klimawandel,,,,,,
Tankstelle,,,,,,
Füllstand,,,,,,
Oberlausitz,,,,,,
Nahost,,,,,,
Greifswald,,,,,,
Prag,,,,,,
Müttern,,,,,,
Schneeflocken,,,,,,
Schwimmbad,,,,,,
Braunschweig,,,,,,
Hollywood,,,,,,
Miami,,,,,,
Stadt Salzburg,,,,,,
Erdgasspeicher,,,,,,
Alarmstufe,,,,,,
Hochwasser-Einsatz,,,,,,
Wasserkuppe,,,,,,
Winteranfang,,,,,,
Berlin-Mitte,,,,,,
Gas-Pipeline,,,,,,
Lawinengefahr,,,,,,
Sizilien,,,,,,
Dublin,,,,,,
Münchner Flughafen,,,,,,
Strompreis,,,,,,
Golanhöhen,,,,,,
Klimaziele,,,,,,
Krankenhäuser,,,,,,
Silvesternacht,,,,,,
Pegelstand,,,,,,
Bamberg,,,,,,
Bundesverwaltungsgericht,,,,,,
Selenskyj,,,,,,
Tullnerfeld,,,,,,
Ölpreis,,,,,,
Kreis Esslingen,,,,,,
Stromkosten,,,,,,
Andorra,,,,,,
Portugals,,,,,,
di…,,,,,,
Wettermodelle,,,,,,
Brasiliens,,,,,,
Insel Rügen,,,,,,
New South Wales,,,,,,
Mitteldeutschland,,,,,,
Sudscha,,,,,,
Carolabrücke,,,,,,
Sprit,,,,,,
US-Amerikaner,,,,,,
Pariser,,,,,,
Lissabon,,,,,,
UN-Kinderhilfswerks Unicef,,,,,,
Zug,,,,,,
Warnungen,,,,,,
Rheinland,,,,,,
Flughafen Wien,,,,,,
Gaspreisen,,,,,,
Wedel,,,,,,
Heizkosten,,,,,,
Moskaus,,,,,,
Faktencheck,,,,,,
Haiti,,,,,,
Autobahn 7,,,,,,
Mieter,,,,,,
Gastank,,,,,,
Baltimore,,,,,,
Video-App,,,,,,
Bad,,,,,,
Einsatzkräfte,,,,,,
Anden,,,,,,
Vogelsbergkreis,,,,,,
Sonnenschein,,,,,,
Südasien,,,,,,
Bottrop,,,,,,
US-Bundesstaat Kalifornien,,,,,,
Landkreis Osnabrück,,,,,,
Bundeswirtschaftsministerin,,,,,,
Bezirk Oberwart,,,,,,
Jahr,,,,,,
Sangerhausen,,,,,,
Lauterbach,,,,,,
Kaliforniens,,,,,,
ei…,,,,,,
Wintereinbruch,,,,,,
Ötztal,,,,,,
Gasspeicherverband,,,,,,
Buffalo,,,,,,
Fahrbahn,,,,,,
Nordamerika,,,,,,
Verkehrsunfällen,,,,,,
Lech,,,,,,
Mongolei,,,,,,
Deiche,,,,,,
Hochwasser-Schäden,,,,,,
Ostküste,,,,,,
Frankfurt am Main,,,,,,
Eisenach,,,,,,
Wärmepumpe,,,,,,
Winter-Wechsel,,,,,,
Fulda,,,,,,
Verkehrsunfälle,,,,,,
Ecuador,,,,,,
Philippinen,,,,,,
LNG-Terminals,,,,,,
Dinslaken,,,,,,
Schöna,,,,,,
Belgorod,,,,,,
Rügener,,,,,,
TTS-Player,,,,,,
Golf,,,,,,
Verbraucher</li></ol,,,,,,
Stockholm,,,,,,
Badewanne,,,,,,
Heidenheim,,,,,,
Afrikas,,,,,,
Bad Gastein,,,,,,
Waldbrand,,,,,,
Duisburger,,,,,,
essen,,,,,,
Gasbohrungen,,,,,,
Engelskirchen,,,,,,
Land Salzburg,,,,,,
Helme,,,,,,
Spritpreisen,,,,,,
Montafon,,,,,,
Fensternähe,,,,,,
Portemonnaie,,,,,,
Verbrauch,,,,,,
SZ,,,,,,
Bad Camberg,,,,,,
US-Präsidenten,,,,,,
Krefeld,,,,,,
Notfälle,,,,,,
Südens,,,,,,
Bahamas,,,,,,
Israels,,,,,,
Herausforderungen,,,,,,
Bolivien,,,,,,
Vereinigten Arabischen Emiraten,,,,,,
Eisflächen,,,,,,
Nordhessen,,,,,,
Kita,,,,,,
Leine,,,,,,
New Yorker,,,,,,
Rheins,,,,,,
Gummistiefeln,,,,,,
Krisen,,,,,,
Mars,,,,,,
Augentest,,,,,,
Hagen,,,,,,
Schwerin,,,,,,
Oberhausen,,,,,,
Kanadas,,,,,,
Land Hessen,,,,,,
Lichtenberg,,,,,,
Sinterklaas,,,,,,
Zeithain,,,,,,
Sa…,,,,,,
Ostalbkreis,,,,,,
Norderney,,,,,,
Parks,,,,,,
Kolumne,,,,,,
Energiebranche,,,,,,
Nachbarn,,,,,,
Kreis Göppingen,,,,,,
Tiny House,,,,,,
Spree,,,,,,
Großeinsatz,,,,,,
Unna,,,,,,
Statistischen Bundesamtes,,,,,,
Winterjacke,,,,,,
Amsterdam,,,,,,
Winterreifen,,,,,,
Landkreis,,,,,,
Häusern,,,,,,
Rhein-Hochwasser,,,,,,
Föhr,,,,,,
Teuer-Winter,,,,,,
Italiener,,,,,,
Landkreis Ebersberg,,,,,,
Statistischen Bundesamts,,,,,,
Gernsbach,,,,,,
Tübingen,,,,,,
Turin,,,,,,
Vorschau,,,,,,
Tisch,,,,,,
Münster,,,,,,
Ostbayern,,,,,,
Siegen,,,,,,
Bremens,,,,,,
Venezuela,,,,,,
Kamtschatka,,,,,,
Glätteunfällen,,,,,,
Prüfstand,,,,,,
Eigenheim,,,,,,
Hochgebirge,,,,,,
Formentera,,,,,,
Demenz,,,,,,
sch…,,,,,,
Schneemassen,,,,,,
Eltern-Kolumne,,,,,,
Tal,,,,,,
Jänner,,,,,,
Betroffenen,,,,,,
Wiens,,,,,,
Land Berlin,,,,,,
Graal-Müritz,,,,,,
noe,,,,,,
St. Moritz,,,,,,
Elbe-Hochwasser,,,,,,
Weißen Haus,,,,,,
Krisenmodus,,,,,,
Hochlagen,,,,,,
Frankfurt/Main,,,,,,
Extremwetter,,,,,,
Finnlands,,,,,,
Bundesnetzagentur,,,,,,
Nordspanien,,,,,,
Uckermark,,,,,,
Kanton Graubünden,,,,,,
Dehoga,,,,,,
Glatteis-Unfall,,,,,,
Ursachen,,,,,,
Erklärungsnot,,,,,,
Oberwart,,,,,,
Nachbarländern,,,,,,
Wohnräumen,,,,,,
Winterferien,,,,,,
Kohlemine,,,,,,
Saporischschja,,,,,,
Westjordanland,,,,,,
Mostar,,,,,,
Rekorde,,,,,,
Amrum,,,,,,
Aachen,,,,,,
Berg,,,,,,
Gießen,,,,,,
Grundwasser,,,,,,
Bielefeld,,,,,,
Rohölpreis,,,,,,
Großstädten,,,,,,
Treibhausgasen,,,,,,
Walliser,,,,,,
Kongo,,,,,,
Pyrenäen,,,,,,
Orsk,,,,,,
Puerto Rico,,,,,,
Ahr,,,,,,
Urlaubsinsel,,,,,,
Bundesfinanzminister,,,,,,
Unstrut,,,,,,
Hohen Neuendorf,,,,,,
Vietnam,,,,,,
Biogas,,,,,,
Tauwetter,,,,,,
Warmwasser,,,,,,
Schuldenbremse,,,,,,
Lkw,,,,,,
Schottland,,,,,,
Landkreis Oder-Spree,,,,,,
britische Regierung,,,,,,
Dornbirn,,,,,,
Südburgenland,,,,,,
Chinesen,,,,,,
Ghana,,,,,,
Breslau,,,,,,
Warschau,,,,,,
St. Pauli,,,,,,
Spandau,,,,,,
Vergleichsportals Verivox,,,,,,
Lahn,,,,,,
Coronavirus,,,,,,
Gewitter,,,,,,
Irak,,,,,,
Bayreuth,,,,,,
Baden,,,,,,
Mukran,,,,,,
T-Shirt,,,,,,
Salzkammergut,,,,,,
Rehden,,,,,,
Altmark,,,,,,
Heathrow,,,,,,
Energiedienstleisters Techem,,,,,,
Haushaltskasse,,,,,,
Atlantik,,,,,,
spätherbstlich,,,,,,
Hitzewellen,,,,,,
Neustadt,,,,,,
Autobahn 1,,,,,,
Netze,,,,,,
KI,,,,,,
Gaststätten,,,,,,
Teenagerperlen,,,,,,
Mengen,,,,,,
Landesteilen,,,,,,
Himalaya,,,,,,
Erdbeben in der Türkei,,,,,,
Bormio,,,,,,
Tarif,,,,,,
Bundesgerichtshof,,,,,,
Glätte,,,,,,
Hochschwarzwald,,,,,,
BILDplus,,,,,,
Göttingen,,,,,,
Iberische Halbinsel,,,,,,
Südfront,,,,,,
Energiedienstleister Techem,,,,,,
Louisiana,,,,,,
Auftrag,,,,,,
Itz,,,,,,
Stralsund,,,,,,
Coburger,,,,,,
Fensterbank,,,,,,
Anna-Lindh-Schule,,,,,,
Social-Media-Verbot,,,,,,
Freistaats,,,,,,
Südbayern,,,,,,
Emilia-Romagna,,,,,,
Polizeipräsidien,,,,,,
Böen,,,,,,
Salzburger Land,,,,,,
Afghanistans,,,,,,
Kubas,,,,,,
Paderborn,,,,,,
Gladbach,,,,,,
Gasaustritt,,,,,,
Chemiebranche,,,,,,
Hauptbahnhof,,,,,,
Gas-Pipelines,,,,,,
Landkreis Neu-Ulm,,,,,,
Gazprom,,,,,,
Landkreis Günzburg,,,,,,
Hallein,,,,,,
Konstanz,,,,,,
Bangkok,,,,,,
S-Bahn,,,,,,
Prenzlauer Berg,,,,,,
Zusammenstoß,,,,,,
Hamburgs meterhohe Eisberge,,,,,,
Nordkorea,,,,,,
Landkreis Offenbach,,,,,,
Kreis Karlsruhe,,,,,,
Nikolassee,,,,,,
Bad Tölz,,,,,,
Düsseldorfer Landtag,,,,,,
Kloster Seeon,,,,,,
Obdachlosenheim,,,,,,
Meißen,,,,,,
Handlungsbedarf,,,,,,
Heiligabend,,,,,,
Nizza,,,,,,
Schüssen,,,,,,
Stadt Frankfurt,,,,,,
Oberkörper,,,,,,
Flughafen Heathrow,,,,,,
Leitungswasser,,,,,,
Land…,,,,,,
Singapur,,,,,,
Berlin-Hellersdorf,,,,,,
Termine,,,,,,
Villach,,,,,,
Hellersdorf,,,,,,
Unfallkrankenhaus,,,,,,
Wattenmeer,,,,,,
Bächen,,,,,,
Dauer,,,,,,
Skigebiete,,,,,,
Strehla,,,,,,
Griechenlands,,,,,,
Altenheim,,,,,,
Sondershausen,,,,,,
Minus-Rekorde,,,,,,
Bosnien,,,,,,
NDR.de,,,,,,
Nord Stream,,,,,,
Insel,,,,,,
Armenien,,,,,,
Wasserstände,,,,,,
US-Konzern,,,,,,
Schwedens,,,,,,
Weihnachtsferien,,,,,,
Prognose,,,,,,
Tablets,,,,,,
Usedom,,,,,,
Bagger,,,,,,
Spanier,,,,,,
Tagebau Garzweiler,,,,,,
Autobahn GmbH,,,,,,
FDP-Chef,,,,,,
Helsinki,,,,,,
Skisaison,,,,,,
Großbritanniens,,,,,,
Flachgau,,,,,,
Brandenburg an der Havel,,,,,,
Papenburg,,,,,,
Oberrhein,,,,,,
Braunkohle,,,,,,
Klimawandels,,,,,,
Overath,,,,,,
Annecy,,,,,,
Winters,,,,,,
Lösungen,,,,,,
Gas-Pipelines Nord,,,,,,
Tirols,,,,,,
lrs,,,,,,
Grimma,,,,,,
South Park,,,,,,
Landkreis Barnim,,,,,,
Myanmar,,,,,,
Ems,,,,,,
Landkreis Trier-Saarburg,,,,,,
si…,,,,,,
Kohlendioxid,,,,,,
Hochwasserscheitel,,,,,,
Krems,,,,,,
Thüringer Wald“,,,,,,
Verkehrschaos,,,,,,
Jerusalem,,,,,,
Las Vegas,,,,,,
A8,,,,,,
Flughafen BER,,,,,,
Sauer,,,,,,
BVG,,,,,,
Kampagne,,,,,,
Kraftfahrt-Bundesamt,,,,,,
Tulln,,,,,,
Herbstferien,,,,,,
Cortina d'Ampezzo,,,,,,
Versorgungsengpässen,,,,,,
Supermarkt,,,,,,
Flusses,,,,,,
New Yorks,,,,,,
Malta,,,,,,
Ammersees,,,,,,
Gaspreisdeckel,,,,,,
Land Tirol,,,,,,
Berlin-Neukölln,,,,,,
BGH,,,,,,
Weihnachtsmarkt,,,,,,
Bundesverfassungsgericht,,,,,,
Frankens,,,,,,
Bergnot,,,,,,
Energiepreisen,,,,,,
Fehmarn,,,,,,
Greenpeace,,,,,,
Kärntens,,,,,,
Blackout-Vorsorge,,,,,,
Dienstagmorgen,,,,,,
Steinach,,,,,,
Irans,,,,,,
Charlottenburg,,,,,,
Braunlage,,,,,,
Engpässen,,,,,,
Ostfriesischen Inseln,,,,,,
Uruguay,,,,,,
Verivox,,,,,,
Kreis Tuttlingen,,,,,,
Mond,,,,,,
Bahngleisen,,,,,,
Landkreis Vorpommern-Rügen,,,,,,
Glätte-Unfälle,,,,,,
Mittelrhein,,,,,,
Gazastreifens,,,,,,
lnw,,,,,,
Unternehmen-Liveblog,,,,,,
Bezirk Scheibbs,,,,,,
Sauna,,,,,,
Matterhorn,,,,,,
Stadt Passau,,,,,,
Unterrichtsausfall,,,,,,
Rentner,,,,,,
Athen,,,,,,
Neapel,,,,,,
Olympiastadion,,,,,,
Glühwein,,,,,,
Ermittler,,,,,,
Dresdner Carolabrücke,,,,,,
Kolumbiens,,,,,,
Weiße Haus,,,,,,
Anbieterwechsel,,,,,,
Abwasser,,,,,,
Landeskriminalamt,,,,,,
Gehwegen,,,,,,
Streusalz-Alternativen,,,,,,
Landgericht Hannover,,,,,,
Rutschpartien,,,,,,
Klimakatastrophe,,,,,,
Toronto,,,,,,
Lachgas,,,,,,
Kältekammern,,,,,,
Kempten,,,,,,
Erlangen,,,,,,
Demokratischen Republik Kongo,,,,,,
Chisinau,,,,,,
Schülergruppe,,,,,,
Deggendorf,,,,,,
Landtagswahl,,,,,,
Saalbach,,,,,,
Feuerwehreinsatz,,,,,,
Schorndorf,,,,,,
Wasserstände an der Oder,,,,,,
Emsland,,,,,,
Simbabwe,,,,,,
Jänschwalde,,,,,,
Zapfsäulen,,,,,,
Ruhrgebietsstadt Recklinghausen,,,,,,
leiden,,,,,,
Landesamt,,,,,,
Verspätungen,,,,,,
Löwen,,,,,,
Kinderheim,,,,,,
Elektroauto,,,,,,
Linzer,,,,,,
Mittelhessen,,,,,,
Budapest,,,,,,
Mittersill,,,,,,
Finnen,,,,,,
Energieversorger,,,,,,
Bologna,,,,,,
Lawinenunglück,,,,,,
Hauptstadt,,,,,,
Lillehammer,,,,,,
Landkreis Prignitz,,,,,,
Pendlerpauschale,,,,,,
Ecken,,,,,,
Alaskas,,,,,,
Straße von Hormuz,,,,,,
Portillo,,,,,,
Kältehilfe,,,,,,
Göppingen,,,,,,
Frühlingsgefühle,,,,,,
Merseburg,,,,,,
Himmelpfort,,,,,,
Playa de Palma,,,,,,
Saarbrücker,,,,,,
Kondenswasser,,,,,,
Kyjiw,,,,,,
Fichtelgebirge,,,,,,
Rekordzeit,,,,,,
Lübecker Bucht,,,,,,
Landgericht Bonn,,,,,,
Berlin-Spandau,,,,,,
Kohlekraftwerk Moorburg,,,,,,
Alabama,,,,,,
Defizite,,,,,,
Schwarze Elster,,,,,,
Ko…,,,,,,
Landkreis Verden,,,,,,
Barrikaden,,,,,,
Ärmelkanal,,,,,,
Netzentgelte,,,,,,
Ostsee-Insel,,,,,,
Geisingen,,,,,,
Wiesn,,,,,,
Pirmasens,,,,,,
BW,,,,,,
Talsperre Kelbra,,,,,,
Wärmewende,,,,,,
Bautzen,,,,,,
Nieselregen,,,,,,
Wohngebäuden,,,,,,
WM-Rennen,,,,,,
Ansturm,,,,,,
Krisensituationen,,,,,,
Santa Claus,,,,,,
Landkreis Unterallgäu,,,,,,
Frankenthal,,,,,,
Landkreis Donau-Ries,,,,,,
Loipe,,,,,,
A42,,,,,,
Bahnhof Tullnerfeld,,,,,,
Obertauern,,,,,,
Bornholm,,,,,,
Pankow,,,,,,
Winter-Suchbild,,,,,,
Ga…,,,,,,
Brent,,,,,,
Tank,,,,,,
Netzagentur-Chef,,,,,,
Karibik,,,,,,
Unsicherheiten,,,,,,
Impfungen,,,,,,
Hanau,,,,,,
Kreis Soest,,,,,,
Massenkarambolagen,,,,,,
Erzgebirgskreis,,,,,,
südamerikanischen Landes,,,,,,
Landkreis Emsland,,,,,,
Hochwasser-Touristen,,,,,,
Unwettern,,,,,,
Ulmer Münster,,,,,,
Pflegeheim,,,,,,
San Francisco,,,,,,
M…,,,,,,
Startlöchern,,,,,,
Knast,,,,,,
Finanzministerium,,,,,,
Montagvormittag,,,,,,
Elli,,,,,,
Main-Kinzig-Kreis,,,,,,
Verkehrsunfall,,,,,,
Molln,,,,,,
Tickets,,,,,,
Kinderpornografie,,,,,,
Prognosen,,,,,,
Ehec,,,,,,
Nigerias,,,,,,
Winterreifenpflicht,,,,,,
Terminals,,,,,,
Helgoland,,,,,,
Notstromaggregaten,,,,,,
Braunkohletagebau Inden,,,,,,
Döbeln,,,,,,
Schweinfurt,,,,,,
Rekordtempo,,,,,,
Allzeithoch,,,,,,
Winterlager,,,,,,
Corona-Regeln,,,,,,
Klimablog,,,,,,
Arlberg,,,,,,
Landkreis Darmstadt-Dieburg,,,,,,
Schneehöhen,,,,,,
Feldkirch,,,,,,
Donnerstagmorgen,,,,,,
Val di Fassa,,,,,,
petto,,,,,,
Gotha,,,,,,
Skiurlaub,,,,,,
Stromabschaltungen,,,,,,
Norwegens,,,,,,
Lawine,,,,,,
Stein,,,,,,
Fürth,,,,,,
Südkoreas,,,,,,
Namibia,,,,,,
Gange,,,,,,
Landkreis Aschaffenburg,,,,,,
Belarus,,,,,,
Glatteis-Unfällen,,,,,,
Marktredwitz,,,,,,
Umwelthilfe,,,,,,
Lohnt,,,,,,
Landshut,,,,,,
Berliner Abgeordnetenhaus,,,,,,
Wohnzimmer,,,,,,
Büro,,,,,,
Chicago,,,,,,
Hochwasserlage,,,,,,
Ostsee-Sturmflut,,,,,,
Wintersaison,,,,,,
Vulkans Popocatépetl,,,,,,
Konfliktgebieten,,,,,,
Bücher-Podcast,,,,,,
Den Haag,,,,,,
Nahrungsmitteln,,,,,,
Berliner Flughafen,,,,,,
Ostafrika,,,,,,
Protesten,,,,,,
Kohleabbaus,,,,,,
Landkreis Erding,,,,,,
Jahreswechsel,,,,,,
Stollberg,,,,,,
Sturmflutsaison,,,,,,
Katastrophenfonds,,,,,,
Rekordtief,,,,,,
Vereinigten Arabischen Emirate,,,,,,
Wirtschaftskammer,,,,,,
Alarmstufe 1,,,,,,
Bezirk Braunau,,,,,,
Schneeschmelze,,,,,,
Englands,,,,,,
Energiebedarf,,,,,,
Wohngeld,,,,,,
Gerolstein,,,,,,
Deutschlands EU-Partner,,,,,,
Finanzhilfen,,,,,,
Gas,,,,,,
Südtiroler,,,,,,
Landau,,,,,,
niedersächsischen Landtag,,,,,,
Singen,,,,,,
Brite,,,,,,
Innenräumen,,,,,,
Pinneberg,,,,,,
Harburg,,,,,,
Wisconsin,,,,,,
Zoo Augsburg,,,,,,
Départements,,,,,,
LNG,,,,,,
Mannheimer,,,,,,
Schimmelbefall,,,,,,
Kreise,,,,,,
Land Steiermark,,,,,,
Friedrichstraße,,,,,,
Holländische Viertel,,,,,,
Bezirk,,,,,,
Tennengau,,,,,,
Florenz,,,,,,
Stuttgarter Flughafen,,,,,,
Sprühregen,,,,,,
Niederösterreichs,,,,,,
Dhaka,,,,,,
Gasleck-Unglück,,,,,,
Bregenz,,,,,,
Spielplatz,,,,,,
Lappland,,,,,,
Groningen,,,,,,
Hausmitteln,,,,,,
Taunus,,,,,,
Schlitz,,,,,,
Rhön,,,,,,
iberische Halbinsel,,,,,,
Kaffeemaschinen,,,,,,
Alsfeld,,,,,,
Kamener Kreuz,,,,,,
Schäden,,,,,,
Autobahn 81,,,,,,
Einbruch,,,,,,
Georgia,,,,,,
Fracking,,,,,,
Ostsee-Küste,,,,,,
Norddeutschlands,,,,,,
Geburtenrate,,,,,,
Corona-Pause,,,,,,
Hochwasserschutz,,,,,,
Londons,,,,,,
Berliner Verwaltungsgericht,,,,,,
Büros,,,,,,
Montfortbrücke,,,,,,
Wohlbefinden von Kindern,,,,,,
Amt,,,,,,
Lüdenscheid,,,,,,
Kohle-Aus,,,,,,
Spritpreisbremse,,,,,,
Holzkohle,,,,,,
Landkreis Stendal,,,,,,
Amerikas,,,,,,
Polizeiauto,,,,,,
Gemüse-Spießchen,,,,,,
Hollabrunn,,,,,,
Mama,,,,,,
Distanzunterricht,,,,,,
Kiews,,,,,,
Parkhaus,,,,,,
Helme-Hochwasser,,,,,,
Inden,,,,,,
bayerischen Bergen,,,,,,
Bundesstraße 7,,,,,,
Floridas,,,,,,
Neurath,,,,,,
Würstchen,,,,,,
Kanadier,,,,,,
Warmfront,,,,,,
Dolomiten,,,,,,
Landkreis Vorpommern-Greifswald,,,,,,
Austin,,,,,,
Nashville,,,,,,
Umweltbundesamt,,,,,,
Hochwassern,,,,,,
Überschwemmungsgebieten,,,,,,
Kinder-Antibiotika,,,,,,
Vantaa,,,,,,
Bürgerschaft,,,,,,
Kohlerevier,,,,,,
Großhesselohe,,,,,,
Garmisch,,,,,,
Großbeeren,,,,,,
Influencerin,,,,,,
Auschwitz,,,,,,
Tierpark Hagenbeck,,,,,,
Fahrerin,,,,,,
Innenministerium,,,,,,
Donbass,,,,,,
Schleswig-Holsteins,,,,,,
Mobbing,,,,,,
Sierra Nevada,,,,,,
Aktien,,,,,,
Chiang Mai,,,,,,
Saisonstart,,,,,,
Messerangriff,,,,,,
Département,,,,,,
Kertsch,,,,,,
Bezirken,,,,,,
Solingen,,,,,,
Flugzeugabsturz,,,,,,
Autobahn A1,,,,,,
Gefrierender Regen,,,,,,
Ambulanzen,,,,,,
Lena Meyer-Landrut,,,,,,
Landkreis Bad Kissingen,,,,,,
Berlin-Nikolassee,,,,,,
Pegel Trier,,,,,,
Eberswalde,,,,,,
bayerischen Straßen,,,,,,
Flüchtlingsfamilien,,,,,,
Neu Delhi,,,,,,
Polio-Impfkampagne,,,,,,
Paramount+,,,,,,
Polizei-News,,,,,,
europäischen Ländern,,,,,,
Heizkosten-Zuschuss,,,,,,
Ebersberg,,,,,,
Brienz,,,,,,
Aufwand,,,,,,
Schutzhaus,,,,,,
Mütter,,,,,,
Burketown,,,,,,
Vulkane,,,,,,
Knopfdruck,,,,,,
Gletscherspalte,,,,,,
Krokodile,,,,,,
Lichtblicke,,,,,,
Eisberge,,,,,,
Schlingern,,,,,,
Ludwigslust-Parchim,,,,,,
Tierpark,,,,,,
Tierpark Berlin,,,,,,
Argentinier,,,,,,
Lage,,,,,,
Entwicklungsstörungen,,,,,,
Oberallgäu,,,,,,
Sicherheitsgründen,,,,,,
Unternehmensangaben,,,,,,
Rutschbahnen,,,,,,
Geislingen an der Steige,,,,,,
Hüpfburg,,,,,,
Korneuburg,,,,,,
Streifenwagen,,,,,,
Bad Neuenahr-Ahrweiler,,,,,,
Damüls,,,,,,
Ingolstadt,,,,,,
Landesstraßen,,,,,,
Bernau,,,,,,
Enpal,,,,,,
Marburg,,,,,,
Notunterkünfte,,,,,,
Gasnetz,,,,,,
Lastwagens,,,,,,
Eiskanal,,,,,,
Kältetote,,,,,,
Airport Wien,,,,,,
Nordatlantik,,,,,,
Deutschlan…,,,,,,
Notfallplans,,,,,,
Niederrhein,,,,,,
Mittagsstunden,,,,,,
Leverkusen,,,,,,
Stadt Halle,,,,,,
Stahlwerken,,,,,,
nan Rivva,,,,,,
Minenunglück,,,,,,
bergen,,,,,,
Kottbusser Tor,,,,,,
Deutsch…,,,,,,
Straßburg,,,,,,
Härtefallfonds,,,,,,
Skipiste,,,,,,
New Jersey,,,,,,
Strombedarf,,,,,,
Anwohner,,,,,,
E10,,,,,,
Südautobahn,,,,,,
Kramsach,,,,,,
Kreis Reutlingen,,,,,,
Berchtesgadener Land,,,,,,
Sahara,,,,,,
Caaschwitz,,,,,,
Ascheregen,,,,,,
Lafnitz,,,,,,
Rosenmontag,,,,,,
Wetter-Mix,,,,,,
Klimaschutz,,,,,,
Rheinischen Revier,,,,,,
Dreck,,,,,,
Landkreis Oberallgäu,,,,,,
Rangsdorf,,,,,,
Thüringer Landtag,,,,,,
Gas-Leck,,,,,,
Beverly Hills,,,,,,
Gasag,,,,,,
Flugzeugen,,,,,,
Sandsäcke,,,,,,
Frauenhäusern,,,,,,
Gemeinden,,,,,,
Bodensees,,,,,,
Krawallen,,,,,,
Rechnungshof,,,,,,
Magdeburger,,,,,,
Bezirk Neunkirchen,,,,,,
Verbraucherzentralen,,,,,,
Rösrath,,,,,,
Moskauer,,,,,,
Deu…,,,,,,
Pellets,,,,,,
Schal,,,,,,
Baltic Pipe,,,,,,
Land Niedersachsen,,,,,,
Liftbetreiber,,,,,,
spanischen Regierung,,,,,,
Ahrtal-Flut,,,,,,
Wittenberge,,,,,,
Südthüringen,,,,,,
Pegel,,,,,,
Abu Dhabi,,,,,,
Grünheide,,,,,,
Nord-Stream-Pipelines,,,,,,
Amerikanern,,,,,,
Dürre,,,,,,
Qatar,,,,,,
Quedlinburg,,,,,,
Schwarz-Rot,,,,,,
Brückeneinsturz,,,,,,
Kreis Kassel,,,,,,
Trümmern,,,,,,
Winsen,,,,,,
Vöcklamarkt,,,,,,
Energieversorgers,,,,,,
Deutschlands Gasspeicher,,,,,,
Höhenlagen,,,,,,
Landkreis Görlitz,,,,,,
Römer,,,,,,
US-Investor,,,,,,
Landgericht Mannheim,,,,,,
Kraftwerke,,,,,,
Schwäbisch Hall,,,,,,
Länderkammer,,,,,,
Schneepflügen,,,,,,
fr.de,,,,,,
Graubünden,,,,,,
Krywyj Rih,,,,,,
Gas-Deal,,,,,,
Handschuhe,,,,,,
Oberland,,,,,,
Wolga,,,,,,
Montagabend,,,,,,
Temperatursturz,,,,,,
Annaberg,,,,,,
Serengeti-Park,,,,,,
Saalbach-Hinterglemm,,,,,,
Arbeitsplatz,,,,,,
Krisenzeiten,,,,,,
Gartenlaube,,,,,,
Ofen,,,,,,
Segeberg,,,,,,
St. Peter-Ording,,,,,,
Konzerne,,,,,,
Versand,,,,,,
Anklam,,,,,,
Bootsunglück,,,,,,
Planica,,,,,,
Energiegeld,,,,,,
Kleinwalsertal,,,,,,
Kreis Olpe,,,,,,
Rust,,,,,,
Nordseeinseln,,,,,,
Leonberg,,,,,,
Warntag,,,,,,
Autofahrerin,,,,,,
Hochwasser-Lage,,,,,,
Pullach,,,,,,
Biathlon-Winter,,,,,,
Fest,,,,,,
Markusplatz,,,,,,
Sri Lanka,,,,,,
MÜNCHEN,,,,,,
Deich,,,,,,
Mecklenburgische Seenplatte,,,,,,
Bargeld,,,,,,
Scherben,,,,,,
Bodenseekreis,,,,,,
Colorado,,,,,,
Stadt Dresden,,,,,,
Anmarsch,,,,,,
Landkreis Main-Spessart,,,,,,
Großschönau,,,,,,
Ruhrgebiets,,,,,,
Kiewer,,,,,,
Salzwedel,,,,,,
Lindau,,,,,,
Landkreis Fulda,,,,,,
Donnerstag,,,,,,
Bayerischen Wald,,,,,,
Baumschulenweg,,,,,,
Neubauten,,,,,,
Wittenberg,,,,,,
Streiks,,,,,,
Berlin-Wedding,,,,,,
Emden,,,,,,
Putin,,,,,,
Nord-Stream-Verdächtiger,,,,,,
Rote Kreuz,,,,,,
Hochwasser-Liveblog,,,,,,
nordfriesische Küste,,,,,,
Frankfurt an der Oder,,,,,,
Schneeverwehungen,,,,,,
Flutkatastrophe in Bayern,,,,,,
Unicef,,,,,,
Lörrach,,,,,,
Wolfsburgs,,,,,,
Mehrfamilienhaus,,,,,,
Trump,,,,,,
Braunkohlekraftwerk Jänschwalde,,,,,,
Landkreis Rosenheim,,,,,,
Ausnahmezustand,,,,,,
Buckelwal,,,,,,
Stromausfällen,,,,,,
Wisla,,,,,,
Ampeln,,,,,,
Landkreis Ansbach,,,,,,
Südschwarzwald,,,,,,
Löcher,,,,,,
Lifte,,,,,,
Punjab,,,,,,
Landkreis Deggendorf,,,,,,
Schwarzenberg,,,,,,
Kartellamt,,,,,,
Würzburg,,,,,,
Berg-Karabach,,,,,,
Sommercamps,,,,,,
Oberschwaben,,,,,,
Ramsau,,,,,,
Schkopau,,,,,,
Flut,,,,,,
Pokrowsk,,,,,,
Kanaren,,,,,,
A70,,,,,,
Primorje,,,,,,
Ökostrom,,,,,,
Autobahn 70,,,,,,
Krankenhaus,,,,,,
Ludwigsburg,,,,,,
New Orleans,,,,,,
Speicherverband,,,,,,
Zoo Leipzig,,,,,,
Energie,,,,,,
Betrügern,,,,,,
Granada,,,,,,
Kremls,,,,,,
Leipzig/Halle,,,,,,
Kohle-Gegner,,,,,,
Grippewelle,,,,,,
Hochwasserlage an der Oder,,,,,,
Uni,,,,,,
Südhessen,,,,,,
Rathaus,,,,,,
Heidelberg,,,,,,
Gastronomen,,,,,,
Preissenkungen,,,,,,
Flutgebiet,,,,,,
Inflationsrate,,,,,,
Ostwestfalen-Lippe,,,,,,
Belém,,,,,,
Dörfern,,,,,,
Vereinigten Königreich,,,,,,
Deutschla…,,,,,,
Ferne,,,,,,
Guadalupe River,,,,,,
Winterstarre,,,,,,
Helikopter-Eltern,,,,,,
Vorjahren,,,,,,
Arbeiterkammer,,,,,,
Rheinhessen,,,,,,
Landkreis Augsburg,,,,,,
Mur,,,,,,
Neu-Ulm,,,,,,
Teneriffa,,,,,,
Plätzchen,,,,,,
Bundesrechnungshof,,,,,,
Südsudan,,,,,,
Rafah,,,,,,
St. Nikolaus,,,,,,
FOCUS-online-Gastautor,,,,,,
Sonntagnachmittag,,,,,,
Tschechischen Republik,,,,,,
Landkreis München,,,,,,
Gasfüllstand,,,,,,
Niger,,,,,,
Außerfern,,,,,,
A81,,,,,,
Bundesheer,,,,,,
Social-Media-Regeln,,,,,,
Luxus,,,,,,
Dammbruch,,,,,,
Tessin,,,,,,
Mann,,,,,,
Verbrenner-Aus,,,,,,
Albstadt,,,,,,
Kapstadt,,,,,,
Haussperling,,,,,,
Berlin-Lichtenberg,,,,,,
Rüsselsheim,,,,,,
Kerosin,,,,,,
Samstagabend,,,,,,
Konsens,,,,,,
Hoffnungen,,,,,,
Nikolaus,,,,,,
Wetter-Chaos,,,,,,
US-Amerikanerin,,,,,,
Nünchritz,,,,,,
Landkreis Coburg,,,,,,
Aue,,,,,,
Werkzeugkoffer,,,,,,
Thailands,,,,,,
Niederschläge,,,,,,
Landkreis Esslingen,,,,,,
Lanuv,,,,,,
EU-Regeln,,,,,,
Eisbaden,,,,,,
Landkr…,,,,,,
Gebiet Kursk,,,,,,
Forster,,,,,,
Bergland Schnee,,,,,,
Syriens,,,,,,
Alpenrepublik,,,,,,
Landkreis Landsberg am Lech,,,,,,
Vorabend,,,,,,
Greenpeace-Aktivisten,,,,,,
Cargo-Hosen,,,,,,
Schwimmbädern,,,,,,
Bad Hersfelder Festspiele,,,,,,
Klimageld,,,,,,
Allgäuer Alpen,,,,,,
Anwohnern,,,,,,
Bayer,,,,,,
Autobahn 9,,,,,,
Landkreis Straubing-Bogen,,,,,,
Kreis Limburg-Weilburg,,,,,,
Gurgl,,,,,,
Na…,,,,,,
Energiekonzerne,,,,,,
Gastankern,,,,,,
Bad Homburg,,,,,,
Spergau,,,,,,
Gastronomiebetrieben,,,,,,
Northeim,,,,,,
Braunwald,,,,,,
Pandemie,,,,,,
Ex-Partner,,,,,,
Portugal Ampeln,,,,,,
Abendstunden,,,,,,
Hochwasserrisiko,,,,,,
Gashahn,,,,,,
Ostseeinsel,,,,,,
Levi,,,,,,
Ljubljana,,,,,,
Rekordniveau,,,,,,
Oviedo,,,,,,
Moldawien,,,,,,
Land NRW,,,,,,
Mitgliedstaaten,,,,,,
Novembers,,,,,,
Helfern,,,,,,
Südbrasilien,,,,,,
Ettlingen,,,,,,
U21,,,,,,
Ensdorf,,,,,,
Notbremse,,,,,,
Wintersport,,,,,,
Niederaula,,,,,,
Kanarischen Inseln,,,,,,
Kirchheim unter Teck,,,,,,
Hallenbad,,,,,,
Laufen,,,,,,
Oder-Stadt,,,,,,
Gericht,,,,,,
Rheingau-Taunus-Kreis,,,,,,
Hochwasser-Berichten,,,,,,
Paderborner,,,,,,
Beziehungsjubiläum,,,,,,
Graupelgewitter,,,,,,
Verkehrsprobleme,,,,,,
Dunkelflauten,,,,,,
Gazprom-Tochter,,,,,,
Jahresvergleich,,,,,,
Wenden,,,,,,
Sotogrande,,,,,,
Salzburgs,,,,,,
Ampel,,,,,,
Lienz,,,,,,
hohen Berge,,,,,,
Wänden,,,,,,
Lausitzer Neiße,,,,,,
Landkreis Rostock“,,,,,,
Ebersberger Forst,,,,,,
A10,,,,,,
Rechtslage,,,,,,
Knie,,,,,,
Detmold,,,,,,
Lech Zürs,,,,,,
Spiegelglatte,,,,,,
Minenunglück in Nordchina,,,,,,
US-Städte,,,,,,
Nordkasachstan,,,,,,
Friedrichshafen,,,,,,
Todesfall,,,,,,
TotalEnergies,,,,,,
Stepenitz,,,,,,
Heizkostenzuschuss,,,,,,
Biden,,,,,,
st…,,,,,,
Bezirk Rohrbach,,,,,,
wa.de,,,,,,
Sylter Austern,,,,,,
Nord-Gaza,,,,,,
Landkreis Passau,,,,,,
Fledermäuse,,,,,,
Flughafen Frankfurt,,,,,,
Zufahrtstraße brennende Barrikaden,,,,,,
Heizenergiebedarf,,,,,,
Celsius,,,,,,
Hockenheim,,,,,,
Landgericht Duisburg,,,,,,
Bruchsals,,,,,,
Energiepreisbremse,,,,,,
Autounfällen,,,,,,
Tiefkühltruhe,,,,,,
Bussen,,,,,,
Suhl,,,,,,
Bochumer,,,,,,
Petersdom,,,,,,
Solarbranche,,,,,,
Kolosseum,,,,,,
Flüssiggas-Terminal,,,,,,
Schneeglätte,,,,,,
Cookies,,,,,,
A60,,,,,,
Schneefällen,,,,,,
Westfrankreich,,,,,,
Schneefallgrenze,,,,,,
Arabischen Halbinsel,,,,,,
Präsenzunterricht,,,,,,
A14,,,,,,
Unterengadin,,,,,,
Lombardei,,,,,,
Böhmerwald,,,,,,
Land Sachsen,,,,,,
Soldeu,,,,,,
Moorburg,,,,,,
Landkreis Jishishan,,,,,,
Tempelhofer Damm,,,,,,
Millionen-Betrug,,,,,,
Fugen,,,,,,
Salzach,,,,,,
HSV,,,,,,
Kreis Pinneberg,,,,,,
Alpenrand,,,,,,
SPD-Chef,,,,,,
Schlimmste,,,,,,
Wasserstoffnetze,,,,,,
Berlin-Schöneberg,,,,,,
Ländle,,,,,,
Freitagmittag,,,,,,
Freitagvormittag,,,,,,
Reede,,,,,,
Lainzer Tunnel,,,,,,
Cloud-Gaming-Rückblick am Sonntag,,,,,,
Großen,,,,,,
Privatkunden,,,,,,
Frieden,,,,,,
Erzdiözese Wien,,,,,,
SZ.de,,,,,,
Euro-Zone,,,,,,
Megawattstunde,,,,,,
Floridas Küste,,,,,,
Provinz Gansu,,,,,,
Strausberg,,,,,,
Belgier,,,,,,
Videoschnipselportal,,,,,,
Dienstag Deutschland,,,,,,
Kreis Schleswig-Flensburg,,,,,,
Lichtenstein,,,,,,
Ost-West-Pipeline,,,,,,
stock.adobe.com,,,,,,
Biomasse,,,,,,
Van,,,,,,
Bundesländer,,,,,,
Russisches Hochwassergebiet,,,,,,
Stromnetzes,,,,,,
Fährausfälle,,,,,,
hochzudrehen,,,,,,
Spritpreisdeckel,,,,,,
Bachmut,,,,,,
Perpignan,,,,,,
Mietern,,,,,,
Vermietern,,,,,,
Neumark,,,,,,
Kohlemine Cerrejón,,,,,,
Moosmühle,,,,,,
Holzpellets,,,,,,
Polizeisprecherin,,,,,,
Rottweil,,,,,,
Umweltministerium,,,,,,
Rettungsdienste,,,,,,
Landkreis Mühldorf am Inn,,,,,,
Landkreis Miltenberg,,,,,,
Energiepreisebremse,,,,,,
Erft,,,,,,
Sandsack-Füllen,,,,,,
Greta,,,,,,
Wendland,,,,,,
Landgericht,,,,,,
Oderstadt,,,,,,
Pirna,,,,,,
Missouri,,,,,,
Wint…,,,,,,
Montagfrüh,,,,,,
Bundesbürger,,,,,,
Gewalttat,,,,,,
Aprilwetter,,,,,,
Haustür,,,,,,
Bürgergeld-Empfänger,,,,,,
Schneelast,,,,,,
A21,,,,,,
Nowosibirsk,,,,,,
Halle-Dessau,,,,,,
Landkreis Erie,,,,,,
Olympia-Medaillen,,,,,,
Zittau,,,,,,
Exxon,,,,,,
Spieglein,,,,,,
Verona,,,,,,
Liveblog Russland,,,,,,
Schalke,,,,,,
Vorräte,,,,,,
U-Bahnen,,,,,,
Taiwan,,,,,,
Lawinenwarndienste,,,,,,
Zoltan,,,,,,
Lockdown,,,,,,
Landkreis Schwäbisch Hall,,,,,,
Kohlekraftwerk Wedel,,,,,,
Neuss,,,,,,
Landebahn,,,,,,
Homberg,,,,,,
Unstrut-Hainich-Kreis,,,,,,
Leck,,,,,,
Speisekarten,,,,,,
Hasenbergl,,,,,,
Straßenbahn,,,,,,
Pullover,,,,,,
Beeinträchtigungen,,,,,,
Kyllburg,,,,,,
Hamburger Flughafen,,,,,,
Bundesdigitalminister,,,,,,
Landeshochwasserzentrum,,,,,,
Bregenzerwald,,,,,,
Skigebieten,,,,,,
Endkunden,,,,,,
Bundeskriminalamt,,,,,,
Oberharz am Brocken,,,,,,
Österreichern,,,,,,
Landkreis Pfaffenhofen,,,,,,
Schimmel an der Wand,,,,,,
Schaffst du,,,,,,
Überschwemmungen,,,,,,
Jahrhunderthochwasser,,,,,,
Grenzen,,,,,,
Burg Falkenstein,,,,,,
"Niedersächsischen Landesbetriebs für Wasserwirtschaft, Küsten- und Naturschutz",,,,,,
Deutsc…,,,,,,
Heizkraftwerk Nord,,,,,,
Zell am See,,,,,,
Arktis,,,,,,
Heizungen,,,,,,
Brüsseler Behörde,,,,,,
Lippe,,,,,,
Edenkoben,,,,,,
Schulbusses,,,,,,
Bundeslands,,,,,,
Dillingen an der Donau,,,,,,
Autobahn 42,,,,,,
Winter-Modus,,,,,,
Grund,,,,,,
Waggons,,,,,,
Grafiken,,,,,,
Feldbach,,,,,,
Eisglätte,,,,,,
Wernigerode,,,,,,
Kinderarztpraxen,,,,,,
Geburten,,,,,,
Ahlen,,,,,,
Gefahr,,,,,,
Das,,,,,,
Neu-Delhi,,,,,,
Region Hannover,,,,,,
Höchstständen,,,,,,
Hochsauerlandkreis,,,,,,
Ahr-Flut,,,,,,
Berlin/Potsdam,,,,,,
Hochtouren,,,,,,
Limbach-Oberfrohna,,,,,,
Vogtland,,,,,,
Biathlon,,,,,,
Südpol,,,,,,
Massachusetts,,,,,,
Inneren Mongolei,,,,,,
Tagebaus Garzweiler,,,,,,
Dessau-Roßlau,,,,,,
Bildschirm,,,,,,
To-Go-Speisen,,,,,,
Glyphosat,,,,,,
Lebensmitteln,,,,,,
Hochwasseralarm,,,,,,
Australian Open,,,,,,
te…,,,,,,
Hunsrück,,,,,,
Kanton Glarus,,,,,,
Ifo,,,,,,
Maschsee,,,,,,
US-Ölembargo,,,,,,
Schimmelrisiko,,,,,,
Landkreis Celle,,,,,,
Klimaprotest,,,,,,
EU,,,,,,
Gesundheitsminister,,,,,,
Landkreis Elbe-Elster,,,,,,
Ostukraine,,,,,,
Wetterwarnungen,,,,,,
Schönebeck,,,,,,
Bergwacht,,,,,,
Stockholmer,,,,,,
Eishockey-Fest,,,,,,
Gesprächen,,,,,,
Freising,,,,,,
dingender Sanierungsbedarf,,,,,,
Olpe,,,,,,
Flughafen Wien-Schwechat,,,,,,
Schwarzwaldes,,,,,,
Regenfällen,,,,,,
Bahnbrücke,,,,,,
Bundeskabinett,,,,,,
Langläufer,,,,,,
Aquarien,,,,,,
Terrarien,,,,,,
Nachbesserungen,,,,,,
Broad Peak,,,,,,
Schimmel im Bad,,,,,,
Oranienburg,,,,,,
Mehrfamilienhäusern,,,,,,
Rhein-Main-Liveblog,,,,,,
Wetterwechsel,,,,,,
Po…,,,,,,
Pronstorf,,,,,,
Jahresende,,,,,,
Berlin-Staaken,,,,,,
Kelheim,,,,,,
Misoxtal,,,,,,
Arbeiterkammer Oberösterreich,,,,,,
Vereinigte Arabische Emirate,,,,,,
Kinderkliniken,,,,,,
Mittelmeer-Insel,,,,,,
vzbv,,,,,,
Landkreis Vulkaneifel,,,,,,
Viktring,,,,,,
Vergleichsportal Verivox,,,,,,
schiefe Bahn,,,,,,
Bezirk Lilienfeld,,,,,,
Wetter-Vorhersage,,,,,,
Sturm Graz,,,,,,
Sturmtief,,,,,,
Bahnhof,,,,,,
Tiroler Alpen,,,,,,
Staaken,,,,,,
Stadt…,,,,,,
Russland-Sanktionen,,,,,,
Sonntag Glatteis,,,,,,
Ulrichstein,,,,,,
Cannes,,,,,,
Kreis Ostholstein,,,,,,
K2,,,,,,
Meterhohe Eisberge,,,,,,
Stadt Zürich,,,,,,
Virginia,,,,,,
Schulweg,,,,,,
Stadt Dachau,,,,,,
Bundesanwaltschaft,,,,,,
Holzheizungen,,,,,,
Vonovia,,,,,,
Härtefallhilfe,,,,,,
Regenschauer,,,,,,
Blumenerde,,,,,,
Michelin-Sterne,,,,,,
Drei-Flüsse-Stadt,,,,,,
Schneeberge,,,,,,
Arbeitsmarkt,,,,,,
Bukarest,,,,,,
Landkreis Dachau,,,,,,
Indiens,,,,,,
Lenggries,,,,,,
Ukraine-Liveticker,,,,,,
Schwenk,,,,,,
Reykjavik,,,,,,
Kinderspielzeug,,,,,,
Erdbeben in Japan,,,,,,
Landkreis Oberhavel,,,,,,
Blutspenden,,,,,,
Stromlose Luftentfeuchter,,,,,,
Regierungskreisen,,,,,,
Hoyerswerda,,,,,,
Dithmarschen,,,,,,
geomix,,,,,,
Schützengräben,,,,,,
Höchst,,,,,,
Landkreis Zwickau,,,,,,
Wurmberg,,,,,,
Brennerautobahn,,,,,,
Lärm,,,,,,
Traumwetter,,,,,,
Hut,,,,,,
Bezirk Friedrichshain-Kreuzberg,,,,,,
Braunschweiger,,,,,,
New York City,,,,,,
Wuhledar,,,,,,
Industriegase-Konzern,,,,,,
kühl,,,,,,
Verkehrsministerium,,,,,,
Venezuelas,,,,,,
Fuldaer,,,,,,
Schlei,,,,,,
Köpenick,,,,,,
Vogelsberg,,,,,,
Hochwasser-Opfern,,,,,,
Montenegro,,,,,,
Tiefstack,,,,,,
Hanauer Landgericht,,,,,,
Maispflanzen,,,,,,
Niederländer,,,,,,
Traunstein,,,,,,
Liverpool,,,,,,
Klima-Aktivisten,,,,,,
Landessüden,,,,,,
March,,,,,,
Bozen,,,,,,
Fitnesscoach,,,,,,
Kreis Wesel,,,,,,
Tagebauflächen,,,,,,
Razzia,,,,,,
Schöneberg,,,,,,
Neuen Donau,,,,,,
Seenot,,,,,,
Baum,,,,,,
Westhafen,,,,,,
Jahrhundert-Hochwasser,,,,,,
Wochenendwetter,,,,,,
Potsdamer Platz,,,,,,
Gifhorn,,,,,,
Sommers,,,,,,
Vorkriegsniveau,,,,,,
Adria,,,,,,
Sommerlager,,,,,,
Landes…,,,,,,
Wintergetreide,,,,,,
Work-Life-Balance,,,,,,
Skispringen,,,,,,
Arzneimittel-Engpässen,,,,,,
Indoor-Spielplatz,,,,,,
Hochwasserschutzes an der Donau,,,,,,
Rekord-Schneesturm,,,,,,
Oval Office,,,,,,
Laib,,,,,,
Lawinenrisiko,,,,,,
Landkreis Cloppenburg,,,,,,
Stahlbranche,,,,,,
Weltverband,,,,,,
Royal Lodge,,,,,,
Völklingen,,,,,,
Babys,,,,,,
Deichen,,,,,,
Landkreis Meißen,,,,,,
Winter-Olympia,,,,,,
Echsen,,,,,,
Mandeln,,,,,,
Kasachstans,,,,,,
Beckingen,,,,,,
Turnhalle,,,,,,
Gas-Lecks,,,,,,
Höxter,,,,,,
Paznauntal,,,,,,
Stoltenberg,,,,,,
Paypal,,,,,,
Netflix,,,,,,
Verviers,,,,,,
Ostseepipeline Nord Stream 2,,,,,,
Berliner Volksbühne,,,,,,
Pasing,,,,,,
niedersächsischen Küste,,,,,,
Jupiter,,,,,,
Schloss,,,,,,
Tausalz,,,,,,
Tempelhof-Schöneberg,,,,,,
Barsinghausen,,,,,,
Drewitz,,,,,,
Gas-Untertagespeicher,,,,,,
Augsburger,,,,,,
Todesopfern,,,,,,
Ätna,,,,,,
Neckar,,,,,,
Intensivstation,,,,,,
Ostdeutschlands,,,,,,
Pakistans,,,,,,
Adriaküste,,,,,,
Liveblog,,,,,,
Planeten,,,,,,
Bist du,,,,,,
Kerrville,,,,,,
Statistischen Landesamtes,,,,,,
lby,,,,,,
Landkreis Ravensburg,,,,,,
Winterchaos,,,,,,
Sorte,,,,,,
Start-up,,,,,,
Hansestadt,,,,,,
Wümme,,,,,,
Smartphones,,,,,,
US-Chipkonzern,,,,,,
Nationalpark,,,,,,
Getreide,,,,,,
Adventswochenendes,,,,,,
Morgen,,,,,,
Mittelstands-Chef,,,,,,
Pongau,,,,,,
Bundeswirtschaftsministerium,,,,,,
Ehec-Infektionen,,,,,,
Glatteis am Morgen,,,,,,
Verbandsstudie,,,,,,
Scholz,,,,,,
Gas-Pipelines Nord Stream 1,,,,,,
Katastrophenfall,,,,,,
Amerikanerin,,,,,,
Chemieriese,,,,,,
Britische Regierung,,,,,,
Landkreises,,,,,,
Polarkreis,,,,,,
Hochwasserschäden,,,,,,
chars,,,,,,
Stadt Leipzig,,,,,,
Thunberg,,,,,,
Winterdienst-Einsatz,,,,,,
Schwerte,,,,,,
Thüringer Bergland,,,,,,
Schneetreiben,,,,,,
Tiroler Bergen,,,,,,
ul><li,,,,,,
Nord-Stream-Lecks,,,,,,
Samstagen,,,,,,
Russland-Gas,,,,,,
Superbenzin,,,,,,
Waren,,,,,,
Reisen,,,,,,
Hohe Strom- und Gaspreise,,,,,,
Kreis Waldshut,,,,,,
Dünger,,,,,,
Havelberg,,,,,,
Lagerhalle,,,,,,
Schlafsäcke,,,,,,
ostfriesischen Inseln,,,,,,
Oder-Spree,,,,,,
Tem…,,,,,,
Winterwetter für Baustellen,,,,,,
Zweieinhalbfache,,,,,,
Spielzeugmuseum,,,,,,
Stadt Bremen,,,,,,
Rothaargebirge,,,,,,
Tui,,,,,,
Ossiacher See,,,,,,
Jacke,,,,,,
Melbourne,,,,,,
Westküste,,,,,,
Niendorf,,,,,,
Landkreis Reutlingen,,,,,,
Achterbahn,,,,,,
Verzögerungen,,,,,,
chinesische Regierung,,,,,,
Dienstagvormittag,,,,,,
Wartburg,,,,,,
Ruhr,,,,,,
Mülheim an der Ruhr,,,,,,
Teupitzer See,,,,,,
UBA,,,,,,
Kohlekraftwerk Mehrum,,,,,,
Faistenau,,,,,,
Baby,,,,,,
Insassen,,,,,,
Langlaufen,,,,,,
Straßenglätte,,,,,,
Hamburgs Sozialbehörde,,,,,,
Spitzbergen,,,,,,
Franz-Josefs-Bahn,,,,,,
Eur…,,,,,,
Cairns,,,,,,
Kehl,,,,,,
Nachhinein,,,,,,
Townsville,,,,,,
Hiddensee,,,,,,
Drevenack,,,,,,
Kellerdecke,,,,,,
BASF-Chef,,,,,,
Uttendorf,,,,,,
Streugut,,,,,,
Britzer Garten,,,,,,
Venetien,,,,,,
Berlin-Charlottenburg,,,,,,
Ostrava,,,,,,
Kostenfalle,,,,,,
Südostasien,,,,,,
Hauptstadtflughafen BER,,,,,,
Kita-Verbände,,,,,,
Aostatal,,,,,,
Mäusekot,,,,,,
Hitzehilfe,,,,,,
Ungeziefer,,,,,,
Neunzigern,,,,,,
Wachaubahn,,,,,,
Rabatte,,,,,,
Dieselpreis,,,,,,
Vor-Corona-Niveau,,,,,,
Wintersports,,,,,,
Ottawa,,,,,,
Preisschub,,,,,,
Alfdorf,,,,,,
Gesprächsstoff,,,,,,
Welthandel,,,,,,
Schimmel-Wohnung,,,,,,
Autobahn 5,,,,,,
"Potsdam
Polizei-Großeinsatz",,,,,,
Rekordhitze,,,,,,
Brandursache,,,,,,
Forschern,,,,,,
Francis-Scott-Key-Brücke,,,,,,
Co.,,,,,,
Tunesien,,,,,,
Scheinwerfer,,,,,,
Steglitz-Zehlendorf,,,,,,
Stundenkilometern,,,,,,
Neiße,,,,,,
Mpox,,,,,,
Belgiens,,,,,,
Dienstgebiet,,,,,,
Südkalifornien,,,,,,
Einfamilienhaus,,,,,,
Landkreis Südliche Weinstraße,,,,,,
Netanjahu,,,,,,
Reichenbach,,,,,,
Hohe Energiekosten,,,,,,
Oder-Regionen,,,,,,
Karakorum-Gebirge,,,,,,
Landkreis Märkisch-Oderland,,,,,,
Social-Media-Plattformen,,,,,,
Schimmel-Alarm,,,,,,
Wienerwald,,,,,,
Dautphetal,,,,,,
Abrafaxe,,,,,,
Nationalpark Wattenmeer,,,,,,
Schotten,,,,,,
Blitzeis-Chaos,,,,,,
Donnerstagnachmittag,,,,,,
Nasskaltes Winterwetter,,,,,,
Hindukusch-Himalaya-Gebirge,,,,,,
Kohle-Regen,,,,,,
Serengeti-Park Hodenhagen,,,,,,
Stiko,,,,,,
Saar-Bauern,,,,,,
Wetter-Kapriolen,,,,,,
Savoyen,,,,,,
Tornados,,,,,,
Erdbeben in Afghanistan,,,,,,
Bundesstraße,,,,,,
Ballermann,,,,,,
Hasenkostümen,,,,,,
Kremlchef Putin,,,,,,
Kraftwerks Simmering,,,,,,
Corona-Impfstoff,,,,,,
Simplonpass,,,,,,
Netzgesellschaft Berlin-Brandenburg,,,,,,
Altenbuch,,,,,,
Ganzjahresreifen,,,,,,
Marbella,,,,,,
Verden,,,,,,
Harzer,,,,,,
Holland,,,,,,
Meppen,,,,,,
Nordrhein-Westfal…,,,,,,
Industriestrompreis,,,,,,
Lidl,,,,,,
Hauptlast,,,,,,
Bezirk Gmünd,,,,,,
Schimmelschock,,,,,,
Langenholzen,,,,,,
Personenschaden,,,,,,
Kreis Hildesheim,,,,,,
Kupjansk,,,,,,
Bad Ems,,,,,,
Blieskastel,,,,,,
Olympia-Bahn,,,,,,
Schneematsch,,,,,,
Selm,,,,,,
Mietervereine,,,,,,
Familienlebens,,,,,,
Elton,,,,,,
U4,,,,,,
Tempelhofer Feld,,,,,,
Flensburger Hotel,,,,,,
Stahlbrode,,,,,,
Ostsee-Hochwasser,,,,,,
Nordthüringen,,,,,,
Extremwetter-Ereignissen,,,,,,
Sassnitz,,,,,,
Hochwasser-Rettungseinsatz,,,,,,
Mehrum,,,,,,
Heringsdorf,,,,,,
Rettungseinsatz,,,,,,
Na,,,,,,
Theodulgletscher,,,,,,
Tagebau Hambach,,,,,,
Airfryer,,,,,,
Provinz Punjab,,,,,,
Abgeordnetenhaus,,,,,,
Minnesota,,,,,,
Kräuterbach,,,,,,
Genua,,,,,,
Wolf,,,,,,
Ängste,,,,,,
Stonehenge,,,,,,
Nordtirol,,,,,,
Online-Portal,,,,,,
Itzehoe,,,,,,
Durchschnittsalter,,,,,,
Isar-Pegel,,,,,,
Oktoberfest,,,,,,
Gauersheim,,,,,,
Fahnenmast,,,,,,
Mühldorf am Inn,,,,,,
Schwimmbäder,,,,,,
Mittwochmittag,,,,,,
Leistungsdruck,,,,,,
Heiligenkreuz,,,,,,
Kanal,,,,,,
Mühlrose,,,,,,
Oer-Erkenschwick,,,,,,
z…,,,,,,
Straß,,,,,,
Schulhof,,,,,,
Kaufland-Filialen,,,,,,
Pipelines Nord Stream 1,,,,,,
Spotify,,,,,,
Holzgau,,,,,,
Neulengbach,,,,,,
Chiemsee,,,,,,
Ohio,,,,,,
Kleinstadt,,,,,,
Kindberg,,,,,,
Uroschajne,,,,,,
Niedrigwasser,,,,,,
Landkreis Hameln-Pyrmont,,,,,,
Landkreis am Montagabend,,,,,,
Unterallgäu,,,,,,
Ötztaler,,,,,,
South Carolina,,,,,,
Odenwald,,,,,,
Frimmersdorf,,,,,,
Wied,,,,,,
Zeitraffer,,,,,,
Reichertshofen,,,,,,
Schwedt/Oder,,,,,,
Li…,,,,,,
gefrierender Regen,,,,,,
Bayerischer Landtag,,,,,,
Thessalien,,,,,,
Flintsbach,,,,,,
Internetportal,,,,,,
Rekordwerte,,,,,,
Kellers,,,,,,
Paar,,,,,,
Anleger,,,,,,
Grazer,,,,,,
Monte Bondone,,,,,,
Sonneberg,,,,,,
Artern,,,,,,
North Dakota,,,,,,
Kreuzfeuer,,,,,,
Pflegefamilien,,,,,,
Hamburg-Hoheluft,,,,,,
Abruzzen,,,,,,
Barth,,,,,,
Europawahlen,,,,,,
Südharz,,,,,,
Ausweichquartieren,,,,,,
Flughafen“,,,,,,
Tennis-Turnier,,,,,,
Winter-Transfers,,,,,,
Dumme,,,,,,
Westen,,,,,,
Gastgeberland,,,,,,
Schneefahrbahn,,,,,,
Visier,,,,,,
Wachauer,,,,,,
Manila,,,,,,
Strassen,,,,,,
Shopping-Laune,,,,,,
Norovirus,,,,,,
Regenjacke,,,,,,
Alpenland,,,,,,
Nordsachsen,,,,,,
Arzberg,,,,,,
Tierpark Hellabrunn,,,,,,
Main-Tauber-Kreis,,,,,,
Rimini,,,,,,
Unterhaching,,,,,,
Wäldern,,,,,,
Arbeitsleben,,,,,,
Beaver Creek,,,,,,
Bilderbuch,,,,,,
Katastrophen-Fonds,,,,,,
Landkreis Göttingen,,,,,,
Friesland,,,,,,
Donnerstagfrüh,,,,,,
Arizona,,,,,,
Söllereck,,,,,,
Home-Office,,,,,,
Rollbahn,,,,,,
Oberösterreichs,,,,,,
Autobahn 8,,,,,,
Landkreis Ludwigslust-Parchim,,,,,,
Englischen Garten,,,,,,
Hohen Dachstein,,,,,,
Zingst,,,,,,
rheinland-pfälzische Landtag,,,,,,
Sachs…,,,,,,
Murtal,,,,,,
Vorwürfe,,,,,,
Ämtern,,,,,,
Tschechiens,,,,,,
Wetter-Ticker,,,,,,
Energienotstand,,,,,,
Monheim,,,,,,
Spendengala,,,,,,
Traitsching,,,,,,
Kirn,,,,,,
Linkedin,,,,,,
CSU-Chef,,,,,,
Bad Iburg,,,,,,
Schneeregen,,,,,,
Württemberg,,,,,,
Hamburg-Jenfeld,,,,,,
Roten Meer,,,,,,
Russla…,,,,,,
Landkreis Lindau,,,,,,
Lindenberg,,,,,,
Bundesstraße 308,,,,,,
Bahn-Chaos,,,,,,
Was,,,,,,
Kritzendorf,,,,,,
Dachhaie,,,,,,
Flughäfen Halt,,,,,,
Fischmarkt,,,,,,
Tagebau Jänschwalde,,,,,,
Gemeinde Wenden,,,,,,
Wasser,,,,,,
UN-Angaben,,,,,,
UN-Kinderhilfswerks,,,,,,
Unicef-Analyse,,,,,,
Kälte,,,,,,
Würschnitz,,,,,,
Lungau,,,,,,
Samstagmorgen,,,,,,
Ostfriesische Inseln,,,,,,
Newel,,,,,,
Norilsk,,,,,,
Kreuzberger,,,,,,
Landkreis Regensburg,,,,,,
Kreis Saarlouis,,,,,,
Penang,,,,,,
Rätsel,,,,,,
Olsberg,,,,,,
Kellerbrand,,,,,,
Gewittern,,,,,,
Voerde,,,,,,
Saudiarabien,,,,,,
Sony,,,,,,
Königswinter,,,,,,
Bergstraße,,,,,,
Heizwärme,,,,,,
Heineken-Tochter,,,,,,
Onlineportal,,,,,,
Nottingham,,,,,,
Sonntagfrüh,,,,,,
Som…,,,,,,
Internet-Mutprobe,,,,,,
Diemeltalsperre,,,,,,
Jena,,,,,,
Nationalpark Harz,,,,,,
Sassenberg,,,,,,
Nationalpark Kalkalpen,,,,,,
Provinzen,,,,,,
Deutschen Kinderhilfswerks,,,,,,
Grafschaft Bentheim,,,,,,
Gasbohrturm,,,,,,
Kopenhagen,,,,,,
Vierbeiner,,,,,,
Starnberg,,,,,,
Krisengebieten,,,,,,
Lahr,,,,,,
Saarlandes,,,,,,
Neukirchen,,,,,,
Braunaubachs,,,,,,
Vorpommern,,,,,,
UKS,,,,,,
Kleinflugzeug,,,,,,
Bratwurst,,,,,,
Haushaltskunden,,,,,,
UN-Kinderhilfswerk Unicef,,,,,,
Siegburg,,,,,,
Schulgelände,,,,,,
Burgenlandkreis,,,,,,
Schulbusunfall,,,,,,
Hohe Wasserstände,,,,,,
Ozon,,,,,,
Regens,,,,,,
Tiergarten Halberstadt,,,,,,
Deutschfeistritz,,,,,,
Kap Verde,,,,,,
Fußballplatz,,,,,,
Regensburger,,,,,,
Schloss Bellevue,,,,,,
Landkreis Marburg-Biedenkopf,,,,,,
Strasburg,,,,,,
Golf von Mexiko,,,,,,
Flüssiggasterminal,,,,,,
Gartenschau,,,,,,
Zollernalbkreis,,,,,,
Fortschritte,,,,,,
Kloster Weltenburg,,,,,,
Popp,,,,,,
Brandenburger Landtag,,,,,,
Mängeln,,,,,,
Kreml-Gelände,,,,,,
Drohnen-Vorfall,,,,,,
Autobahn 6,,,,,,
Zeitz,,,,,,
östlic…,,,,,,
Landkreis Mittelsachsen,,,,,,
Studentenstadt,,,,,,
Vorjahres,,,,,,
Sendenhorst,,,,,,
Spezialkräfte,,,,,,
Rettungsstelle,,,,,,
Pritzwalk,,,,,,
Bezirk Gmunden,,,,,,
Dömnitz,,,,,,
Anhalt,,,,,,
Broadway,,,,,,
Tegernsee,,,,,,
Morg…,,,,,,
Neuhausen,,,,,,
Raketeneinschlag,,,,,,
Bad Homburg im Taunus,,,,,,
Frühlingsfest,,,,,,
Beratungen,,,,,,
russische Regierung,,,,,,
Hanauer,,,,,,
Gas-Vergiftung,,,,,,
Vogtland Arena,,,,,,
Badeunfällen,,,,,,
Leimersheim,,,,,,
Kreis Barnim,,,,,,
Bad Harzburg,,,,,,
Balearen,,,,,,
Ärzte,,,,,,
Illinois,,,,,,
Schneeflocke,,,,,,
Popocatépetl,,,,,,
Landkreis Mecklenburgische Seenplatte,,,,,,
Haien,,,,,,
Borussia Dortmund,,,,,,
Kinderrechten,,,,,,
Wohngebiete,,,,,,
Schloss Augustusburg,,,,,,
Gasbranche,,,,,,
Lwiw,,,,,,
Posen,,,,,,
Schwechat,,,,,,
Bad Säckingen,,,,,,
Herten,,,,,,
Austauschpflicht,,,,,,
Moskauer Militär,,,,,,
Vordermann,,,,,,
Medaillen,,,,,,
Oberndorf am Neckar,,,,,,
Sulz am Neckar,,,,,,
Lothringen,,,,,,
Karlsdorf,,,,,,
Gondelsheim,,,,,,
Westhessen,,,,,,
Landsberg am Lech,,,,,,
Tiergarten Nürnberg,,,,,,
Photovoltaik,,,,,,
Metern Höhe,,,,,,
A671,,,,,,
Barßel,,,,,,
Heizkosten-Schock,,,,,,
Wall Street,,,,,,
Trekking,,,,,,
Kasseler,,,,,,
Landessportbünde von Berlin,,,,,,
Pfalz,,,,,,
Verkehrswende,,,,,,
S16,,,,,,
Shanghai,,,,,,
Rekordhöhe,,,,,,
frostigste,,,,,,
Landkreis Bamberg,,,,,,
Freistaates,,,,,,
Güstrow,,,,,,
Hoffenheim,,,,,,
Straßensperrungen,,,,,,
Kreis Vorpommern-Rügen,,,,,,
Kieler Förde,,,,,,
Oelsnitz,,,,,,
Kormoran-Bestand,,,,,,
Marseille,,,,,,
Polizeipräsidiums Schwaben Süd/West,,,,,,
Landkreis Ammerland,,,,,,
Sumy,,,,,,
Köselitz,,,,,,
Marokkos,,,,,,
Ahrensburg,,,,,,
Mordprozess,,,,,,
Krebsrisiko,,,,,,
Anpassungen,,,,,,
Kreis Heidenheim,,,,,,
Langlauffans,,,,,,
Klimakrise,,,,,,
Wetterprognosen,,,,,,
Nuthetal,,,,,,
großen Wachstumstreibern des Nestlé-Konzerns,,,,,,
Schneefall,,,,,,
Expertenangaben,,,,,,
Waldviertel,,,,,,
Skepsis,,,,,,
Störche,,,,,,
Dinkelsbühl,,,,,,
Szenario,,,,,,
Bordeaux,,,,,,
Weißenborn,,,,,,
Überraschungen,,,,,,
Flugausfälle,,,,,,
Biathlon bei Olympia,,,,,,
Luftangriff,,,,,,
Neuruppin,,,,,,
Elchingen,,,,,,
Starke Schneefälle,,,,,,
Moselpegel Trier,,,,,,
Diät,,,,,,
Delmenhorst,,,,,,
Wahllokale,,,,,,
Stadion,,,,,,
Ausflüglern,,,,,,
Eiseskälte,,,,,,
Waldbränden,,,,,,
Miniatur-Wunderland-Gründer,,,,,,
Weinviertel,,,,,,
Beerdigungen,,,,,,
Hanseatische Oberlandesgericht,,,,,,
Vogelpark Marlow,,,,,,
A6,,,,,,
Lotto-Mitteln,,,,,,
Tagesspiegels,,,,,,
Landkreis Nordsachsen,,,,,,
Gas-Alarm,,,,,,
Bad Salzdetfurth,,,,,,
Sturmtief «Elli,,,,,,
Debatten,,,,,,
Zagreb,,,,,,
Schallgeschwindigkeit,,,,,,
US-Staat,,,,,,
"Sturmtief ""Elli",,,,,,
Gastkommentar,,,,,,
Hannover/Bremen,,,,,,
Pizzastein,,,,,,
Wörgl,,,,,,
Albanien,,,,,,
Untermain,,,,,,
Neu-Isenburg,,,,,,
Kyushu,,,,,,
Landkreis Peine,,,,,,
Messerattacke,,,,,,
Frankfurter Allee,,,,,,
Lemgo,,,,,,
Heavy-Metal-Festival,,,,,,
Mosambik,,,,,,
Kranichen,,,,,,
Gelsen,,,,,,
Rodgau,,,,,,
Olympia-Winter,,,,,,
Poppichl,,,,,,
Isarwelle,,,,,,
Strem,,,,,,
Rheinberg am Niederrhein,,,,,,
Freistaat Bayern,,,,,,
Kreis Ammerland,,,,,,
Taifun,,,,,,
Skibetrieb,,,,,,
Frankfurter Zoo,,,,,,
Eriwan,,,,,,
Frühblüher,,,,,,
Kinderarmut,,,,,,
Zeche Zollverein,,,,,,
Böhlen,,,,,,
Höchstwerte,,,,,,
Kita-Sozialarbeit,,,,,,
Familienzentren,,,,,,
Park Sanssouci,,,,,,
Uralgebirges,,,,,,
Mäuse,,,,,,
Kohle-Unternehmens Leag,,,,,,
Glan,,,,,,
Südösterreich,,,,,,
Arztpraxen,,,,,,
Innsbrucker,,,,,,
Bahnhof Glashütte,,,,,,
Kinderstadt,,,,,,
Osterzgebirge,,,,,,
Kar…,,,,,,
Verfahrens,,,,,,
Pipeline-Lecks,,,,,,
Kinderlosenquote,,,,,,
Land Kärnten,,,,,,
Raab,,,,,,
Autofahrern,,,,,,
Moers,,,,,,
W…,,,,,,
Elz,,,,,,
Scham,,,,,,
EU-Mitteln,,,,,,
Kachowka-Staudamms,,,,,,
Mogadischu,,,,,,
Somalia,,,,,,
Ski-Saison,,,,,,
Dietikon,,,,,,
Miami Beach,,,,,,
Dortmund/Unna,,,,,,
Glatteis am Freitagvormittag,,,,,,
Kohlestrom,,,,,,
Wand,,,,,,
Dänemarks,,,,,,
Dnipro,,,,,,
Apolda,,,,,,
Nikolaikirche,,,,,,
Landesjugendspielen,,,,,,
Strukturwandel,,,,,,
Berliner Gehwegen,,,,,,
Hermsdorfer Kreuz,,,,,,
Kohlegrill,,,,,,
Kreis Euskirchen,,,,,,
Ahr-Schlamm,,,,,,
Rentenniveau,,,,,,
Elbtunnel,,,,,,
Emscher,,,,,,
Landkreises Rostock,,,,,,
Sun Valley,,,,,,
Suppen,,,,,,
Schneewittchen,,,,,,
Aschenputtel,,,,,,
Disney-Prinzessinnen,,,,,,
Westsibirien,,,,,,
Rhone,,,,,,
Cottbuser,,,,,,
Unterrichtsausfälle,,,,,,
Ber…,,,,,,
Wohnkosten,,,,,,
Treptow,,,,,,
Sommerurlaub,,,,,,
Potsdamer Hütte,,,,,,
Landkreis Friesland,,,,,,
Georgien,,,,,,
Großbrand,,,,,,
Halle (Saale,,,,,,
Nachschubrisiken,,,,,,
Grillgut,,,,,,
Kinderfilmen,,,,,,
Monsun,,,,,,
Volkswagen-Konzern,,,,,,
Assam,,,,,,
Landkreis Teltow-Fläming,,,,,,
Sommerreisewelle,,,,,,
Dampfer-Chef,,,,,,
Golf von Carpentaria,,,,,,
F.A.Z.-Newsletter,,,,,,
Eppingen,,,,,,
Roggen,,,,,,
Peru,,,,,,
Landkreises Kassel,,,,,,
Heizdecke kuscheln,,,,,,
Kellern,,,,,,
Wohlbefinden,,,,,,
Königsbach-Stein,,,,,,
Winter-Transferfenster,,,,,,
Oldenburger,,,,,,
Krippe,,,,,,
Landkreis Fürstenfeldbruck,,,,,,
Fünf-Minuten-Weg,,,,,,
Hausbesitzern,,,,,,
Schneeinseln,,,,,,
Wasserständen,,,,,,
Gebiet Donezk,,,,,,
Bundesamtes für Bevölkerungsschutz und Katastrophenhilfe,,,,,,
Gondershausen,,,,,,
Energiemarkt,,,,,,
Hoogstede,,,,,,
Spott,,,,,,
Rheinischen Braunkohlerevier,,,,,,
Auhofstraße,,,,,,
Icking,,,,,,
Kinderfußball,,,,,,
Hauseinsturz,,,,,,
Parkplätze,,,,,,
November-Schneefall,,,,,,
Canberra,,,,,,
Berliner Gasag,,,,,,
Klim…,,,,,,
Gasexplosion,,,,,,
Herrsching,,,,,,
Wohnort,,,,,,
Tiefgarage,,,,,,
Kongressgebäudes,,,,,,
Shanxi,,,,,,
Bergkirchen,,,,,,
Mulhouse,,,,,,
Bernkastel-Kues,,,,,,
Mühlberg,,,,,,
Energie Steiermark,,,,,,
Silikon,,,,,,
Bundesamt,,,,,,
Facebook-Konzern Meta,,,,,,
US-Wintersturm,,,,,,
Linienbusses,,,,,,
Zillertaler Alpen,,,,,,
haben.weiterlesen,,,,,,
Si…,,,,,,
Landkreis Waldeck-Frankenberg,,,,,,
Gaskraftwerken,,,,,,
Kohlenmonoxid-Vergiftung,,,,,,
Klee,,,,,,
Rechenzentren,,,,,,
Ceuta,,,,,,
Ordnungsamt,,,,,,
Amberg,,,,,,
Brisbane,,,,,,
Garching,,,,,,
Bundesstaat New York,,,,,,
Genf,,,,,,
halbmast,,,,,,
Kreta,,,,,,
Hampstead Heath,,,,,,
Landkreis Schwandorf,,,,,,
Missstände,,,,,,
Galtür,,,,,,
Pforzheim,,,,,,
Houston,,,,,,
Werne,,,,,,
Leningrad,,,,,,
Tabuleiro do Norte,,,,,,
Teutoburger Wald,,,,,,
Childhood-Haus,,,,,,
Weltcup-Winter,,,,,,
Hochwasser-Risiko,,,,,,
Rovaniemi,,,,,,
Spitälern,,,,,,
Lan…,,,,,,
Flüssiggasterminals,,,,,,
Baustelle,,,,,,
Lech-Drama,,,,,,
Spielraum,,,,,,
Unternehmerverband,,,,,,
Buchstabennudeln,,,,,,
Filderstadt,,,,,,
Schneeberg,,,,,,
Eder,,,,,,
Berlin-Reinickendorf,,,,,,
Bottroper,,,,,,
Lind,,,,,,
Lichtenfels,,,,,,
Senegal,,,,,,
Wahn,,,,,,
Notfällen,,,,,,
Ifo-Instituts,,,,,,
Wettervorschau,,,,,,
Abschlagszahlungen,,,,,,
Sauerlands,,,,,,
europäischen Küste,,,,,,
Berliner Stromausfalls,,,,,,
Ravensburg,,,,,,
Strompreise,,,,,,
Simbach am Inn,,,,,,
Ostseepipeline Nord Stream 1,,,,,,
Weideninsel,,,,,,
Falkensee,,,,,,
Energiekonzern One-Dyas,,,,,,
Klimaschützern,,,,,,
Aspen,,,,,,
Adlon,,,,,,
Heizöl,,,,,,
Straßenschäden,,,,,,
Havel,,,,,,
Zahlungsbetrug,,,,,,
Scharm el Scheich,,,,,,
Mietmarkt,,,,,,
Elektrogrill,,,,,,
Garaus,,,,,,
Zauberhand,,,,,,
Speichertechnologien,,,,,,
Mykolajiw,,,,,,
Neue Landgrafenbrücke,,,,,,
Offenbach am Main,,,,,,
Gasleck-Einsatz,,,,,,
Schneemänner,,,,,,
Schimmel von der Wand,,,,,,
Bundesfinanzministerium,,,,,,
Brandenburger Straße,,,,,,
A100,,,,,,
deutschen Staat,,,,,,
Gas-Flasche,,,,,,
Wasserfälle,,,,,,
Algerien,,,,,,
Geysire,,,,,,
Erfahrungsbericht,,,,,,
Merzen,,,,,,
lni,,,,,,
Außenwänden,,,,,,
Ministerien,,,,,,
Unterstützungsbedarf,,,,,,
Flughafen Keflavík,,,,,,
Entspannung,,,,,,
Saale-Orla-Kreis,,,,,,
Europa-Park,,,,,,
Drittanbietern,,,,,,
Lackenhof,,,,,,
Winterquartier,,,,,,
Gasflaschen,,,,,,
Heizungskessel,,,,,,
Islands Naturschauspiele,,,,,,
National Mall,,,,,,
Wintersonnenwende,,,,,,
SZ am Morgen,,,,,,
Jablanica,,,,,,
Chiemgauer Alpen,,,,,,
Lettland,,,,,,
Gasverbrauchs,,,,,,
Ischgl,,,,,,
Bundesliga,,,,,,
Teelichtöfen,,,,,,
Hochwasserhilfe,,,,,,
Disney+,,,,,,
Ismaning,,,,,,
Kindes,,,,,,
Drag-Queen-Bilder,,,,,,
Bildband,,,,,,
Hochstein,,,,,,
Karpaten,,,,,,
Waldbrände an der Westküste,,,,,,
Mühlviertel,,,,,,
Kinderarzneimitteln,,,,,,
Alpennähe,,,,,,
Reisebus,,,,,,
Landgericht Schwerin,,,,,,
Coswig,,,,,,
Südniedersachsen,,,,,,
Bezirksamt Mitte,,,,,,
Aumühle,,,,,,
Abzocke,,,,,,
Winterschlaf,,,,,,
Mississippi,,,,,,
A93,,,,,,
Fuji,,,,,,
Wimmelburg,,,,,,
Lausitzer Seenverbund,,,,,,
Liebesbetrug,,,,,,
Bahnstrecke München-Salzburg,,,,,,
Bezirk Vöcklabruck,,,,,,
Glatteis-Unfälle,,,,,,
Fallstricke,,,,,,
Tel Aviv,,,,,,
Guadalupe,,,,,,
Vierschanzentournee,,,,,,
Dürnrohr,,,,,,
Kroatiens,,,,,,
Kassen,,,,,,
Umweltamt,,,,,,
Landkreis Bayreuth,,,,,,
Schieflage,,,,,,
Hochdruck,,,,,,
Roblox,,,,,,
Online-Abo,,,,,,
Berlin/Brüssel,,,,,,
Dessau,,,,,,
Themse,,,,,,
Saarbahn,,,,,,
Rekordhoch,,,,,,
Offenbach/Main,,,,,,
Pipeline Nord Stream 2,,,,,,
Bundesländervergleich,,,,,,
Voigt,,,,,,
Newsblog,,,,,,
Wartezimmer,,,,,,
Mangelware,,,,,,
Einfamilienhäusern,,,,,,
Limburgerhof,,,,,,
Treibstoffpreise,,,,,,
Süßigkeiten,,,,,,
Hochwassereinsätze,,,,,,
Holländisches Viertel,,,,,,
US-Stadt,,,,,,
Netzagenturchef,,,,,,
Mattersburg,,,,,,
Wetterdienst,,,,,,
Tankstopp,,,,,,
Frostbereich,,,,,,
Prien,,,,,,
Nebensaison,,,,,,
Haus der Geschichte,,,,,,
Gasreserven,,,,,,
Naturkundemuseum,,,,,,
Preisschocks,,,,,,
Kreis Konstanz,,,,,,
Freizeit-Wintersport,,,,,,
Jugendherbergen,,,,,,
LNG-Anlandeterminal,,,,,,
Land Rheinland-Pfalz,,,,,,
Unfallstelle,,,,,,
Deutschland</li></ol,,,,,,
Kaltluft,,,,,,
Kinderhilfswerks Unicef,,,,,,
Sommer-Quartal,,,,,,
eisglatte,,,,,,
Ostsee-Gaspipelines,,,,,,
Altenceller Feld,,,,,,
Kauflaune,,,,,,
Hermagor,,,,,,
Energiehilfen,,,,,,
Ukraine-Überblick,,,,,,
Verbrauchs,,,,,,
Lastwagen,,,,,,
Hennigsdorf,,,,,,
Pyhrnautobahn,,,,,,
Alster,,,,,,
Kiesbergtunnel,,,,,,
L74,,,,,,
Michigan,,,,,,
Warn-Apps,,,,,,
Schlangen,,,,,,
Brockzetel,,,,,,
Schadenersatz,,,,,,
Schneekanonen,,,,,,
h…,,,,,,
Stockelsdorf,,,,,,
EWE-Chef,,,,,,
Crailsheim,,,,,,
Belgrad,,,,,,
Playmobil,,,,,,
Vierte Nacht,,,,,,
Reichweite,,,,,,
La…,,,,,,
Wales,,,,,,
Wiener Neustadt,,,,,,
Edewecht,,,,,,
Mariazellerbahn,,,,,,
Görlitzer Park,,,,,,
Ang…,,,,,,
Netzes,,,,,,
Sachspenden,,,,,,
Speedweek,,,,,,
Energieversorgers Gasag,,,,,,
Rappenalpbach,,,,,,
Großröhrsdorf,,,,,,
Nacht am Berg,,,,,,
Schlangenlinien,,,,,,
Soforthilfe,,,,,,
Brüssel/Berlin,,,,,,
Tram,,,,,,
Mittelitalien,,,,,,
Gesundheitsrisiko,,,,,,
Erdogan,,,,,,
Bratislava,,,,,,
Blankenese,,,,,,
Minneapolis,,,,,,
Zehner-Position,,,,,,
Blackout-Tattoo,,,,,,
Wärmestuben,,,,,,
Stromnetz,,,,,,
Schleswig,,,,,,
Brut,,,,,,
Schleifähre Missunde,,,,,,
St. Petersburg,,,,,,
Landes bei Ahrflut,,,,,,
Pegel-Höchststände,,,,,,
Tücken,,,,,,
Tegeler See,,,,,,
Intel-Werk,,,,,,
Frankfurter Airport,,,,,,
Impfkampagne,,,,,,
Theater der Welt,,,,,,
Vorwoche,,,,,,
Witterungsbedingungen,,,,,,
Konditionen,,,,,,
Märkischer Kreis,,,,,,
Preußen,,,,,,
Bad Kissingen,,,,,,
Wolfenbüttel,,,,,,
Kreis Ludwigslust-Parchim,,,,,,
Glatteis-Warnung,,,,,,
Dörsbach,,,,,,
Ahr-Flutgebiet,,,,,,
kleinen Schloss,,,,,,
Zahn der Zeit,,,,,,
Alzey,,,,,,
Heizungsbauer,,,,,,
Halbleiterriese rücke,,,,,,
Pipeline Nord Stream 1,,,,,,
Niedersachsen…,,,,,,
Sandau,,,,,,
Diesel Defizite,,,,,,
Forschungsinstituts,,,,,,
Rivva,,,,,,
Geburtstagsparty,,,,,,
Anröchte,,,,,,
Israelis,,,,,,
Weihnachtspostfilialen,,,,,,
Dividenden,,,,,,
Boni,,,,,,
Schneeschippen,,,,,,
Málaga,,,,,,
Oberpinzgau,,,,,,
Tschechische Republik,,,,,,
Atomkraftwerk Saporischschja,,,,,,
Öl-Staat,,,,,,
Südspanien,,,,,,
Österreicherinnen,,,,,,
Dänen,,,,,,
UN-Klimagipfel,,,,,,
Sigmaringen,,,,,,
Containern,,,,,,
Wochenvergleich,,,,,,
Bullenhuser Damm,,,,,,
Heizens,,,,,,
Königreich,,,,,,
Bund-Länder-Treffen,,,,,,
Haus der Kunst,,,,,,
Probebetrieb,,,,,,
La Niña,,,,,,
Kreis Siegen-Wittgenstein,,,,,,
Mehrparteienhäusern,,,,,,
Hanoi,,,,,,
Leonberger,,,,,,
Klimaregeln,,,,,,
Hamburger Landgericht,,,,,,
Bexbach,,,,,,
Spreewald,,,,,,
Remscheid,,,,,,
Baumgarten,,,,,,
Centre Pompidou,,,,,,
Landkreis Kassel,,,,,,
Greußen,,,,,,
Gasheizungen,,,,,,
Weltwirtschaftsforums,,,,,,
Arzneien,,,,,,
Adipositas,,,,,,
Schneeschauern,,,,,,
Gevelsberg,,,,,,
Versicherer,,,,,,
Kabul,,,,,,
Krüger-Nationalpark,,,,,,
Samstagfrüh,,,,,,
Handwerkern,,,,,,
Jungholz,,,,,,
Schaufel,,,,,,
Wohnhäuser,,,,,,
Hessinnen,,,,,,
Schwarzwalds,,,,,,
Grundschulalter,,,,,,
Rotterdam,,,,,,
Lkw-Karambolage,,,,,,
Tempera…,,,,,,
Brückengeländer,,,,,,
Gaskonsum,,,,,,
Internet-Blackout,,,,,,
Pegel Ratzdorf,,,,,,
Energie-Infrastruktur,,,,,,
Landkreis Harz,,,,,,
Energiesparen,,,,,,
Schwerer Schneesturm,,,,,,
Ländervergleich,,,,,,
ostfriesische,,,,,,
Salzgitter,,,,,,
Energieversorgern,,,,,,
Nevada,,,,,,
Seattle,,,,,,
Flughafen Leipzig/Halle,,,,,,
Pisa,,,,,,
Kreuzfahrtschiffen,,,,,,
Taufkirchen,,,,,,
Lagezentrums,,,,,,
Kohletagebau Garzweiler,,,,,,
Tusk,,,,,,
Hotel Adlon,,,,,,
Elbe-Pegeln,,,,,,
Landkreis Würzburg,,,,,,
Wüstenstaat,,,,,,
Kreis Ludwigsburg,,,,,,
s…,,,,,,
Medien,,,,,,
Bränden,,,,,,
Ölmarkt,,,,,,
Olympia-Start,,,,,,
Reitstall,,,,,,
Landkreis Hof,,,,,,
Hobbygärtner,,,,,,
Kindeswohl,,,,,,
Schwimmkurse,,,,,,
Schönwetterstadt Freiburg,,,,,,
Nordhausen,,,,,,
Transfer-Finale,,,,,,
PSR J1023+0038,,,,,,
Bike-Park,,,,,,
Mariendorf,,,,,,
behal…,,,,,,
Kohleförderer,,,,,,
Zynischerweise,,,,,,
Grenoble,,,,,,
VW-Werken,,,,,,
Bundesinstitut für Bevölkerungsforschung,,,,,,
Rügener Terminals,,,,,,
Moto,,,,,,
Schweriner,,,,,,
Gangsta-Rapper,,,,,,
Bern,,,,,,
Hohen Warte,,,,,,
Obernitra,,,,,,
Delaware,,,,,,
Russen-Blackout,,,,,,
Pinzgauer Lokalbahn,,,,,,
Koffern,,,,,,
Wasserstand des Sees,,,,,,
Verkehrsschilder,,,,,,
Münchnerinnen,,,,,,
Bahnhofsviertel,,,,,,
Statistische Bundesamt am Mittwoch,,,,,,
Geflügelpest,,,,,,
Gaslieferstopp Russlands,,,,,,
EU-Vertreterin,,,,,,
Thessaloniki,,,,,,
Radon,,,,,,
Steilshoop,,,,,,
Rhe…,,,,,,
Pausen,,,,,,
Ostalb,,,,,,
Söder,,,,,,
Kfz-Versicherer,,,,,,
Niederlande Gasförder-Abkommen,,,,,,
Hochwasserwelle,,,,,,
Gasometer,,,,,,
Kürze,,,,,,
Grevenbroich,,,,,,
Lokführer-Streiks,,,,,,
Jadebusen,,,,,,
Dietzenbach,,,,,,
Tagebau Nochten,,,,,,
Meckenbeuren,,,,,,
bayerische Stadt,,,,,,
Gas-Stopp,,,,,,
Kohlekraftwerk Boxb…,,,,,,
Th…,,,,,,
Tiroler Wald,,,,,,
Hilfen,,,,,,
Ennepetal,,,,,,
Emilia,,,,,,
Kinderspital,,,,,,
Broderstorf,,,,,,
Alpenhauptkamms,,,,,,
Hortensien,,,,,,
Taubergrund,,,,,,
Stadt Berlin,,,,,,
Tel Av…,,,,,,
Online-Audio,,,,,,
BLLV,,,,,,
Kreis Donau-Ries,,,,,,
US-Angriffspause,,,,,,
Energieträgern,,,,,,
Hochwassermeldepegeln,,,,,,
kriegsgebeutelte Land,,,,,,
Halle-Saale-Schleife,,,,,,
Enerhodar,,,,,,
Brause,,,,,,
Flutkatastrophe in Valencia,,,,,,
Kreis Dithmarschen,,,,,,
Kuchen,,,,,,
HafenCity,,,,,,
Nuss-Nougat-Cremes,,,,,,
Jahresverbrauchs,,,,,,
Kältenetze,,,,,,
Landkreise,,,,,,
Steigende Wasserstände für Rhein,,,,,,
Chefcoach,,,,,,
Westafrika,,,,,,
Heidenheimer,,,,,,
Corona-Impfpflicht,,,,,,
Mährisch-Schönberg,,,,,,
Schnäppchen-Jagd,,,,,,
Landkreis Wunsiedel im Fichtelgebirge,,,,,,
Landkreis Cham,,,,,,
Prager Straße,,,,,,
Sicht,,,,,,
Weiße Weihnachten,,,,,,
SchneemÃ¤nner,,,,,,
Rentiere,,,,,,
Clan-Aussteigerprogramm,,,,,,
Landkreis Weilheim-Schongau,,,,,,
Hausdach,,,,,,
Baerbock,,,,,,
Lübbenau,,,,,,
Wasserstände von Rhein,,,,,,
Pfeifhasen,,,,,,
Statistische Landesamt am Montag,,,,,,
Stern,,,,,,
Caschys Blog,,,,,,
Kalenderwoche,,,,,,
Apothekerverbands,,,,,,
Datenschutz,,,,,,
Kriegsmadrigale,,,,,,
Warme Bässe,,,,,,
Doha,,,,,,
Hérault,,,,,,
Idaho,,,,,,
Aichach-Friedberg,,,,,,
Spendenkonto,,,,,,
Bezirk Spandau,,,,,,
Kinder-Interview,,,,,,
Familienzoff-Blues,,,,,,
Lebensmittelriesen Kaufland,,,,,,
Gasumlage,,,,,,
Berlin-Brandenburg,,,,,,
Hessen-Thüringen,,,,,,
Schloss Pfaueninsel,,,,,,
Bodental,,,,,,
Landkreis Bad Kreuznach,,,,,,
Ennepe-Ruhr-Kreis,,,,,,
Leitungen,,,,,,
St. Gallen,,,,,,
Xmas-Tunes,,,,,,
Land …,,,,,,
Thermometer,,,,,,
Müggendorf,,,,,,
Schimmel-Haus,,,,,,
Youtuber,,,,,,
Softair-Pistole,,,,,,
Bagdad,,,,,,
Landes Nordrhein-Westfalen,,,,,,
Arc Raiders,,,,,,
Straße im Winter,,,,,,
Winterurlaubspläne,,,,,,
na…,,,,,,
Schwelm,,,,,,
Bankkonto,,,,,,
Arabischen Golf,,,,,,
Dresdner City,,,,,,
Aug…,,,,,,
Technische Museum Wien,,,,,,
Los Penitentes,,,,,,
Hergang,,,,,,
Haus auf Sizilien,,,,,,
WG-Zimmer-Suche,,,,,,
Eberl,,,,,,
Luxkogel,,,,,,
Spittal an der Drau,,,,,,
Wojnarowa,,,,,,
Endlosschleife,,,,,,
Steglitz,,,,,,
Spardose,,,,,,
Gummistiefel-Wetter,,,,,,
Flüssiggas-Markt,,,,,,
(58) vor Gericht,,,,,,
Ostseenähe,,,,,,
Demmin,,,,,,
Sherpas,,,,,,
Fürsorge,,,,,,
Rüdiger Browatzke,,,,,,
Schneekugeln,,,,,,
Lausitz Festival,,,,,,
Eile,,,,,,
(35,,,,,,
Markredwitz,,,,,,
(58),,,,,,
Todesursachen,,,,,,
Zeit kratzen,,,,,,
Sarajevo,,,,,,
Naturgefahrenportal,,,,,,
Adventskränzen,,,,,,
Lein,,,,,,
Entwicklungen,,,,,,
Kreis Herzogtum Lauenburg,,,,,,
Langenargen,,,,,,
Steg,,,,,,
Akku,,,,,,
Niedergailbach,,,,,,
Krk,,,,,,
Nord-Stream-Anschläge,,,,,,
Gelnhausen,,,,,,
Netzbetreiber,,,,,,
Anif,,,,,,
Saratov,,,,,,
bayerischen Landtag,,,,,,
Hambühren,,,,,,
Winter-Prognosen,,,,,,
Mütze,,,,,,
Eigenheims,,,,,,
Wetterwarnung,,,,,,
Duftkerzen,,,,,,
Fluss-Hochwasser,,,,,,
Gründau,,,,,,
Fuße,,,,,,
Roms,,,,,,
Messgeschichte,,,,,,
Russen-Gas,,,,,,
Bundesniveau,,,,,,
Stadt Darna,,,,,,
Welle,,,,,,
Corona-Welle,,,,,,
Heizkostenhilfen,,,,,,
Kreis Mansfeld-Südharz,,,,,,
Landkreis Grafschaft Bentheim,,,,,,
Landkreis Leipzig,,,,,,
Cortina d’Ampezzo,,,,,,
Rekordgewinne,,,,,,
Verfassungsgericht,,,,,,
Reinickendorf,,,,,,
Mün…,,,,,,
Spartan Race,,,,,,
Rio de Janeiro,,,,,,
Hitzewelle,,,,,,
Landkreis …,,,,,,
Monatswechsel,,,,,,
Landkreis Celle“,,,,,,
Schrobenhausen,,,,,,
Winter-IQ-Test,,,,,,
Nordendorf,,,,,,
Winter-IQ-Test kannst du,,,,,,
Autobahn A7,,,,,,
Äste,,,,,,
Colditz,,,,,,
Ramstein,,,,,,
Osnabrücker Innenstadt,,,,,,
Limit,,,,,,
Gasreserve,,,,,,
Ratzeburg,,,,,,
Berliner Gastro-Szene,,,,,,
Wannsee,,,,,,
Straßen-Behinderungen,,,,,,
Skateboard-Action,,,,,,
Auen,,,,,,
Mare de Déu de les Neus,,,,,,
Tiefsee,,,,,,
Streudienste,,,,,,
Meerwasserbecken,,,,,,
Munitionslager,,,,,,
Kreml Völkermord,,,,,,
Le Havre,,,,,,
Nikolaustag,,,,,,
Schultoilette,,,,,,
Ingelheimer Aue,,,,,,
Santa Maria Maggiore,,,,,,
Marler,,,,,,
Bündner,,,,,,
Inseln,,,,,,
Hackerbrücke,,,,,,
Subventionen,,,,,,
Pollensaison,,,,,,
Oak Ridge National Laboratory,,,,,,
Frost-Prognose,,,,,,
Hannover-Berlin,,,,,,
Sofia,,,,,,
Chirurg,,,,,,
Knallfarben,,,,,,
Nordbaden,,,,,,
Welt-Aids-Tag,,,,,,
Winter-Aus,,,,,,
Brandenburgische Lausitz,,,,,,
Universums,,,,,,
Reise,,,,,,
Bergen Japans,,,,,,
Rettenbach,,,,,,
Jerichow,,,,,,
Med-Uni Wien,,,,,,
LNG-Infrastruktur,,,,,,
Gaspreisebremse,,,,,,
schaffst du,,,,,,
Popcorn,,,,,,
Elektro-Grills,,,,,,
Tefal,,,,,,
Erpersdorf,,,,,,
Wunschzettel,,,,,,
Galgenberg von,,,,,,
Klima-Protest,,,,,,
Jütland,,,,,,
Trient Schnee,,,,,,
Smog,,,,,,
Stadt Nürnberg,,,,,,
Dnipropetrowsk,,,,,,
Gas-Alarmstufe,,,,,,
Breitehorn,,,,,,
Paderborner Dom,,,,,,
Landkreis Jerichower Land,,,,,,
Pineios,,,,,,
Monaco,,,,,,
Stadt Ahlen,,,,,,
Umweltschäden,,,,,,
Andernach,,,,,,
Möbel,,,,,,
Bodø/Glimt,,,,,,
Bodrum,,,,,,
Meldestufen,,,,,,
Winter-Blockbuster,,,,,,
Bürgerkriegsland Libyen,,,,,,
Deepfake,,,,,,
Laubbäume,,,,,,
Studierendenwerk Hamburg,,,,,,
Kinderkommission,,,,,,
Netzgebühren,,,,,,
Potsdam/Berlin,,,,,,
Strom- und Gastarifen,,,,,,
nordafrikanischen Land,,,,,,
Rekordständen,,,,,,
Horror-Haus,,,,,,
Hitze-Rekorden,,,,,,
Zürichsee,,,,,,
Badesee,,,,,,
Polizeiwache,,,,,,
Ha…,,,,,,
viadonau,,,,,,
Geräten,,,,,,
Schneekristalle,,,,,,
Bildungskatastrophe,,,,,,
Mariahilf-Grundschule,,,,,,
Tempelhof,,,,,,
Statistische Bundesamt am Donnerstag,,,,,,
Kindermediziner,,,,,,
Quiteria,,,,,,
Wedding,,,,,,
Afrikanischen Viertel,,,,,,
Wohngeldes,,,,,,
Fondue,,,,,,
Palmela,,,,,,
Flutkatastrophe in Griechenland,,,,,,
Flüssiggas-Terminals,,,,,,
Oberkochen,,,,,,
Handys,,,,,,
Paus,,,,,,
Schne…,,,,,,
Telegram,,,,,,
Sattel-Hochstuckli,,,,,,
Lebensmittelproduktion,,,,,,
Büchern,,,,,,
Minustemperaturen,,,,,,
Turnschuhen,,,,,,
Partenen,,,,,,
Sorgearbeit,,,,,,
Silvretta-Hochalpenstraße,,,,,,
Todesfalles,,,,,,
Spas,,,,,,
Terroranschlägen,,,,,,
Eppertshausen,,,,,,
regennasser Fahrbahn,,,,,,
Wellnessoasen,,,,,,
Tankrabatt-Start,,,,,,
Doppel-Wumms,,,,,,
Einlassstopp,,,,,,
Wacken,,,,,,
Hohen Tatra,,,,,,
Osttirol,,,,,,
Gemälden,,,,,,
Spitzenreitern,,,,,,
Weltkulturerbe Völklinger Hütte,,,,,,
Nürnberger Land,,,,,,
Schweriner Zoo,,,,,,
Herthas,,,,,,
Tierheim,,,,,,
Anzeigetafeln,,,,,,
New Mexico,,,,,,
Kletterwand,,,,,,
Steckbrief,,,,,,
Straubing,,,,,,
Kontinents,,,,,,
Münsteraner,,,,,,
Kaiserzeit,,,,,,
Landkreis Nordwestmecklenburg,,,,,,
La Gomera,,,,,,
Wasserstände an Rhein,,,,,,
Mittellandkanals,,,,,,
Gefahrensituationen,,,,,,
Wasserstoff-Anlagen,,,,,,
Anschlägen,,,,,,
Downing Street,,,,,,
Uniper am Abgrund,,,,,,
Niger-Putsch,,,,,,
Gasverbrauch,,,,,,
WM-Winter,,,,,,
Abwärme,,,,,,
Gurk,,,,,,
Sulm,,,,,,
Volleinsatz,,,,,,
Tarmstedt,,,,,,
Stade Napoleon,,,,,,
Prinz-Georg-Straße,,,,,,
Landkreis Rotenburg,,,,,,
Spritreserven,,,,,,
Ski-Urlaub,,,,,,
Tallinns,,,,,,
Regierungswechsel,,,,,,
Kartenhäuser,,,,,,
Ellens,,,,,,
Zipsendorfer bluechip-Arena,,,,,,
Langlauf,,,,,,
Maulwürfe,,,,,,
Landgericht Traunstein,,,,,,
Strickpullover,,,,,,
Vonovia-Mieter,,,,,,
Görz,,,,,,
Windrädern,,,,,,
Illerkirchberg,,,,,,
Rumpel-Haus,,,,,,
Rodelspaß,,,,,,
Liftwärter,,,,,,
Krisenstäben,,,,,,
Plattberg,,,,,,
Bezirk Reutte,,,,,,
Erdgas,,,,,,
"Norwegen
",,,,,,
Bahn-Pendler,,,,,,
GOG,,,,,,
Landkreis Dillingen an der Donau,,,,,,
Große Krankenhäuser,,,,,,
Gewobag,,,,,,
Save,,,,,,
Havarien,,,,,,
Pokal-Kohle,,,,,,
Winterdienste,,,,,,
Bundesbürgerinnen,,,,,,
vorbeigeschrammt,,,,,,
Winterschlafmodus,,,,,,
Niedersachsens Flüssen,,,,,,
Weltcup-Finale,,,,,,
Schwellenländern,,,,,,
Kreis Prignitz,,,,,,
Große Preisunterschiede,,,,,,
Cinema-Connaisseure,,,,,,
Breakup-Pop à la Lana Del Rey,,,,,,
Notgepäck,,,,,,
weiterlesenDie,,,,,,
Messi,,,,,,
Feldern,,,,,,
Wochenlang,,,,,,
Südchina,,,,,,
Tolstoi,,,,,,
Parsifal,,,,,,
Wochenwechsel,,,,,,
Baar,,,,,,
Ulan Bator,,,,,,
Haus von Schnee und Eis,,,,,,
Sandhausen,,,,,,
Siemens-Chef Busch,,,,,,
Uni Hamburg,,,,,,
Quito,,,,,,
russischen Regierung,,,,,,
Leerstand,,,,,,
Klimaschutzgründen,,,,,,
Subsahara-Afrika Enterobakterien,,,,,,
Winter-Volksfest,,,,,,
Steinburg,,,,,,
Hilfszahlungen,,,,,,
Grünen-Chef,,,,,,
gekomm…,,,,,,
Pegel des Inn,,,,,,
Hochwasserwellen,,,,,,
Vonn,,,,,,
Stadt Offenbach,,,,,,
Tjumen,,,,,,
Wind,,,,,,
Schiefergestein,,,,,,
Gasterminals,,,,,,
Dow,,,,,,
November-Zahlen,,,,,,
Göppinger Wald,,,,,,
Sansibar-Archipel,,,,,,
Einkommen,,,,,,
Immobilienpreisen,,,,,,
Union-Abgang,,,,,,
Feuerwehr-Einsatz,,,,,,
Nahe,,,,,,
Flutkatastrophe im Himalaya,,,,,,
Ansätzen,,,,,,
Pegel am Rhein,,,,,,
Kaub,,,,,,
Ostregion,,,,,,
Nova Scotia,,,,,,
Gesundheitsrisiken,,,,,,
Kuusamo,,,,,,
Hochwasserschutzes,,,,,,
Bildungsbericht,,,,,,
Verkehrsbetriebe,,,,,,
Blons,,,,,,
Kabel,,,,,,
Kohletagebau Turow,,,,,,
Hoss,,,,,,
Winter-Blackout,,,,,,
Vorarlbergs,,,,,,
Bedarfs,,,,,,
Sky,,,,,,
Denkzettel,,,,,,
Ober-,,,,,,
Bergbaufolgesanierung,,,,,,
Ternopil,,,,,,
Sonnabend,,,,,,
Börsen-Tag,,,,,,
Gesundheitsproblemen,,,,,,
Metern Seehöhe,,,,,,
Milchstraße,,,,,,
Transitstreits,,,,,,
Steglitzer Kreisel,,,,,,
Polizeieinsatz,,,,,,
Homburg,,,,,,
Fürstenfeldbruck Luzienhäuschen,,,,,,
Promi-Nachwuchs,,,,,,
Los,,,,,,
Vox,,,,,,
Speyer,,,,,,
Totgeburten,,,,,,
Eises,,,,,,
Südrussland,,,,,,
Baden-Württemberger,,,,,,
Maxau,,,,,,
Bonner Haus,,,,,,
Dachau,,,,,,
Reifenwahl,,,,,,
Suezkanal,,,,,,
Hilpoltstein,,,,,,
Plau,,,,,,
Ermittlungsstand,,,,,,
Pegelst…,,,,,,
Sommerreichweite,,,,,,
Kinderschar,,,,,,
Kinderschänder,,,,,,
Sturzflut,,,,,,
Elversberg,,,,,,
Frankfurter Tor,,,,,,
Detmolder,,,,,,
Pflegeheimbewohner,,,,,,
Pekings,,,,,,
Luma,,,,,,
Nahostkonflikt,,,,,,
Disney-Klassikers,,,,,,
Donauinsel,,,,,,
Pfaffenhofen,,,,,,
Grenzstadt,,,,,,
Wörthersee,,,,,,
Kraftwerk Ibbenbüren - Wind,,,,,,
Wiener Musikvereins,,,,,,
Buben,,,,,,
Ibbenbüren,,,,,,
Dopingsperre,,,,,,
Jungfernstieg,,,,,,
Bundeshaushalt,,,,,,
Skiarena,,,,,,
Würzburger Hauptbahnhof,,,,,,
Frauenhaus,,,,,,
Bundesliga-Coach,,,,,,
Sulfurylfluorid,,,,,,
Engpass,,,,,,
Bottrop Kokereigas,,,,,,
Friedrichshain-Kreuzberg,,,,,,
Königreich Saudi-Arabien,,,,,,
Gl…,,,,,,
’s,,,,,,
Gastarife,,,,,,
Potsdam-Institut,,,,,,
Actiongenre,,,,,,
Murgängen,,,,,,
US-Haushalte,,,,,,
Kraniche,,,,,,
Westerwald,,,,,,
Montana,,,,,,
W600,,,,,,
Aqara Radiator,,,,,,
Donau-Hochwasser,,,,,,
Regen-Rumms,,,,,,
Social-Media-Sperre,,,,,,
Pilztal,,,,,,
Aldi,,,,,,
rosa,,,,,,
Obersteiermark,,,,,,
Internetleitungen,,,,,,
Amt …,,,,,,
Kane-Ersatz,,,,,,
Ergun City,,,,,,
Krasavice,,,,,,
Pocher,,,,,,
Hörspiel-Kopfhörer,,,,,,
Klüssendorf,,,,,,
Deutschlands Emissionen,,,,,,
Drau,,,,,,
Datenleck,,,,,,
Militärweltspielen,,,,,,
Bezirk Güssing,,,,,,
Jennersdorf,,,,,,
Güssing,,,,,,
Gazprom-Konzern,,,,,,
Sankt Petersburg,,,,,,
Improvisierens,,,,,,
Nord-Stream-Gaspipelines,,,,,,
Stanz,,,,,,
Obersteirische,,,,,,
Amseln,,,,,,
Hochwasserschutz für Hallein,,,,,,
Omachi,,,,,,
Brücke,,,,,,
Zeven,,,,,,
Toyama,,,,,,
Bernstein-Kinder,,,,,,
Nasen-Kritik,,,,,,
Eintracht-Boss,,,,,,
Japanischen Alpen,,,,,,
Tateyama-Kurobe-Alpenroute,,,,,,
Japans Alpen,,,,,,
Hilfsgütern,,,,,,
Gastransit-Streit,,,,,,
Petrovice,,,,,,
Mädchen,,,,,,
Richter-Skala,,,,,,
Stromversorger,,,,,,
Anfängern,,,,,,
Bordbistro,,,,,,
Wetzlar,,,,,,
Plattling,,,,,,
Pöbeleien,,,,,,
Richtlinien,,,,,,
Ebersdorf bei Coburg,,,,,,
Rhein-Sieg-Kreis,,,,,,
Landkreis Cuxhaven,,,,,,
Riwne,,,,,,
Sauerteig,,,,,,
Klinikum,,,,,,
Adnoc,,,,,,
Babenhausen,,,,,,
Bodenseeufer,,,,,,
Flusses Guadalupe,,,,,,
Intercity-Zug,,,,,,
Kiew Winterhilfe,,,,,,
US-Gesundheitsminister,,,,,,
Verbräuche,,,,,,
Sonnenbrillen,,,,,,
Kühlsysteme,,,,,,
Marathonverhandlungen,,,,,,
Napapiiri,,,,,,
ProSiebenSat.1,,,,,,
Brandenburger Tor,,,,,,
Götze-Zukunft,,,,,,
Mini-Kernkraftwerken,,,,,,
Nebenflüssen,,,,,,
Plau am See,,,,,,
Winter-Spaß,,,,,,
Dreikönigstag,,,,,,
Onlineshopping,,,,,,
China-Gadgets,,,,,,
Landkreis Stade,,,,,,
Farn,,,,,,
Badesees,,,,,,
Kli­ma­ak­tivis­t,,,,,,
Nutzerzahlen,,,,,,
Neuseelands,,,,,,
Washington D.C.,,,,,,
Rosenkohl,,,,,,
Garbsen,,,,,,
(38,,,,,,
Kapitalmarkt,,,,,,
Tankerstau,,,,,,
Steuerlast,,,,,,
Taubenkobel-Chef Alain Weissgerber,,,,,,
Berge,,,,,,
Mischendorf,,,,,,
Streitfällen,,,,,,
koreanischen Halbinsel,,,,,,
Alpenrhein,,,,,,
Liechtenstein,,,,,,
Torfhaus,,,,,,
Bredouille,,,,,,
Adventswochenende,,,,,,
Kälte-Tod,,,,,,
Männern,,,,,,
Scheune,,,,,,
Ölembargo,,,,,,
Getränken,,,,,,
Norderstedter,,,,,,
ukrainischen Regierung,,,,,,
Bereichs Kerr County,,,,,,
Rutsch-Wetter,,,,,,
Granate,,,,,,
Felsstürzen,,,,,,
Silicon Valley,,,,,,
Bädern,,,,,,
Kinderkrankenhaus Bambino Gesù,,,,,,
Naumburg,,,,,,
Bundesarchiv,,,,,,
Rheintal,,,,,,
Stellplatz,,,,,,
Bergstation,,,,,,
Kanzler Marz,,,,,,
Forsythien,,,,,,
Steyr,,,,,,
Kopfzerbrechen,,,,,,
Luna,,,,,,
Wetter-Tic…,,,,,,
Bezirk Urfahr-Umgebung,,,,,,
Hamburg-Wilhelmsburg,,,,,,
Countdown,,,,,,
Spotifys,,,,,,
St. Paul im Lavanttal,,,,,,
Lyman,,,,,,
Gestalterinnen,,,,,,
Hochkar,,,,,,
Latschin-Korridors,,,,,,
Stadt Dornbirn,,,,,,
Risikogruppen,,,,,,
Nutzen,,,,,,
Kohlekraftwerk Helen,,,,,,
April-Wetter,,,,,,
Südwestens,,,,,,
europäische Strompreis,,,,,,
Herne,,,,,,
Verstößen,,,,,,
Supermarktregal,,,,,,
Kulissen,,,,,,
Selke,,,,,,
Wochenausklang,,,,,,
Finanzhaus,,,,,,
Sechsjährigem,,,,,,
Bremervörde,,,,,,
Euro-Inflation,,,,,,
Erntehochsaison,,,,,,
Wassergesetzes,,,,,,
Berlin-Hermsdorf,,,,,,
Betonwerk,,,,,,
Wassergesetz,,,,,,
Sachsen-Anhalts Kitas,,,,,,
Ulmer,,,,,,
Ferienlagern,,,,,,
Museum,,,,,,
Autobahn GmbH des Bundes,,,,,,
St. Pölten-Harland,,,,,,
Giganten-Gipfel,,,,,,
Haakon,,,,,,
Schokoladiger Hype,,,,,,
Partei-Insider,,,,,,
Tagebau Garzweiler II,,,,,,
Umweltverbänden,,,,,,
Vier-Jahres-Tief,,,,,,
Experten-Tipps,,,,,,
Winter-Check,,,,,,
Schneider,,,,,,
Rollfeld,,,,,,
Ostseestadion,,,,,,
Rentenerhöhungen,,,,,,
Witten,,,,,,
Austro-Gasimporten,,,,,,
Biathlon-Staffeln,,,,,,
Flughafen Leipzig,,,,,,
Paris St. Germain,,,,,,
Artenschutz,,,,,,
Tromsø,,,,,,
Neusiedl am See,,,,,,
Cybercrime,,,,,,
Skitour,,,,,,
Siri,,,,,,
Gasflasche falsch,,,,,,
Tal“,,,,,,
Borkum Gas,,,,,,
Ski Aggu,,,,,,
Buchhandlungen,,,,,,
Bärenpark,,,,,,
Wilhelmshaven Flüssigerdgas,,,,,,
Botanische Garten,,,,,,
Bezirksregierung Düsseldorf,,,,,,
Gas-Anlage,,,,,,
Bund-Länder-Gipfel,,,,,,
Lissabons,,,,,,
Hüftgurt,,,,,,
Rätselfreunden,,,,,,
Heizkostenabrechnungen,,,,,,
Spitzenreiter Bremen - Wo,,,,,,
Provinz,,,,,,
Brustgeschirr,,,,,,
Müllberge,,,,,,
Heizlüfter,,,,,,
Flusses Ural,,,,,,
Canicross,,,,,,
Insel Fogo,,,,,,
Ankara,,,,,,
Scharm al-Scheich,,,,,,
Smileys,,,,,,
Energiekonzern Gasag,,,,,,
Gasnotstand,,,,,,
Magdeburger Dom,,,,,,
Taifun Halong,,,,,,
Provinz Henan,,,,,,
Anyang,,,,,,
Zermatt-Cervinia,,,,,,
Gaspipelines,,,,,,
Schwerindustrie global,,,,,,
Rabattaktion,,,,,,
Heizbedarf,,,,,,
Krisenvorsorge,,,,,,
Ramstein-Format,,,,,,
Pähler,,,,,,
Gasmarkt in Europa,,,,,,
Stadthagen,,,,,,
Adlershof,,,,,,
Problem-Bezirk,,,,,,
Preisdeckel,,,,,,
Entlastungen,,,,,,
Landesamt für Hochwasserschutz,,,,,,
malaysischen Insel,,,,,,
Stadtplatz,,,,,,
Interimstrainer,,,,,,
Berchtesgadener Alpen,,,,,,
durchleiten,,,,,,
Halloween-Tour,,,,,,
L…,,,,,,
Apotheke,,,,,,
Kufstein,,,,,,
Dauerschneefall,,,,,,
Energiepreiskrise,,,,,,
Feuewehreinsatz,,,,,,
Blackout Iberische Halbinsel,,,,,,
Braukonzern,,,,,,
Flutschutztore,,,,,,
Sihl,,,,,,
Elektroheizungen,,,,,,
Roboter,,,,,,
Heizkurve,,,,,,
Teile Frankreichs,,,,,,
Kreis Hildburghausen,,,,,,
Bozner Platz,,,,,,
Einsatzpläne,,,,,,
Ameisen,,,,,,
Tur…,,,,,,
Rückenwind,,,,,,
Hermsdorf,,,,,,
Frühlingssonne,,,,,,
machst du,,,,,,
Taunusstein,,,,,,
Bayern-Star,,,,,,
Brauneck-Bergbahn,,,,,,
Awdijiwka,,,,,,
Meldungen,,,,,,
Grand Elysée,,,,,,
Kita-Preis,,,,,,
AfD-Politiker,,,,,,
Warentest,,,,,,
Wechselrichtern,,,,,,
Konzerns,,,,,,
Enzkreis,,,,,,
Panbari,,,,,,
Neuköllner,,,,,,
Methan-Konzentration,,,,,,
Heidenheim an der Brenz,,,,,,
Lübecker Bahnhof,,,,,,
Spieleherbst,,,,,,
Bergsträsser,,,,,,
Haus in Türkei,,,,,,
Gastro-Szene,,,,,,
Krankenhaus-Schließungen,,,,,,
Coesfeld,,,,,,
Bedrohungsszenarien,,,,,,
Spanien-Blackout,,,,,,
Südeuropas,,,,,,
Friends and Fools am Arlberg,,,,,,
Marinka,,,,,,
Landeshälfte,,,,,,
Havarie,,,,,,
Rügens,,,,,,
Elbenwald,,,,,,
Vorkrisenzeitraum,,,,,,
Kelten,,,,,,
lange Zeit,,,,,,
Arbeitsweg,,,,,,
Golfstaaten,,,,,,
<em,,,,,,
Unglücksfälle,,,,,,
Bad Doberan,,,,,,
Weniger-ist-mehr-Prinzip,,,,,,
Spartage,,,,,,
Vorgarten,,,,,,
Hydrographischen Dienst des Landes,,,,,,
Meghan,,,,,,
Münchner Vorstädtern,,,,,,
Ostpakistan,,,,,,
Reaktors,,,,,,
UN-Botschafter,,,,,,
Basislager,,,,,,
Emilia Romagna,,,,,,
Parma,,,,,,
Müllsammeln Skelettteile,,,,,,
Kloten,,,,,,
Kernkraftwerks Isar 2,,,,,,
Gas-Hilfe,,,,,,
Hisense,,,,,,
Fernreiseboom,,,,,,
Kontiolahti,,,,,,
Abrissbirne,,,,,,
Reichenberger Straße,,,,,,
Kühlturm,,,,,,
Erzgebirges,,,,,,
Online-Elternabend,,,,,,
Geheimdienste,,,,,,
Erlösung,,,,,,
Varzi,,,,,,
Klimaschutz-Bekenntnis,,,,,,
Wiener Donauinselfestes,,,,,,
Rechnungen,,,,,,
Ferlach,,,,,,
Universitätsklinikum des Saarlandes,,,,,,
Neustadt bei Coburg,,,,,,
Lainsitz,,,,,,
Leseprobe,,,,,,
Kreis Waldeck-Frankenberg,,,,,,
Gas-Heizungen,,,,,,
Holz,,,,,,
Bayreuther,,,,,,
Kohlekonzerne,,,,,,
Gäste,,,,,,
unbeständug,,,,,,
Rädern,,,,,,
Menschenhandel,,,,,,
Nordsee-Ölsorte Brent,,,,,,
Schloss Charlottenburg,,,,,,
Max-Joseph-Platz,,,,,,
Wurfplatz,,,,,,
A12,,,,,,
Winterliches Bayern,,,,,,
Millionär,,,,,,
Genderklischees,,,,,,
Amorbach,,,,,,
Bundesländern,,,,,,
Skilifte,,,,,,
Hochsauerland,,,,,,
Börsianer,,,,,,
österreichischen Bergen,,,,,,
Lautern,,,,,,
Berggipfeln,,,,,,
Heimen,,,,,,
Bundeslandes,,,,,,
Energiespargründen,,,,,,
Klitschko,,,,,,
Beratungsstellen,,,,,,
runtergedreht,,,,,,
spanischen Küste,,,,,,
Salt Lake City,,,,,,
Energiepreispauschale,,,,,,
schneeglatter Fahrbahn,,,,,,
Autobahn 4,,,,,,
Quebec,,,,,,
Bergheim,,,,,,
Hauptanlaufstelle für Drogensüchtige,,,,,,
Drei-Sterne-Hotel,,,,,,
Gaskondensat,,,,,,
Biker-Outfit,,,,,,
Staatskonzern,,,,,,
Nahostkonflikts,,,,,,
Heizölpreise,,,,,,
"Minister für Klima, Energie und Umwelt",,,,,,
Indischen Ozeans,,,,,,
Hohenems,,,,,,
Sitzenberg-Reidling,,,,,,
Kinder-Therapie,,,,,,
Badezimmerkacheln,,,,,,
Jahresviertel,,,,,,
Bremsmanöver,,,,,,
Bayerischen Zugspitzbahn,,,,,,
Zugspitze,,,,,,
Wiesbauer,,,,,,
Gaspreises,,,,,,
Hohe Energiepreise,,,,,,
Krankenstand,,,,,,
Sorgerechtsdrama in der Steakhaus-Dynastie,,,,,,
Behinderungen,,,,,,
Ausschreibungen,,,,,,
Winter-Spektakels,,,,,,
Winterstau,,,,,,
Fraktionschef,,,,,,
Gefilde,,,,,,
Kreis Warendorf,,,,,,
Werra,,,,,,
Mauritius,,,,,,
Schichtwechsel,,,,,,
Minutentakt,,,,,,
Eva Horn,,,,,,
Las Vegas Raiders,,,,,,
Bad Kreuznach,,,,,,
Hippokrates,,,,,,
Demo am Rotkreuzplatz,,,,,,
Nikolauspostamt,,,,,,
Sylt-Fähren,,,,,,
Aristoteles,,,,,,
Oct,,,,,,
BERLIN,,,,,,
Raiffeisenbanken,,,,,,
Öko-Strom,,,,,,
Sommerwochenende,,,,,,
Sonntag Schnee,,,,,,
Wochenendes,,,,,,
Nächtigungszahlen,,,,,,
Holzminden,,,,,,
Chefkoch,,,,,,
Fürstliche Residenzschloss,,,,,,
Deutschlands Biathlon-Männer,,,,,,
Wagenknecht,,,,,,
Nord-Stream-Verdächtigem,,,,,,
Planetariums Jena,,,,,,
Jenaer,,,,,,
Hüpfburg von Windböe,,,,,,
Berlin-Friedrichsfelde,,,,,,
Geiseln,,,,,,
Zwetschgenkuchen,,,,,,
Region Stuttgart,,,,,,
Weltcup-Slalom,,,,,,
Bürger,,,,,,
Skifahrer,,,,,,
Bezirk Kufstein,,,,,,
Brandenberger Ache,,,,,,
Remshalden,,,,,,
Lesetour,,,,,,
Camper,,,,,,
Planai,,,,,,
Kühlanlage,,,,,,
Rekordwert,,,,,,
sol…,,,,,,
St. Anton,,,,,,
Scheibbs,,,,,,
Handyverbot,,,,,,
Mecklenburger,,,,,,
Streaming-Angebot,,,,,,
Kreises Olpe,,,,,,
Rollkragenpullover,,,,,,
Kohlekraftwerk Jänschwalde,,,,,,
Wowtschansk,,,,,,
Krim-Brücke,,,,,,
Ebersberger,,,,,,
Mayschoß,,,,,,
Arve,,,,,,
Rio Grande do Sul,,,,,,
Tesla-Fabrik,,,,,,
Braus,,,,,,
Stromausfalls,,,,,,
Saus,,,,,,
Schulstaub,,,,,,
Todtnau,,,,,,
Lieblingsinsel,,,,,,
Produktivitätsrätsel,,,,,,
Glatteis-Horror,,,,,,
Technischen Uni Berlin,,,,,,
Atomkraft,,,,,,
Marktheidenfeld,,,,,,
Haasenburg GmbH,,,,,,
krachen,,,,,,
Kohlerevier West Virginias,,,,,,
Land Brandenburg,,,,,,
Unterschiede,,,,,,
Schiermonnikoog,,,,,,
Himalaja-Gebirge,,,,,,
Schopenhauerstraße,,,,,,
Sibiriens,,,,,,
Gas-,,,,,,
Regenmenge,,,,,,
Klinikum Großhadern,,,,,,
Bundesamtes für Schifffahrt und Hydrographie,,,,,,
Energiepark Hafen,,,,,,
Deutschlands Chemiebranche,,,,,,
Gateshead,,,,,,
Strom- und Gaspreisbremse,,,,,,
Tobol,,,,,,
Meeresgrund,,,,,,
Leser-Debatte,,,,,,
Kindergartens,,,,,,
Urlaub,,,,,,
Winter-Abgänge,,,,,,
FIS,,,,,,
Weltcup-Bühne,,,,,,
Kandel,,,,,,
Zoo,,,,,,
Hagener Straße,,,,,,
Hochwasserschutzprojekt,,,,,,
Atomkraftwerks Fukushima,,,,,,
Regenwälder,,,,,,
Restaurant,,,,,,
Sharm El-Sheikh,,,,,,
Baum am Freitagabend,,,,,,
Lustenau,,,,,,
Land Schleswig-Holstein,,,,,,
Bayerischen Tourismustag,,,,,,
Thüringer Autobahnen,,,,,,
Hamas-Geiseln,,,,,,
Mount Everest Region,,,,,,
Ärztekammer,,,,,,
Brüssel/Bonn,,,,,,
Lanzarote,,,,,,
beschneien,,,,,,
Huskys,,,,,,
Berlin-Adlershof,,,,,,
Huronsee,,,,,,
Buslinien,,,,,,
Alten Botanischen Garten,,,,,,
Vereini…,,,,,,
Oklahoma,,,,,,
Arkansas,,,,,,
Annina,,,,,,
Engelberg,,,,,,
Michigansee,,,,,,
Druckabfall,,,,,,
Brakel,,,,,,
Baggerunfall,,,,,,
schneeglatten,,,,,,
Hungersnot,,,,,,
Winterhilfen,,,,,,
Schmid-Transfer,,,,,,
Tagesspiegel-Fragebogen,,,,,,
Blackout-Angst,,,,,,
Podium - Österreich,,,,,,
Laiza,,,,,,
Fort Myers,,,,,,
Dönerfabrik,,,,,,
Bakterien,,,,,,
Nordlondoner,,,,,,
Südsibirien,,,,,,
Hamburger S-Bahn,,,,,,
Lehren,,,,,,
Lawinenwarndienst Bayern,,,,,,
Bahrain,,,,,,
Renaissance-Theater,,,,,,
Hasen-Outfits,,,,,,
Nervenzusammenbruchs,,,,,,
Pipeline behausen,,,,,,
britische Gemeinschaft,,,,,,
Kibbuz,,,,,,
Industriebetriebe,,,,,,
Gasspeicher-Füllstand,,,,,,
Hinterstoder,,,,,,
Berlin-Lichterfelde,,,,,,
Aland,,,,,,
Ranstadt,,,,,,
Jeetze,,,,,,
Berlin/Saarbrücken,,,,,,
Amazon-Angebot,,,,,,
Zerbst,,,,,,
Landeshochwasserzentrum Sachsen,,,,,,
Förderbedarf,,,,,,
Pippi,,,,,,
Bärenkräfte,,,,,,
Riesenschuhe,,,,,,
Erdbeben in der Provinz Herat,,,,,,
Kurpfalz,,,,,,
Notstrom,,,,,,
Wangerooge,,,,,,
Eiskristalle,,,,,,
Zugausfall,,,,,,
Hochwasser-Verschärfung,,,,,,
Fernen Osten,,,,,,
CDU-Chef Merz,,,,,,
Harbig-Stadion,,,,,,
Handy-Blackout,,,,,,
Schmelzwasser,,,,,,
Quak-Attacke,,,,,,
Leweling,,,,,,
Raketen,,,,,,
Erzgebirgs-Gipfel,,,,,,
Genk,,,,,,
Flandern,,,,,,
Erbeskopf,,,,,,
Öl-Kunden,,,,,,
Pflicht-Kita-Jahr,,,,,,
Mitbewohner,,,,,,
Lkw-Unfall,,,,,,
Missbrauch,,,,,,
Samstagmittag,,,,,,
Upamecano,,,,,,
Osterhasen,,,,,,
Berg…,,,,,,
Studierendenwerk Berlin,,,,,,
Bützenich,,,,,,
Skisprung-Schanze,,,,,,
Moderatorinnen,,,,,,
Milliardeneinbußen,,,,,,
Liebenau,,,,,,
Heiligenblut,,,,,,
Hochwasser-Zwischenbilanz,,,,,,
Ländern Berlin,,,,,,
Treibgut,,,,,,
El…,,,,,,
Taree,,,,,,
Salzwassers,,,,,,
Stadt Venedig,,,,,,
Jahresbericht,,,,,,
Bosnien und Kroatien,,,,,,
Sozialhilfen für Kinder,,,,,,
Greystones,,,,,,
Fitness-Studio,,,,,,
Ukraine-Kampagne,,,,,,
Äthiopien,,,,,,
Hochhäderich,,,,,,
Haus der Antilop…,,,,,,
Kohlehalden,,,,,,
Zentrum Kreuzberg,,,,,,
Wahlurne,,,,,,
Kindergarten-Brand,,,,,,
Keutschach,,,,,,
Tylsen,,,,,,
Landkreis Nordhausen,,,,,,
Ausschlag,,,,,,
Provinz Groningen,,,,,,
Wiesn-Party,,,,,,
Barça-Trainer,,,,,,
Barentsburg,,,,,,
Klimakonfernz,,,,,,
Bundesbank,,,,,,
Olympiapark,,,,,,
Kreis Gifhorn,,,,,,
Adria-Land Kroatien,,,,,,
Menschenrechtsgerichtshof,,,,,,
Schweizer Bergen,,,,,,
Walliser Bergen,,,,,,
Papas,,,,,,
Trauerfeier,,,,,,
Silvesterkracher,,,,,,
Landkreis Gifhorn,,,,,,
Gasturbinen-Kraftwerke,,,,,,
L'Aquila,,,,,,
Günzburg,,,,,,
Schetteregg,,,,,,
Unimedizin Magdeburg,,,,,,
Münchner Lokalen,,,,,,
Meran,,,,,,
Winterlaunelieder,,,,,,
Winterflugplan,,,,,,
Elbtal,,,,,,
Betrug</li><li,,,,,,
Hunde,,,,,,
Hohen Tauern,,,,,,
April</li><li,,,,,,
Landkreis Anhalt-Bitterfeld,,,,,,
Jemen,,,,,,
Kreis Schwäbisch Hall,,,,,,
Horror-Unfall,,,,,,
idyllischen Straße,,,,,,
"Hamas-Anführer 
",,,,,,
Dortmunds,,,,,,
Gasumlagen,,,,,,
Aktienkurs,,,,,,
Sorge,,,,,,
Berchtesgadener Bergbahn,,,,,,
Mauerbach,,,,,,
Modetrends,,,,,,
Velden,,,,,,
Chaos,,,,,,
Prozedur,,,,,,
Neudörfl,,,,,,
angeschmissen,,,,,,
Bezirk Melk,,,,,,
Butzbach,,,,,,
Kuriga,,,,,,
Wangen im Allgäu,,,,,,
Haftbefehle,,,,,,
Alleinsein,,,,,,
Donnnerstag,,,,,,
Charleroi,,,,,,
Graben-Neudorf,,,,,,
Massen-Crash,,,,,,
Landkreis Oldenburg,,,,,,
Uelzener,,,,,,
Energieriesen,,,,,,
Kreis Oldenburg,,,,,,
Diss-Tracks,,,,,,
Brüsseler,,,,,,
Gartenjahres,,,,,,
Crecy,,,,,,
Ri,,,,,,
Fensters,,,,,,
Glienicker Brücke,,,,,,
Mineralölkohlenwasserstoffe,,,,,,
Andalusien,,,,,,
Weber-Grill,,,,,,
Landkreis Breisgau-Hochschwarzwald,,,,,,
Rotenburg,,,,,,
Oberwiesenthal am Sonntag,,,,,,
Paul-Maar-Museum,,,,,,
Radfeld,,,,,,
Winterwetter in Deutschland,,,,,,
Winter-Abschiebestopp,,,,,,
Gaststättenbesuch,,,,,,
Schlossgemächern,,,,,,
Schrems,,,,,,
Oberste Gericht der USA,,,,,,
Alten Land,,,,,,
Hauptbahnhof München,,,,,,
Regulierungsbehörde,,,,,,
Gemini,,,,,,
Solms,,,,,,
Berghotel Rudolfshütte,,,,,,
Privat-Haushalte,,,,,,
Tendenz,,,,,,
Leichenfund,,,,,,
Solarmodulen,,,,,,
Körpers,,,,,,
Standorterhalt,,,,,,
Finnisch-Lappland,,,,,,
Neptune,,,,,,
Sabotage,,,,,,
Alpenhauptkammes,,,,,,
Galilei,,,,,,
Jacken Sale,,,,,,
Wintermode,,,,,,
Nordirland,,,,,,
Böllerwurf,,,,,,
Gasmangellage,,,,,,
Ausseerland,,,,,,
Ikkimel,,,,,,
Kleinblittersdorf,,,,,,
Persischen Golf,,,,,,
Hinwil,,,,,,
Brandbrief,,,,,,
Hampshire,,,,,,
Elektrozeitalter,,,,,,
Industriestaaten,,,,,,
Hochwasser-Tagen,,,,,,
STERN.de,,,,,,
O,,,,,,
Groß Glienicke,,,,,,
Einstein,,,,,,
Werder-Fan,,,,,,
Hawking,,,,,,
Hanna,,,,,,
Saalfelden,,,,,,
Idstein,,,,,,
Hitzesommer,,,,,,
Herning,,,,,,
Opferverbände,,,,,,
Löbau,,,,,,
Stadt Orenburg,,,,,,
UN-Kinderhilfswerk,,,,,,
Brandenburgs Wirtschaftsminister,,,,,,
überfluteter Straße,,,,,,
Vertragswechsel,,,,,,
Circo Zoé,,,,,,
Nachschub,,,,,,
Hauswand,,,,,,
Steinberg,,,,,,
Helgoländer Düne,,,,,,
Freizeitskipper,,,,,,
Kegelrobben,,,,,,
Dienstagabend,,,,,,
Krankengeld,,,,,,
Ausweg,,,,,,
Eiscafés,,,,,,
Kita-Brand,,,,,,
Auckland,,,,,,
Theo,,,,,,
Eishalle,,,,,,
Eltern-Kind-Heim,,,,,,
Hochwasserschutz an der Donau,,,,,,
Grünen-Delegierten,,,,,,
Gasunfall,,,,,,
Schulstart,,,,,,
Telefonseelsorge,,,,,,
Parka,,,,,,
Umweltdebatte,,,,,,
Abhang,,,,,,
GrÃ¼ne,,,,,,
Kältetelefon,,,,,,
Kälte-App,,,,,,
entgegenwirkst,,,,,,
Gesamtschäden,,,,,,
Tee,,,,,,
Meta,,,,,,
Autounfälle,,,,,,
Münchner Hauptbahnhof,,,,,,
Eisenstadt,,,,,,
Leberkäse,,,,,,
UN-Klimagipfels,,,,,,
Preises,,,,,,
Zypressen,,,,,,
Halligen,,,,,,
Politik</li></ol,,,,,,
rumsitzt,,,,,,
Spinnweben,,,,,,
Landkreis Schmalkalden-Meiningen,,,,,,
Gasbreisbremse,,,,,,
durchziehender Regen,,,,,,
Rettenbachferner,,,,,,
Abschürfungen,,,,,,
Gleisnähe,,,,,,
Kot,,,,,,
Anpfiff,,,,,,
Kars,,,,,,
Millionen-Höhe,,,,,,
Bettdecke einmummeln,,,,,,
Tankern,,,,,,
Erzurum,,,,,,
Ungemach,,,,,,
Rendsburg,,,,,,
St. Tropez,,,,,,
Obdachlosenunterkünften,,,,,,
Reifenwechseln,,,,,,
Bettwanzen,,,,,,
Hochwasser Millionenschäden,,,,,,
BBK-Chef,,,,,,
Grubenunglück,,,,,,
Baustellen,,,,,,
Minusbereich,,,,,,
Meldestufe,,,,,,
Ani,,,,,,
Kaffee,,,,,,
Kreis Lörrach,,,,,,
Hessens Bergen,,,,,,
Hamas-Chef,,,,,,
Bildschirmzeit,,,,,,
Welterbe-Ruinenstadt,,,,,,
Camping-Würfel à la River,,,,,,
A,,,,,,
Kasten,,,,,,
Main,,,,,,
Stadt Hamburg,,,,,,
Tanne,,,,,,
Spenden-Gala,,,,,,
Schutzkellern,,,,,,
Mont…,,,,,,
Santa Eulària,,,,,,
Bellevarde,,,,,,
Deutsche-Bank-Chef Sewing,,,,,,
Sturm-Chaos,,,,,,
Jammer,,,,,,
Kreis Rendsburg-Eckernförde,,,,,,
Vorreiter,,,,,,
Stand-up-Paddler,,,,,,
Norddeutschland am Samstagmorgen,,,,,,
Krefelder,,,,,,
Ö3-Gemeinde,,,,,,
Nuseirat,,,,,,
Bad Freienwalde,,,,,,
Stadtbereich Schleswig,,,,,,
Hauptschuldigen,,,,,,
Trübsinn,,,,,,
Höchststand der Saale,,,,,,
Süd-Dänemark,,,,,,
Mietschulden,,,,,,
Cochem,,,,,,
Fischland-Darß-Zingst,,,,,,
Trainingsunfall,,,,,,
Simond,,,,,,
Radiator,,,,,,
Bach,,,,,,
Hausmannstätten,,,,,,
Deichs,,,,,,
Berliner Stromnetzes,,,,,,
Ostseewasser,,,,,,
Ägäis,,,,,,
Glitzerschnee,,,,,,
Stürmischer Wind,,,,,,
Hohen Venn,,,,,,
Ski-Weltcup-Rennen,,,,,,
Ost…,,,,,,
Bevölkerungsschutzes,,,,,,
Fürstenfeldbruck,,,,,,
Kelbra,,,,,,
Südeifel,,,,,,
Stadt Kiel,,,,,,
Mülleimer,,,,,,
Mixtopf,,,,,,
Blüte,,,,,,
Zeitnot,,,,,,
Aarau,,,,,,
Brandserie,,,,,,
Sachsenhausen,,,,,,
Pornokino,,,,,,
Berlin/Bonn,,,,,,
Venedig-Jury,,,,,,
Schädlingen,,,,,,
Harakiri,,,,,,
Rallye-Schule im Schnee,,,,,,
DDR-Heimen,,,,,,
Berlin/Cottbus,,,,,,
Wintersportwoche,,,,,,
Mauerkirchen,,,,,,
Nordjütland,,,,,,
Ökostrom-Produktion,,,,,,
Haus…,,,,,,
Solaranlagen,,,,,,
+++ Arktische Seen trocknen,,,,,,
St,,,,,,
Sprachstörungen,,,,,,
Friedrichstadt,,,,,,
Neuzulassungen,,,,,,
Freien Nehmer-Qualitäten,,,,,,
Solidaritätsfonds,,,,,,
Kent,,,,,,
Kirk,,,,,,
Kamenz,,,,,,
Gauting,,,,,,
Koalitionspartner,,,,,,
Urangst,,,,,,
Panik,,,,,,
Times Square,,,,,,
Mathe,,,,,,
Alp Furgge,,,,,,
Bogotá,,,,,,
Landkreis Neuwied,,,,,,
Traktorunfall,,,,,,
Bodycams,,,,,,
Kostengründen,,,,,,
Putin-Regime,,,,,,
Tatverdächtigen,,,,,,
Betriebsratswahl,,,,,,
Petra Vlhova,,,,,,
Bistums Erfurt,,,,,,
Dschenin,,,,,,
Jugendwohnheim,,,,,,
Vogtlandkreis,,,,,,
Technik/Hardware,,,,,,
Sächsin,,,,,,
Oberbergischen Kreis,,,,,,
Neuanlagen,,,,,,
Winterdürre,,,,,,
Tiktok-Blackout,,,,,,
Kälte-Fleck,,,,,,
Lebenskrisen,,,,,,
Wildpoldsried,,,,,,
Kugel-Showdown,,,,,,
Kindes-Missbrauch,,,,,,
Unwetter-Herbst,,,,,,
Westaustralien,,,,,,
Schneeberg-Sesselbahn,,,,,,
Ill,,,,,,
Berliner Landgericht,,,,,,
Engadin,,,,,,
S-charl-Tal,,,,,,
Unappetliches,,,,,,
Strandbad,,,,,,
Kinder-Spiel,,,,,,
nu…,,,,,,
Tennessee,,,,,,
Lastenrädern,,,,,,
Tribüne,,,,,,
Berggänger,,,,,,
Lhotse,,,,,,
Boxberg,,,,,,
Koks,,,,,,
Spremberg,,,,,,
Rückruf,,,,,,
Vilshofen,,,,,,
Zermatt Unplugged,,,,,,
Röcke,,,,,,
Nationalpark Donauauen,,,,,,
Oberallgäuer,,,,,,
Bad Vilbel,,,,,,
Neurodermitis,,,,,,
Reggio Emilia,,,,,,
Sellin,,,,,,
u.v.a,,,,,,
Gotthard,,,,,,
Bahnstrecke bei Oldenburg,,,,,,
Frankfurt von U-Bahn,,,,,,
Oberlandesgericht Frankfurt,,,,,,
Januarwoche,,,,,,
Bonner,,,,,,
Madonna di Campiglio,,,,,,
Niederösterreich Bahnen,,,,,,
Influencer,,,,,,
Gräbern,,,,,,
Marchegg,,,,,,
Sonnenstürme,,,,,,
Südhälfte Deutschlands,,,,,,
Glatteisregen,,,,,,
Wassernotstand,,,,,,
Reihenhaus,,,,,,
Bad s…,,,,,,
Energielieferungen,,,,,,
Disziplin-Triumph,,,,,,
italienischen Alpen,,,,,,
Winternotprogramms,,,,,,
Preiswelle,,,,,,
V…,,,,,,
Eiskanals,,,,,,
Villa Folke Bernadotte,,,,,,
Sportstätte,,,,,,
Warschauer Straße,,,,,,
Bezirk Gänserndorf,,,,,,
Deininger Weiher,,,,,,
Niederschlag,,,,,,
deutsches Paralympics-Duo,,,,,,
Hann,,,,,,
US-Staaten,,,,,,
Nahost-Krise,,,,,,
El Salvador,,,,,,
Bundespreis,,,,,,
Winter-Comeback,,,,,,
Allergikern,,,,,,
Braunkohle-Kraftwerksblöcke,,,,,,
Fuschlsee-Region,,,,,,
Herzegowina-Neretva,,,,,,
Fernstraßen,,,,,,
Pajaro,,,,,,
Super-Kombination,,,,,,
Vulkangruppe,,,,,,
Leithaprodersdorf,,,,,,
Stadt Notlösungen,,,,,,
Kita-Platz,,,,,,
BILD-Sportchef,,,,,,
Comic,,,,,,
Otepää,,,,,,
Sprint-Dritter,,,,,,
Sandsäcken,,,,,,
Oderdeich,,,,,,
Floridsdorf,,,,,,
Klima-Wind-Kanal,,,,,,
Zendure-App,,,,,,
Halver,,,,,,
Kraftwerkspläne,,,,,,
Blutnacht,,,,,,
Dortmund-Ems-Kanal,,,,,,
Heizkosten-Explosion,,,,,,
Mehrweg-Behälter,,,,,,
Wintersport-Veranstaltungen,,,,,,
Buxheim,,,,,,
Gas-Leitung Midcat,,,,,,
Berlin/Kiew,,,,,,
Hannover/Sarstedt,,,,,,
Zwölf-Uhr-Regel,,,,,,
Haynspark,,,,,,
Kre…,,,,,,
Unwettergefahr,,,,,,
Sublimation,,,,,,
Busverkehr,,,,,,
Edelmetall,,,,,,
Halfpoint,,,,,,
Verhältnissen,,,,,,
Brandenburgs Grenze,,,,,,
Drogenkonsumenten,,,,,,
Weßling,,,,,,
Philadelphia,,,,,,
Flachau,,,,,,
Kreis Bautzen,,,,,,
Supermaktkette Jumbo,,,,,,
Edel-Techniker,,,,,,
Kensington,,,,,,
Dierdorf,,,,,,
Winter-Hotspot,,,,,,
Missis…,,,,,,
Siegen-Wittgenstein,,,,,,
Gladbeck,,,,,,
Seilbahner,,,,,,
Freigericht,,,,,,
F.A.Z.-Podcast Rhein-Main,,,,,,
Einsätzen,,,,,,
Sabotage-Verdacht,,,,,,
Recycling,,,,,,
Kinder-,,,,,,
Niedernsill,,,,,,
St. Pöltener NV-Arena,,,,,,
Bundesrats,,,,,,
Schlaglöcher-Reparatur,,,,,,
Schieferöl-Revolution,,,,,,
Rekord-Hochwasser,,,,,,
Olomouc,,,,,,
Monsterschiffen,,,,,,
Hindernisse,,,,,,
Bosnien und Herzegowina,,,,,,
Lastenfahrräder,,,,,,
Winterschlussverkauf,,,,,,
Itzgrund,,,,,,
Tagen für glatte Straßen,,,,,,
Wohnungssuche,,,,,,
Oldenburgs,,,,,,
Winter-Neuzugang Danny Blum,,,,,,
Glaubensfrage,,,,,,
Hanauer Wildpark,,,,,,
Gemeinde reingewaschen,,,,,,
Rhein-Main-Region,,,,,,
Uhu,,,,,,
Goldfasan,,,,,,
Hard,,,,,,
Zaun,,,,,,
Überlinger See,,,,,,
Havelland,,,,,,
Hörhilfen,,,,,,
Gaspreisbremsen,,,,,,
Müllteppichs,,,,,,
Schöpfwerke,,,,,,
UNRWA-Sprecherin,,,,,,
Bergrettern,,,,,,
Haselünne,,,,,,
Kraftwerks Schkopau,,,,,,
Wiener Außenring-Autobahn,,,,,,
Ost-,,,,,,
Förderunterricht,,,,,,
Antholz,,,,,,
Warth,,,,,,
Abschaltfeste,,,,,,
Frauenstaffel,,,,,,
Christmas Garden,,,,,,
Aalen,,,,,,
Kängurus,,,,,,
Datscha,,,,,,
Biki…,,,,,,
Tien-Shan-Gebirge,,,,,,
Bezirk Treptow-Köpenick,,,,,,
Lindner,,,,,,
Kübeln,,,,,,
Schneeflöckchen,,,,,,
Lakegrund,,,,,,
Balance,,,,,,
Immobilieneigentümer,,,,,,
Eventin,,,,,,
Sommerrodelbahn,,,,,,
Eriesee,,,,,,
Gebüsch,,,,,,
ArcelorMittal,,,,,,
Riesenproblem,,,,,,
Elsass,,,,,,
Wärmerekorde,,,,,,
Haunoldstein,,,,,,
US-Sondergesandter,,,,,,
Museumssonntag,,,,,,
Westpfalz,,,,,,
Netzreserve,,,,,,
Boomer,,,,,,
Silvester,,,,,,
B,,,,,,
Ludwigsfelde,,,,,,
Warnstufe Rot,,,,,,
Erdgasfeldern,,,,,,
Sic…,,,,,,
Tegeler Forst,,,,,,
gen Tal,,,,,,
Sommer-Wochenende,,,,,,
Chamonix,,,,,,
Brechstange,,,,,,
Schneeloch,,,,,,
Wasserstand,,,,,,
Insolvenzen,,,,,,
Insolvenz-Anträgen,,,,,,
Dre…,,,,,,
Hambi,,,,,,
Städten,,,,,,
Jugendämtern,,,,,,
Großmarkt,,,,,,
Deutsch-Vorlaufkurs,,,,,,
Monopolkommission,,,,,,
Zeitplan,,,,,,
versüßt,,,,,,
Ifo-Institut,,,,,,
Straßenrand,,,,,,
Lukas,,,,,,
Importstopp,,,,,,
Knollenblätterpilz,,,,,,
Bewegung,,,,,,
Ontario,,,,,,
Orléans,,,,,,
Lützi,,,,,,
Linienbusse krachen,,,,,,
Kindermörder,,,,,,
Südbahn,,,,,,
Autobahn 92,,,,,,
Free-TV,,,,,,
Prenzlauer,,,,,,
Katar-Kohle,,,,,,
Stadt Oldenburg Bilanz,,,,,,
Heizkostenfonds,,,,,,
Pyrénées-Orientales,,,,,,
Traiskirchen</li><li,,,,,,
Landkreis Aichach-Friedberg,,,,,,
Schneespuren,,,,,,
Umfragen,,,,,,
EU-Übergewinnsteuer,,,,,,
Flusses Euphrat,,,,,,
Iglu,,,,,,
Dax,,,,,,
Flughafen Stuttgart,,,,,,
Schneeschaufeln,,,,,,
Sonnenstaat Kalifornien,,,,,,
Schneerekorden,,,,,,
Bildungschancen,,,,,,
Türken,,,,,,
Winterberg-Züschen,,,,,,
Flügel-Flitzer,,,,,,
Klimaschutzaktivisten,,,,,,
Stadtteils Heidelsheim,,,,,,
Windräder,,,,,,
Bayerischen Landesamts,,,,,,
Landkreis Pflegemaßnahmen,,,,,,
Medienangaben,,,,,,
Donnerstagabend,,,,,,
Klimaschutz-Maßnahmen,,,,,,
Umweltminister,,,,,,
Morgenstunden,,,,,,
Strommarkt,,,,,,
Wumms,,,,,,
Landesfeuerwehrkommando,,,,,,
Wienflussradweg,,,,,,
Bundesrepublik…,,,,,,
Camps,,,,,,
Blöcke E,,,,,,
Gästeliste,,,,,,
Imbisswagen,,,,,,
Mitochondrien,,,,,,
Glasfaser-Abzocke,,,,,,
wasserstofffähiger,,,,,,
Grundversorgungs-Tarifen,,,,,,
F,,,,,,
Arlbergschnellstraße,,,,,,
Worst-Case-Szenario,,,,,,
Sturmflut-Warnung,,,,,,
Fördefährlinie,,,,,,
Massen,,,,,,
Heizungsgesetz,,,,,,
Gletscherschmelze,,,,,,
Fraport,,,,,,
Skatepark,,,,,,
Blingbling,,,,,,
Stralsunder,,,,,,
Kinderlärm,,,,,,
Fußball-Sommer,,,,,,
Selbstmitleid,,,,,,
Kohlenmonoxid-Alarm,,,,,,
Smiley,,,,,,
Doku,,,,,,
Sperrmüll,,,,,,
Chemie-Experiment,,,,,,
☀,,,,,,
Nächten,,,,,,
Brrr,,,,,,
Scharbeutz,,,,,,
Neujahr,,,,,,
Premier-League-Vereinen,,,,,,
Südwestfalen,,,,,,
Wallbox,,,,,,
Eigentümern,,,,,,
Silvesterabend,,,,,,
Spülmaschine,,,,,,
Rekord-Wetter,,,,,,
Kreuzwegprozession,,,,,,
Chemie-Branche,,,,,,
Portal Verivox,,,,,,
Westbahnhof,,,,,,
Thalia Theater,,,,,,
Härtefallhilfen,,,,,,
Düsseldorfer Schauspielhaus,,,,,,
Espresso im Straßencafé,,,,,,
(41,,,,,,
Darsteller*innen,,,,,,
Ranna,,,,,,
Allianz Arena,,,,,,
Melk,,,,,,
Textilreinigungen,,,,,,
Alpakas,,,,,,
EU-Sanktionen,,,,,,
Alpaka-Wolle,,,,,,
Klinikums,,,,,,
Pegel Meyenburg,,,,,,
Berechnungen,,,,,,
Wasserstandes,,,,,,
Minister,,,,,,
Schweinejagd,,,,,,
Zentimeterdicke Eisschichten,,,,,,
Freerider,,,,,,
"Holguín
",,,,,,
Generika,,,,,,
Pielachtal,,,,,,
Corona-Krise,,,,,,
Oberläufen von Bode und Ilse,,,,,,
Harz-Flüssen,,,,,,
Kirchheim,,,,,,
Lego,,,,,,
Leserdebatte,,,,,,
Kaprun,,,,,,
Lohbrügge,,,,,,
Berlin-Wilmersdorf,,,,,,
krisenfest,,,,,,
Naturkatastrophen,,,,,,
Schwerpunktkontrollen,,,,,,
abgebaggert,,,,,,
Westküste Ibizas,,,,,,
Dänermark,,,,,,
Skandinaviens,,,,,,
Firozabad,,,,,,
Stadt Kassel,,,,,,
Schlittenfahren,,,,,,
Ostereistedt,,,,,,
Lammer,,,,,,
Universitätsbibliothek Basel,,,,,,
Smartphone,,,,,,
Mobilfunkprodukten,,,,,,
Österreich-Ungarn,,,,,,
Wrocław,,,,,,
Glencore,,,,,,
Hintersee,,,,,,
Helfer,,,,,,
Gas-Alarmzustand,,,,,,
Westerburg,,,,,,
Sturmhauben,,,,,,
Hildburghausen,,,,,,
Ottakring,,,,,,
Entdeckungstour,,,,,,
Bundesumweltminister,,,,,,
Wrocaw,,,,,,
Schuhtrends,,,,,,
Hochwasserrückhaltebecken,,,,,,
Mittag,,,,,,
Werdohl,,,,,,
Motorradrockern,,,,,,
Dömitz,,,,,,
Okertal,,,,,,
Greifswalder Bodden,,,,,,
Baleareninsel,,,,,,
Wien-Brigittenau,,,,,,
Straße in NRW,,,,,,
Warendorf,,,,,,
Gesamt-Füllstand,,,,,,
Neckarsulm,,,,,,
Schwung,,,,,,
Skikursen,,,,,,
Glatteis</li><li,,,,,,
Hierfindest du,,,,,,
Coronahilfen,,,,,,
Strom,,,,,,
Zentralen Ausländerbehörde des Landes Brandenburg,,,,,,
Gewaltverbrechen,,,,,,
Kernhofer,,,,,,
Sporthalle Wellinghofen,,,,,,
Affiliate-Links,,,,,,
Insassinnen,,,,,,
Stark-Watziger,,,,,,
Entgelterhöhungen,,,,,,
Euskirchen,,,,,,
Großraum St. Pölten,,,,,,
Erft-Brücke,,,,,,
Weiterbau,,,,,,
Magdeburg/Berlin,,,,,,
Dessau-Leopoldshafen,,,,,,
Vaterstetten,,,,,,
baden,,,,,,
Landkreis Forchheim,,,,,,
Poltawa,,,,,,
Corona-Spätfolgen,,,,,,
Spatz,,,,,,
Bauanleitungen für Waffen und Sprengkörper,,,,,,
Leuna,,,,,,
Leugnern,,,,,,
Dingolfing,,,,,,
Gastgeberin,,,,,,
Café Glücksmomente,,,,,,
Westsachsen,,,,,,
Biodiesel,,,,,,
Korea,,,,,,
Wunsiedel,,,,,,
Nysa,,,,,,
Terrorpropaganda,,,,,,
Chemnitzer,,,,,,
Alarmbereitschaft,,,,,,
Hitzeschäden,,,,,,
Mulden,,,,,,
Euro-Office,,,,,,
Bundesstaat Queensland,,,,,,
Zuflüssen,,,,,,
Weibersbrunn,,,,,,
Bergischen Land,,,,,,
Kinder-Sexpuppen,,,,,,
Wälder,,,,,,
Morddrohungen,,,,,,
Schwarzwald“,,,,,,
Morgengrauen,,,,,,
Osteuropas,,,,,,
Gas-Überkapazitäten,,,,,,
Penzing,,,,,,
Wissenschaftlichen Dienstes,,,,,,
Nord-Süd-Tunnel,,,,,,
Ware,,,,,,
DB-Angaben,,,,,,
Dorfen,,,,,,
Bilderbuchwetter,,,,,,
Dorfener Faschings,,,,,,
Pandemie-Zwangspause,,,,,,
Villa Stuck,,,,,,
Hooligan-Milieu,,,,,,
Ermittlungen,,,,,,
EU-Kommissionschefin,,,,,,
Tiergarten,,,,,,
Beinen,,,,,,
Saalekreis,,,,,,
Aichen,,,,,,
Warlin,,,,,,
Bürokratie-Dickicht,,,,,,
Giesinger,,,,,,
Zuckerkonsum,,,,,,
Geldbeutel,,,,,,
Pegelstand an der Elbe,,,,,,
Roten Rathaus,,,,,,
Deutschtest-Einladungen,,,,,,
Katzensee,,,,,,
Bäderlandschaft Potsdam,,,,,,
Les Rousses,,,,,,
Lüttich,,,,,,
Suhler Friedberg,,,,,,
Grafing,,,,,,
Atteltal,,,,,,
Straußdorf,,,,,,
Bad Kötzting,,,,,,
Stoffwechsel,,,,,,
Öl-Industrie,,,,,,
Patchworkfamilien,,,,,,
Ch…,,,,,,
Viking,,,,,,
Ãœber Nacht,,,,,,
Digitalisierungschaos,,,,,,
Esbjerg,,,,,,
Preis-Leistungs-Verhältnis,,,,,,
Alltagstests,,,,,,
Elektro-Thron,,,,,,
Meer,,,,,,
Otto-Lilienthal-Straße,,,,,,
Sonnenbad,,,,,,
deutschen Küste,,,,,,
Torgau,,,,,,
Fernwärmbremse,,,,,,
Karies,,,,,,
Geschehens,,,,,,
Schicksalsberg,,,,,,
McDonalds,,,,,,
Abnutzungsschäden,,,,,,
Kherson,,,,,,
Mikolaijev,,,,,,
Lichtmess,,,,,,
Usedoms,,,,,,
Hochwasser-Hilfen,,,,,,
Busbahnhof,,,,,,
Ekel-Alarm,,,,,,
Heinfels,,,,,,
Friedrichshain,,,,,,
Getränke,,,,,,
Flutkatastrophe an der Ahr,,,,,,
Viersatz-Tennis-Krimi,,,,,,
Wirtshaus am Rosengarten,,,,,,
Sohle,,,,,,
Lehrschwimmbeckens,,,,,,
Tölzer Schulzentrum,,,,,,
Staubing,,,,,,
Bundesamtes für Seeschifffahrt und Hydrographie,,,,,,
Sommerkursen,,,,,,
Stadt Lauenburg,,,,,,
Mariupol,,,,,,
Aken,,,,,,
Medienkonsum,,,,,,
Rodel,,,,,,
Rauris,,,,,,
Kinderarbeit,,,,,,
Sachbereichsleiter Brand- und Katastrophenschutz,,,,,,
Oder-Spree-Kreis,,,,,,
Fuderheuberg,,,,,,
Bad Reichenhall,,,,,,
Semesterferien,,,,,,
Hochwasser-Flut der Oder,,,,,,
Bewerbern,,,,,,
Leegebruch,,,,,,
Laage,,,,,,
Shreveport,,,,,,
Wels,,,,,,
Rumäniens,,,,,,
Oder-Pegel,,,,,,
Gaziantep,,,,,,
Friedrichsthal,,,,,,
Grünen-Politiker,,,,,,
Abwasserproben,,,,,,
Salzburg-Debüt,,,,,,
Anti-Gas-Protest,,,,,,
Penzberg,,,,,,
Siziliens,,,,,,
Hochwa…,,,,,,
St. Goar,,,,,,
La-Niña-Muster,,,,,,
UN-Generaldebatte,,,,,,
Schwarmkraftwerke,,,,,,
Fischstäbchen,,,,,,
Leeres,,,,,,
Gebäudes,,,,,,
Mittelmeerinsel,,,,,,
herbstlich,,,,,,
Cervinia,,,,,,
Winterwunderland,,,,,,
Bundesregierung,,,,,,
Asemwald,,,,,,
Rettungsleitstelle,,,,,,
Autokonvoi,,,,,,
Ahrensfelde,,,,,,
Franzose,,,,,,
Hei…,,,,,,
Bühlau,,,,,,
Gletscher,,,,,,
Kita-Quote,,,,,,
Kindertagesbetreuungen,,,,,,
Schlaglöcher,,,,,,
Eckes-Granini,,,,,,
G…,,,,,,
Nachbargebäude,,,,,,
Nordens,,,,,,
Tagebaue,,,,,,
Öl-Kartell,,,,,,
Kohle-Richtlinien,,,,,,
Hochwasser-Hilfe,,,,,,
WM-Medaille,,,,,,
Rotenburger Innenstadt,,,,,,
Westeuropäern,,,,,,
Camping,,,,,,
Bilanz,,,,,,
Landgrafenbrücke,,,,,,
Hormuz,,,,,,
Münc…,,,,,,
Schlesien,,,,,,
Wanderhut,,,,,,
Grünen-Vorwürfe,,,,,,
Meseberg,,,,,,
Bergen des Südens,,,,,,
Schneeflocken im Schwarzwald,,,,,,
Malaysia,,,,,,
Oblast Moskau,,,,,,
Autoreifen wecheln,,,,,,
Holzweiler,,,,,,
Luxushotel,,,,,,
bish…,,,,,,
Unken,,,,,,
Führerschein,,,,,,
Palé Hall,,,,,,
Warnstreiks,,,,,,
Rothensee,,,,,,
Schneebedeckte Berge,,,,,,
Nasenschleim,,,,,,
Medienanstalt Berlin-Brandenburg,,,,,,
Darmbakterien,,,,,,
Anhalt-Bitterfeld,,,,,,
Energie-Riese,,,,,,
Kebabs,,,,,,
Verbraucherzentrale,,,,,,
Skogland,,,,,,
Riedlingen,,,,,,
Sonne am Wochenende,,,,,,
vorfrühlingshafte Luft,,,,,,
Trümmerteile,,,,,,
Rossauer,,,,,,
Häfen,,,,,,
Uniper-Mitarbeitende,,,,,,
Pol…,,,,,,
Osterfest,,,,,,
Börsen,,,,,,
Suizide,,,,,,
LKW,,,,,,
Oberstaufen,,,,,,
Wiesbaden/Heuchelheim,,,,,,
Kriegsgegner,,,,,,
Kreis Gießen,,,,,,
Regierungsbezirk Karlsruhe,,,,,,
Heizungs-Versprechen,,,,,,
Kronach,,,,,,
Oberen Main,,,,,,
A 5,,,,,,
Wochenstart,,,,,,
Landgericht Frankfurt,,,,,,
Langenhorn,,,,,,
Kreis Ahrweiler,,,,,,
Aida,,,,,,
Schlittenhunde-Rennen,,,,,,
Westfalen,,,,,,
Rauchverbot,,,,,,
Energieeinsparungen,,,,,,
Mineralien,,,,,,
Hecke,,,,,,
Gitschiner Straße,,,,,,
Bezirk Krems,,,,,,
US-Raketen,,,,,,
Braunkohle-Dorf Keyenberg,,,,,,
Gargellen,,,,,,
Heizkosten-Nachforderungen,,,,,,
Heizkostenzuschüssen,,,,,,
Ver­mie­te­r,,,,,,
Hauptstadt-Region,,,,,,
Oligarchenrepublik Transnistrien,,,,,,
Suppenküchen im Freien,,,,,,
Nordwest Syriens,,,,,,
Zeitfenstern,,,,,,
Endspurt,,,,,,
Schaufelradbagger,,,,,,
afrikanischen Ländern,,,,,,
Wochenen…,,,,,,
Hochleistungspumpen,,,,,,
Klitschko-Brüder,,,,,,
Tripolis,,,,,,
Bad Hindelang,,,,,,
Hochwasserschutzelemente,,,,,,
skandinavische Land,,,,,,
Autobahn 45,,,,,,
Branche,,,,,,
Winnipeg,,,,,,
Gletschersee,,,,,,
UN-Blauhelme,,,,,,
Michelhausen,,,,,,
Straßlach-Dingharting,,,,,,
Amazon-Mitarbeiter,,,,,,
Wien</li><li>Paul,,,,,,
deutsche Staat,,,,,,
Energiefragen,,,,,,
WÃ¤rmepumpe,,,,,,
Wachstumsphase,,,,,,
Proteinpulver,,,,,,
Gabi,,,,,,
Gigafactory,,,,,,
niedersächsischen Oldenburg,,,,,,
Steueranreize,,,,,,
zusammenrückt,,,,,,
Westautobahn,,,,,,
Grünwald,,,,,,
Bauwagen-Hotel,,,,,,
Ottobrunn,,,,,,
US-Tageszeitung,,,,,,
Prinzregent Garten,,,,,,
Nationalpark Unteres Odertal,,,,,,
Schimmelpilze,,,,,,
Dreckschleudern,,,,,,
Straussee,,,,,,
Apulien,,,,,,
Knochenbrüchen,,,,,,
Barby,,,,,,
Kreis Rastatt,,,,,,
Nordkoreas,,,,,,
Mühltalberg,,,,,,
Bezirk Neusiedl am See,,,,,,
Hünxer Straße,,,,,,
Lise-Meitner-Gymnasium,,,,,,
Energieengpässen,,,,,,
Bundestrainerin,,,,,,
Zopf-Zerren,,,,,,
Gegenzöllen,,,,,,
Wanderers,,,,,,
Linienbus,,,,,,
Theater im Park,,,,,,
Schwanthalerhöhe,,,,,,
Pflichtnotstandsreserve,,,,,,
Pilzen,,,,,,
Thüringer Bergwacht,,,,,,
Prospect Park,,,,,,
Bezirk Baden,,,,,,
Bezirk Horn,,,,,,
weiterlesenWenn,,,,,,
BKA,,,,,,
Soldotna,,,,,,
Salzlandkreis,,,,,,
Dachlawinen,,,,,,
Lanz,,,,,,
Courchevel,,,,,,
Le Sserafim,,,,,,
Clew,,,,,,
Schnee-Alarm,,,,,,
Gaskraftwerke,,,,,,
Bad Ischl,,,,,,
PamS,,,,,,
Energieanlagen,,,,,,
Kosovo,,,,,,
Johannstadt,,,,,,
Sturm Éowyn,,,,,,
Schutzmaßnahmen,,,,,,
Kuwait,,,,,,
Berge Bahn,,,,,,
Meeresboden,,,,,,
Mellach,,,,,,
slowakischen Regierung,,,,,,
Port Arthur,,,,,,
Küchenbrand,,,,,,
Hochwasser-Folgen,,,,,,
Interaktionspartner,,,,,,
März-Änderungen,,,,,,
Schwabach,,,,,,
Warme Luft,,,,,,
Kombination-Mixed-Staffel,,,,,,
Eibenstock,,,,,,
Adern,,,,,,
Ost-Darfur,,,,,,
Handwerksleistungen,,,,,,
los,,,,,,
kanadische Regierung,,,,,,
Libanon vom Rest des Landes,,,,,,
Geeste,,,,,,
Landkreis Böblingen,,,,,,
Höfingen,,,,,,
Windkraftanlagen,,,,,,
Nord Stream 2,,,,,,
Sorben,,,,,,
Stadt Potsdam,,,,,,
Flugpetrol,,,,,,
Steuervorteil,,,,,,
Treffen,,,,,,
Falkenberg,,,,,,
A-Rosa Sena,,,,,,
Davos Klimagerechtigkeit,,,,,,
Ottensteiner Stausee,,,,,,
Bundesstaat,,,,,,
Haus“,,,,,,
Honigbiene,,,,,,
Glätteunfälle,,,,,,
Breitband,,,,,,
Livestream,,,,,,
Untersuchungsausschuss Flutkatastrophe,,,,,,
Bad Wildbach,,,,,,
Gegenfahrbahn,,,,,,
Kyffhäuserkreis,,,,,,
Windkraft,,,,,,
Quartal,,,,,,
Bahnhof Basdorf,,,,,,
Münchner Norden,,,,,,
Volles Haus,,,,,,
Krimml,,,,,,
Berlin-Lichtenrade,,,,,,
Kuchl im Tennengau,,,,,,
Bayern-Profi Deutschland,,,,,,
Guizhou,,,,,,
Bezirk Amstetten,,,,,,
Braunkohle-Tagebaus Turow,,,,,,
Gelsenkirchen-Schalke,,,,,,
Klassenzimmern,,,,,,
Promis,,,,,,
Preuß,,,,,,
Ostfrankreich,,,,,,
Bangl,,,,,,
Guiyang,,,,,,
Ras Laffan,,,,,,
Carpentras,,,,,,
Gefängnissen,,,,,,
Sanierungswüste,,,,,,
Murenabgängen,,,,,,
Bewohnern,,,,,,
Heizmethode,,,,,,
Blackout-Test,,,,,,
Selydowe,,,,,,
Feindes,,,,,,
Pelm,,,,,,
Elbseite,,,,,,
Bienenstöcke,,,,,,
Basel,,,,,,
Fashion Week,,,,,,
Mülltonnen,,,,,,
Pleitewelle,,,,,,
Glatteis-Chaos,,,,,,
Larissa,,,,,,
Schweiger-Schwestern,,,,,,
Magdeburg am Wochenende,,,,,,
Nachbarregion Emilia-Romagna,,,,,,
Glatteies,,,,,,
Gletscherzuwachs,,,,,,
Muren,,,,,,
auc…,,,,,,
El Niño,,,,,,
höheren Schwarzwald,,,,,,
Rostocker Hafen,,,,,,
Kita-Eigenbetrieben,,,,,,
Baden-WÃ¼rttemberg,,,,,,
Comiczeichner,,,,,,
Finanznot,,,,,,
Hochwasser-Nachwirkungen,,,,,,
Wohnhausdach,,,,,,
Bodenpilze,,,,,,
Limburg,,,,,,
Wetterkatastrophen,,,,,,
Berliner Kita-Eigenbetrieben,,,,,,
Lasithi,,,,,,
Rot,,,,,,
Alb,,,,,,
gezündelt,,,,,,
Insel Kreta,,,,,,
türkischen Ägäis,,,,,,
Rettungsstellen,,,,,,
Sorptionsanlagen,,,,,,
Straßensperren,,,,,,
Glatteis-Lage,,,,,,
Insekten-Schreck,,,,,,
Lörracher,,,,,,
Reisebus-Panne,,,,,,
Oktagon,,,,,,
Kreis Zwickau,,,,,,
Absturz,,,,,,
Tech,,,,,,
zigfach,,,,,,
Vermögensverwalter,,,,,,
i…,,,,,,
Laster am Morgen,,,,,,
Belastungsgrenze,,,,,,
Bestwig,,,,,,
Lobbykampagne,,,,,,
US-Außenminister,,,,,,
Auto-Bahnen,,,,,,
Istrien,,,,,,
Berlin-Friedrichshain,,,,,,
Schnee-Spuren,,,,,,
Fuchū,,,,,,
Mo…,,,,,,
Ausländisches Pflegepersonal,,,,,,
Kachowka-Staumauer,,,,,,
Bad Oldesloe,,,,,,
Dalat,,,,,,
Gansu,,,,,,
eisglatter Straße,,,,,,
Rohöl,,,,,,
Kanzler Scholz,,,,,,
Uni Halle,,,,,,
Vösendorf,,,,,,
Löschteich,,,,,,
Südbrasiliens,,,,,,
Vierschanzen-Tournee,,,,,,
Eisbahnen,,,,,,
Plusgraden,,,,,,
Bundesstraßen,,,,,,
Winter-Wunder-Land,,,,,,
Bundesgartenschau,,,,,,
Deutschlands am Morgen,,,,,,
Kreis Germersheim,,,,,,
Statistische Bundesam…,,,,,,
Winterglatte Straße,,,,,,
Terminal Wilhelmshaven,,,,,,
Präsenz,,,,,,
Kanton Wa…,,,,,,
Maßbach-Poppenlauer,,,,,,
Landkreis Bad Kissingen glatteisbedingt Distanzunterricht,,,,,,
Dragqueens,,,,,,
Fußgänger,,,,,,
Deutschpop,,,,,,
Normalmodus,,,,,,
Place de la Concorde,,,,,,
Impfstoffhersteller Biontech,,,,,,
Nabu Berlin,,,,,,
Montagmittag,,,,,,
Landesfläche,,,,,,
Helpfau-Uttendorf,,,,,,
"Flughafen
 ",,,,,,
Flughafen Berlin,,,,,,
Behörde,,,,,,
Baden-Baden,,,,,,
Preiskurve,,,,,,
Xi'an,,,,,,
Demokratischen Republik Kongo Kinder,,,,,,
Autobahn 73,,,,,,
UN-Flüchtlingskommissar,,,,,,
Landkreis Lichtenfels,,,,,,
Brjansk,,,,,,
Blackpool,,,,,,
Kreises,,,,,,
Verfolgungsjagd,,,,,,
Haus und Gesundheit,,,,,,
Versagens,,,,,,
Studierendenwerks,,,,,,
Nachberechnungen,,,,,,
Berliner Gasnetzes,,,,,,
Flattnitzer Straße,,,,,,
Lokales</li><li,,,,,,
Meinerzhagen,,,,,,
Genexco,,,,,,
Hochwasser-Einsatzstab,,,,,,
Nordmeer,,,,,,
Haribo,,,,,,
Obdach,,,,,,
Industrieverband,,,,,,
Schweinheim,,,,,,
Promi-Töchter,,,,,,
Strompr…,,,,,,
Warnstreiktag,,,,,,
Medaillenspiegel,,,,,,
Uran,,,,,,
Blessem,,,,,,
North Carolina,,,,,,
Joey,,,,,,
Kohle-Deal,,,,,,
Landkreis Ludwigsburg,,,,,,
Landgericht Itzehoe,,,,,,
Drohne,,,,,,
Tierhäuser,,,,,,
Bombenzyklon,,,,,,
Wladiwostok,,,,,,
Außenstelle,,,,,,
Kreis Alzey-Worms,,,,,,
Freiberg,,,,,,
Lobmingtal,,,,,,
Kreis Bad Kissingen,,,,,,
Weißkirchen,,,,,,
Klingenthal,,,,,,
Krankenhauses,,,,,,
Polizeirevier Halle,,,,,,
Westerwaldkreis,,,,,,
Maybrook,,,,,,
Katzenelnbogen,,,,,,
Neuperlach,,,,,,
Ewe,,,,,,
Daaden,,,,,,
Palästina,,,,,,
Möschenfeld,,,,,,
Polarmeer,,,,,,
Dudinka,,,,,,
Westsibirischen Tieflands,,,,,,
Libanons,,,,,,
Beirut,,,,,,
Herbst,,,,,,
Schönebergs,,,,,,
Bayern-Kader,,,,,,
Lappen,,,,,,
Heizungsabsatz,,,,,,
Brandenburg/Havel,,,,,,
Dürre-Alarm,,,,,,
Höxter-Fürstenau,,,,,,
Beckenrand,,,,,,
Rio,,,,,,
La Palma,,,,,,
Kinderherz-Zentrum,,,,,,
Schwarze Strände,,,,,,
Lausitz Klinik Forst,,,,,,
Autobahn A111,,,,,,
Neubiberg,,,,,,
Palästinensergebiets,,,,,,
Beit Lahia,,,,,,
Großraum London,,,,,,
Blackout-Chaos,,,,,,
Kinderreisepass,,,,,,
Polarkreises,,,,,,
Heathrow am Freitagabend,,,,,,
Reichling am Ammersee,,,,,,
Währungshüter,,,,,,
Wilke-Wurst,,,,,,
Winter-Neuzugängen,,,,,,
Lagen Schnee,,,,,,
Zehlendorf,,,,,,
Gegenliebe,,,,,,
Schlachtensee,,,,,,
Oberhavel,,,,,,
Pipeline,,,,,,
Arielle,,,,,,
Rapunzel,,,,,,
Solihull,,,,,,
Izmir,,,,,,
Neuwagen,,,,,,
Ehe-Aus,,,,,,
Geschwistern,,,,,,
Berliner Krankenhäusern,,,,,,
Tal lohnt,,,,,,
Landkreis Lüneburg,,,,,,
"Schneesturm ""Elli",,,,,,
Zugausfälle,,,,,,
Wintertrubel,,,,,,
Dresdner Rudolf-Harbig-Stadion,,,,,,
Kulm Hotel St. Moritz,,,,,,
Hilfsorganisationen,,,,,,
Kreis Sigmaringen,,,,,,
Familienleben,,,,,,
Land Sachsen-Anhalt,,,,,,
Schwanebeck,,,,,,
Campingplatz,,,,,,
Holland-Park,,,,,,
Lüneburg,,,,,,
Sprunggelenk,,,,,,
San Sebastián,,,,,,
Forscherangaben,,,,,,
Borgfeld,,,,,,
Witterungsschäden,,,,,,
Trondheim,,,,,,
t-online,,,,,,
Wohngruppe,,,,,,
Kursen,,,,,,
Zimmerbrand,,,,,,
Eis-Schlecken,,,,,,
Onsen,,,,,,
Nations-League-Viertelfinals,,,,,,
Meyenburg,,,,,,
Charkiws,,,,,,
UNE,,,,,,
islamische Republik,,,,,,
Babyboomer,,,,,,
Lawinenabgängen,,,,,,
Grünen-Politikerin,,,,,,
Spandauer,,,,,,
Klinik-Patienten,,,,,,
Nachtmittagsstunden,,,,,,
A-Streptokokken,,,,,,
Klein-Lkws,,,,,,
Bremen w…,,,,,,
Algen an der Wand,,,,,,
Kanton Wallis,,,,,,
Visp,,,,,,
Action-Kameras,,,,,,
Postweg,,,,,,
Videospielen,,,,,,
Südtiroler Hochgebirge,,,,,,
Rohrbach an der Gölsen,,,,,,
Nonnen,,,,,,
herausfordernd,,,,,,
Koalitionspartners,,,,,,
Renchen,,,,,,
Ortenaukreis,,,,,,
Mülheim,,,,,,
Graben,,,,,,
wissenschaftPostfach,,,,,,
Talavera de la Reina,,,,,,
Hochwasser-Schadens,,,,,,
Saltiwka,,,,,,
Tintenfische,,,,,,
Klima-Kriminelle,,,,,,
BILD,,,,,,
Provinz Gauteng,,,,,,
Wimbledon,,,,,,
J…,,,,,,
Lenzen,,,,,,
Matsch,,,,,,
Notunterkünften,,,,,,
Sturzfluten,,,,,,
Energieschulden,,,,,,
Jahrestief,,,,,,
Diesel-Subventionen,,,,,,
A 94,,,,,,
Kalter Morgen,,,,,,
Armut,,,,,,
Biosphärenreservat Rhön,,,,,,
Reiselaune,,,,,,
Neptun Deep,,,,,,
Münchner ifo-Instituts,,,,,,
Landkreis Sächsische Schweiz-Osterzgebirge,,,,,,
Zentralafrika,,,,,,
Pandemiejahren,,,,,,
Alarmstufe 2,,,,,,
Landgericht Oldenburg,,,,,,
Yinchuan,,,,,,
Berlin-Marzahn,,,,,,
Schrebergarten,,,,,,
Hochwasser-Konzepte,,,,,,
Risiken,,,,,,
frostig-kalte Winterwetter,,,,,,
Kle…,,,,,,
Berlin-Pankow,,,,,,
Münchner Airport,,,,,,
Berg Fuji,,,,,,
Monstersturm,,,,,,
Umweltbundesamts,,,,,,
morjen,,,,,,
Müsli,,,,,,
Karneval von Venedig,,,,,,
Nutella,,,,,,
Modernisierungen,,,,,,
WU,,,,,,
Lingen,,,,,,
Räumung von Baumhäusern,,,,,,
Hambacher Forst im Jahr 2018,,,,,,
Donn…,,,,,,
Mondes,,,,,,
Golf: Länder wollen Straße von Hormus,,,,,,
Tierpark Nordhorn,,,,,,
Kasnudeln,,,,,,
Kaiserwetter,,,,,,
Sektenschreins,,,,,,
Schleudern,,,,,,
treibhausgasneutral,,,,,,
Köthen,,,,,,
Heizkraftwerks Nord,,,,,,
Kinderfilm-Highlights,,,,,,
Grundschülern,,,,,,
Bio-Ware,,,,,,
Wolljacke,,,,,,
Weltraumsektors,,,,,,
Wintersportfans,,,,,,
Landkreis Harburg,,,,,,
Thais,,,,,,
Backhaus,,,,,,
Tankrabatt-Ende,,,,,,
Präventionskampagne,,,,,,
Rüdesheim,,,,,,
Kohlenstoffdioxid,,,,,,
Kerzen,,,,,,
Rostocker Überseehafen,,,,,,
Social-Media-Aus,,,,,,
Sächsischen Schweiz,,,,,,
Telefonbetrug,,,,,,
Holländer,,,,,,
weltgröß…,,,,,,
Land Niederösterreich,,,,,,
Berlin-Gropiusstadt,,,,,,
Ermittlern,,,,,,
Telefonbetrüger,,,,,,
Gasanbieter,,,,,,
Heftiger Schneesturm,,,,,,
Kinder-Werbeschranken,,,,,,
Berliner Verkehrsadern,,,,,,
Anio,,,,,,
Attacken,,,,,,
Feuerstelle,,,,,,
Südbaden,,,,,,
Grills,,,,,,
Ausgedampft,,,,,,
Zittauer Schmalspurbahn,,,,,,
WEB.DE News,,,,,,
Rhein-Herne-Kanal,,,,,,
Trinken,,,,,,
Startups,,,,,,
Siders,,,,,,
Löschwasser,,,,,,
Marketinggründen,,,,,,
Start-up Anio,,,,,,
Verkehrskollaps,,,,,,
RH,,,,,,
Immobilienbesitzer,,,,,,
Saturn,,,,,,
Jungfirma,,,,,,
Offshore-Windparks,,,,,,
Hamburger Neustadt,,,,,,
Schulferien,,,,,,
Schulplatz,,,,,,
Sturz-Drama,,,,,,
Bundespolitiker,,,,,,
A11,,,,,,
Gebäudebestand,,,,,,
Haus Menschen,,,,,,
Exomond Inara,,,,,,
Dürre-Insel,,,,,,
TV-Blackout,,,,,,
Auswärtigen Amt,,,,,,
Ruanda,,,,,,
"Brandenburg
",,,,,,
Franchise-Filialen,,,,,,
Schmölln,,,,,,
Heubach,,,,,,
Titeljagd,,,,,,
Neubaur,,,,,,
Atomkraftwerks Saporischschja,,,,,,
Hochwasser Bayern,,,,,,
Wieselburg,,,,,,
BDI-Chef Russwurm,,,,,,
Minus 20 Grad,,,,,,
Deutschland-Wetter,,,,,,
Energie-Nachricht,,,,,,
Sushi,,,,,,
Rohstoffmarkt,,,,,,
Weihnachten,,,,,,
Nordengland,,,,,,
Bettenhochhaus,,,,,,
Erdgas-Wärme-Soforthilfegesetz,,,,,,
Gas-Soforthilfe,,,,,,
Hanse-Tour,,,,,,
Vannes,,,,,,
Petersberger,,,,,,
Pfingst-Flut,,,,,,
Nationalpark Hohe Tauern,,,,,,
Laudachsees,,,,,,
Peisching,,,,,,
Utrecht,,,,,,
Blutorangen,,,,,,
WM-Blackout,,,,,,
Weihnachtswetter,,,,,,
Dienstagnacht,,,,,,
Rezept,,,,,,
Wendl/Arlt,,,,,,
Kilometer Straße,,,,,,
Mini-Rhododendren,,,,,,
Karnevals-Höhepunkt,,,,,,
Kuckucksblume,,,,,,
Azalee,,,,,,
Universitätsklinikum Essen,,,,,,
Glemmtal,,,,,,
Zielgerade,,,,,,
Balingen,,,,,,
Regensburger Ankerzentrum,,,,,,
Wolfsburg-Coach,,,,,,
Wollongong,,,,,,
Heizungs-Verbots,,,,,,
Heizkosten-Zuschüsse,,,,,,
Landkreis Havelland,,,,,,
Sapporo,,,,,,
Bus-Probleme,,,,,,
Vancouvers,,,,,,
Wintersportsaison,,,,,,
Jahresminimum,,,,,,
Schruns,,,,,,
Pizza,,,,,,
trüb,,,,,,
Wasserstoff-Elektrolyse,,,,,,
Kinder-Portemonnaie,,,,,,
Kinosesseln,,,,,,
Landkreis Tuttlingen,,,,,,
Energiedienstleisters Techem …,,,,,,
Cineplex Hamm,,,,,,
Basteleien,,,,,,
Schadstoffen,,,,,,
Bibberkalt,,,,,,
Reutlinger,,,,,,
Thüringen-Trip,,,,,,
Lunaria,,,,,,
Montagmorgen,,,,,,
Schiffsübungen,,,,,,
Kleinmachnow,,,,,,
Gianni Infantino,,,,,,
U-Boot-,,,,,,
hauen,,,,,,
Geräusche,,,,,,
Gasspeicher leeren,,,,,,
Vereinigten Königreichs,,,,,,
Kinder-Fahrraddemos,,,,,,
Ikea-Stuhl,,,,,,
Gibraltar,,,,,,
Ukraine-Hilfe,,,,,,
Wasserkraftwerks Lehen,,,,,,
Alpenrand in Bayern,,,,,,
Metern,,,,,,
Eisenbahnbrücke,,,,,,
Android,,,,,,
Pegel Dresden,,,,,,
Solarpunk-Arche-Regionen,,,,,,
Glätteunfälle auf bayerischen Straßen,,,,,,
Hamburger Köhlbrandbrücke,,,,,,
Südbrandenburg,,,,,,
Landkreis Erie County,,,,,,
Klosters Benediktbeuern,,,,,,
Rolle Lindners,,,,,,
Bohrplatz,,,,,,
Arlbergtunnel,,,,,,
Arlbergpass,,,,,,
Ausgangssperre,,,,,,
Wiesen,,,,,,
Nordsee-Gipfel,,,,,,
Ostende,,,,,,
Karacho,,,,,,
Ostercappeln,,,,,,
Profi-Fußball,,,,,,
Mecklenburgischen Straße,,,,,,
Kreis Stormarn,,,,,,
Ebersberger Impfzentrum,,,,,,
Kältewelle,,,,,,
Bezirk Pankow,,,,,,
noc…,,,,,,
Elliot,,,,,,
Teamsprint,,,,,,
Staat New York Bundeshilfen,,,,,,
Nicht-Prime-Mitglieder,,,,,,
Chiles,,,,,,
Zentral- und Ostalpen,,,,,,
Highlands,,,,,,
Braemar,,,,,,
Savoie,,,,,,
Erzbistum Berlin,,,,,,
Charlottenburg-Wilmersdorf,,,,,,
F.A.Z.-Hauptwache,,,,,,
Keuchhusten,,,,,,
Stettfurt,,,,,,
Revier,,,,,,
Brennstoffzelle,,,,,,
Schwarze Pumpe,,,,,,
Bundesstaat Kayah,,,,,,
Wienfluss,,,,,,
Kreis Potsdam-Mittelmark,,,,,,
Landkreis Barnim!,,,,,,
Seevetal,,,,,,
Ryans,,,,,,
Mattig,,,,,,
SHENZHEN,,,,,,
Regionalverbunds Thüringer Wald,,,,,,
Bestell-Trends,,,,,,
Bez…,,,,,,
Reality-Doku,,,,,,
New York Bundeshilfe,,,,,,
Gas-Unglück,,,,,,
Menden,,,,,,
Kinderhospize,,,,,,
Blumentopf,,,,,,
Polizeirevieren,,,,,,
Lebens,,,,,,
Haus von Wirtschaftsminister Habeck,,,,,,
Erlauftal,,,,,,
Kleinen Erlauftal,,,,,,
Hochwasserskala,,,,,,
Riesenslalom-Durchgang,,,,,,
Schapen,,,,,,
Schnellcheck,,,,,,
Kraftwerk Theiß,,,,,,
Olympia-Drama,,,,,,
Tuttlingen,,,,,,
Batterien,,,,,,
Insul,,,,,,
MV locken,,,,,,
Antibiotika,,,,,,
Nenzing,,,,,,
Grimberg,,,,,,
Schmiedefeld,,,,,,
Deutschlandticket,,,,,,
Windböe,,,,,,
Khartum,,,,,,
Krebsrisiko von Kindern,,,,,,
Ausläufern,,,,,,
Mainzer Lennebergwald,,,,,,
Wüllen,,,,,,
Ahaus,,,,,,
Bad Köstritz,,,,,,
Montag Hamburg,,,,,,
Leverkusener,,,,,,
Meldegrenze,,,,,,
Zwickauer Mulde,,,,,,
Fel…,,,,,,
Dradenau,,,,,,
Agrotreibstoffen,,,,,,
Campingurlaub,,,,,,
Partners Correctiv,,,,,,
Unfallrisiko,,,,,,
(65,,,,,,
Chemiestandorte,,,,,,
Phänomens,,,,,,
BBC-Sprecher,,,,,,
Wintersport-Fans,,,,,,
Vergiftungswelle,,,,,,
Kurve,,,,,,
Flüssigerdgas-Terminals,,,,,,
Moskau/Astana,,,,,,
Stadt München,,,,,,
Senioren-Wohnanlage,,,,,,
Tempolimit,,,,,,
Ealing,,,,,,
Playoff-Erfolg,,,,,,
Landkreises Dachau,,,,,,
Glätte-Warnung,,,,,,
Laubenbachmühle,,,,,,
Britischen Inseln,,,,,,
Bus-Unfall,,,,,,
Steuer-Milliarden,,,,,,
Kältestarre,,,,,,
Westukraine,,,,,,
Thale,,,,,,
Olympia-Gastgeber,,,,,,
Pisten,,,,,,
Tiefe,,,,,,
Halloween-Partys,,,,,,
Geierkopf,,,,,,
Hinterkopf am Boden,,,,,,
Rugby-Länderspiel,,,,,,
Schmalkladen-Meiningen,,,,,,
Plastiktüten,,,,,,
Nordbay…,,,,,,
Kerr County,,,,,,
Corona-Lockdown,,,,,,
Bundesgericht,,,,,,
Staudenhof,,,,,,
Geburtenknick,,,,,,
Toniebox,,,,,,
BRICS-Gipfel,,,,,,
Alten Ägypten,,,,,,
Fabio,,,,,,
Leichenfinger-Syndrom,,,,,,
Spagat,,,,,,
südafrikanischen Regierung,,,,,,
Top-Wetter,,,,,,
Sefe,,,,,,
Obst,,,,,,
Kasan,,,,,,
Offenbach am Sonntag,,,,,,
Arena Nova,,,,,,
Kinzig,,,,,,
Weiding,,,,,,
Kansas City,,,,,,
Stroms,,,,,,
Nabu,,,,,,
Dresdens,,,,,,
Taubergießen,,,,,,
Varanasi,,,,,,
Koblenzer,,,,,,
Kreis Recklinghausen,,,,,,
Steckdose,,,,,,
Mittwochfrüh,,,,,,
Fredis,,,,,,
Wortwitz,,,,,,
Winter-Ausnahmezustand,,,,,,
Damms,,,,,,
Isar-Radwege,,,,,,
Hochsommer,,,,,,
Waschmittelresten,,,,,,
Trier-Saarburg,,,,,,
Urlauber,,,,,,
Mains,,,,,,
Leibe,,,,,,
Pool,,,,,,
Havannas,,,,,,
Dauerkrisenmodus,,,,,,
Heizkosten-Hilfen,,,,,,
Down Under,,,,,,
Gen Z,,,,,,
Boomern,,,,,,
Blackout-Moment,,,,,,
Dolphins,,,,,,
Blücherplatz,,,,,,
Naturfrevel,,,,,,
Kubaner,,,,,,
Hallstadt,,,,,,
Schulwechsel,,,,,,
Évian,,,,,,
Hollersbach,,,,,,
Unterzahl,,,,,,
Thyssenkrupp,,,,,,
Klettersteig,,,,,,
Schulschach,,,,,,
Kleinen,,,,,,
Après-Ski,,,,,,
Landkreis Emmendingen,,,,,,
Hamburger Schwimmbädern,,,,,,
Niederpfalz,,,,,,
Schnaps,,,,,,
Kinderrechte-Lernpfad,,,,,,
Mengshausen,,,,,,
Großen Donnerkogel,,,,,,
Solarwärme,,,,,,
Chatgruppen,,,,,,
Winter-Equipment,,,,,,
Auswegen,,,,,,
Preisniveau,,,,,,
Hannover/Berlin,,,,,,
Radstraße,,,,,,
Haus von Schauspielerin,,,,,,
Vier-Tage-Blackout,,,,,,
Kühlschrank,,,,,,
Val di Fiemme,,,,,,
Riad,,,,,,
Mariannenplatz,,,,,,
Matratzen,,,,,,
Lötschental,,,,,,
Zamg,,,,,,
Gute-Laune-Garant,,,,,,
Rheinbrücke Leverkusen,,,,,,
Vollbetrieb,,,,,,
Bahlingen am Kaiserstuhl,,,,,,
Testprogramm,,,,,,
Lebensbereiche,,,,,,
sozialistische Insel,,,,,,
Wetterfront,,,,,,
Geschenke,,,,,,
Provinz Guantánamo,,,,,,
Libyens,,,,,,
Ausrichtern,,,,,,
Königstein im Taunus,,,,,,
Ostkap,,,,,,
Rock am Ring ++,,,,,,
Wandertipp,,,,,,
Plasberg-Tochter,,,,,,
Familienressorts,,,,,,
Iraner,,,,,,
WM-Co-Gastgeber Historisches,,,,,,
Rekordstand,,,,,,
Atzenbrugger,,,,,,
Minus-Rekorden,,,,,,
Präsidentenpalast,,,,,,
Münch…,,,,,,
Westens Burundis,,,,,,
Birol,,,,,,
Staatsoperette Dresden,,,,,,
Kräne,,,,,,
Côte dAzur weiterfeiern,,,,,,
Hitzealarm,,,,,,
Schweigen,,,,,,
Airport Leipzig/Halle,,,,,,
Randzeiten,,,,,,
Roswall,,,,,,
Rewe-Grießpudding,,,,,,
Landgericht Neuruppin,,,,,,
Madrid/Berlin,,,,,,
Werra-Meißner-Kreis,,,,,,
Mid N…,,,,,,
Burg-Apotheke,,,,,,
Statistiker,,,,,,
Glinda,,,,,,
Wehretal,,,,,,
Kanton Wallis Alarm,,,,,,
Bordstein,,,,,,
Croisette,,,,,,
Bad Boys-Star Lawrence…,,,,,,
Kohle-Explosion,,,,,,
Saint-Quentin,,,,,,
St. Pölten am Mittwoch,,,,,,
Holzkohlegrill,,,,,,
Wingham,,,,,,
Hunter Valley,,,,,,
Opferfamilie,,,,,,
Wickeltasche,,,,,,
Freizeit-Steakwendern,,,,,,
Ladebuchsen,,,,,,
Beverly Hills Cop-Legende,,,,,,
Mittwoch Bilanz,,,,,,
Hobby-Würstchendrehern,,,,,,
Ostfriesland s…,,,,,,
EU-Kommissarin,,,,,,
Provinzbehörden,,,,,,
Kohle- und Gaskraftwerke,,,,,,
Potsdamer Kindertagesstätten,,,,,,
Geisterhand,,,,,,
Königstein,,,,,,
Bordsteinen,,,,,,
Bezirk Lienz,,,,,,
große Los,,,,,,
Flughäfen Stuttgart,,,,,,
Baden-WürttembergTeilnehmer,,,,,,
Motorhauben,,,,,,
Messertat,,,,,,
Rhein-Kreis Neuss,,,,,,
rhoneaufwärts,,,,,,
Aist,,,,,,
Villgraterbach,,,,,,
Voralpen,,,,,,
Halloumi-Grillern,,,,,,
Bezirk Perg,,,,,,
Hochwasser-Baustellen,,,,,,
Hackerangriffen,,,,,,
Schutzes,,,,,,
Notstrom-Aggregat,,,,,,
Präsidentenpalast herrsc…,,,,,,
Schwertberg,,,,,,
Geröllmassen,,,,,,
Windelwechsel,,,,,,
Teufelsküche,,,,,,
Bienenvölkern,,,,,,
Gatumba,,,,,,
Nasser Heimweg,,,,,,
Tüftel-Kurse,,,,,,
Madrider,,,,,,
Klein Flottbek,,,,,,
Ostseestrand,,,,,,
Frankfurter Zoo un…,,,,,,
Guwahati,,,,,,
Zeulenroda-Triebes,,,,,,
Landtag Mecklenburg-Vorpommerns,,,,,,
Münchner Rathaus,,,,,,
Spieler-Berater,,,,,,
Niedersächsischen Landtag,,,,,,
AfD-Vorstoß,,,,,,
Technikfans,,,,,,
Sport-Events,,,,,,
Hof,,,,,,
Katastrophenhilfe-Richtlinie,,,,,,
Bovenschulte,,,,,,
US-Online-Maga…,,,,,,
Tag des Stromausfalls,,,,,,
Theater-Workshops,,,,,,
Naturhistorischen Museum,,,,,,
Baustellenkran,,,,,,
Stillgelegte Öl-,,,,,,
NHM,,,,,,
Eisenberg,,,,,,
Frauenhand,,,,,,
Katastrophenschutzfonds des Bundes,,,,,,
Beerbaums Global-Champions-Leagu…,,,,,,
Rauchwolke,,,,,,
Verkehrsmittel,,,,,,
Auftakt,,,,,,
Altlengbach,,,,,,
Hitze-Blackout,,,,,,
KI-Tools,,,,,,
Bachla…,,,,,,
Statistische Landes…,,,,,,
Weishaupt,,,,,,
Pokal-Finale,,,,,,
Dreieich-Sprendlingen,,,,,,
Vorhölle,,,,,,
Schröder,,,,,,
Arendsee,,,,,,
Erlebniscamps,,,,,,
West Virginia,,,,,,
Die Hageldecke,,,,,,
Napf,,,,,,
Würste,,,,,,
Zucchini-Scheiben,,,,,,
ruhige Stunden,,,,,,
Querelen,,,,,,
Verletzungen,,,,,,
Kinder e…,,,,,,
Torunarigha,,,,,,
Parlamentarier,,,,,,
Hitzeaktionstages am…,,,,,,
hochtreibt,,,,,,
Derby-Platz,,,,,,
Laabenbachs,,,,,,
Dad-Challenge,,,,,,
Gefängnisinsassen,,,,,,
Damaskus,,,,,,
Katherina Reiche,,,,,,
Lawrence,,,,,,
Forggensee,,,,,,
nordrhein-westfälischen Landtags,,,,,,
Street Art,,,,,,
Stauziel,,,,,,
Bettenhausen,,,,,,
Toten,,,,,,
Bayerischen Lehrer- und Lehrerinnenverbandes,,,,,,
Ellmau,,,,,,
Kaisergebirge,,,,,,
Hochwasserkatastrophen,,,,,,
Hockenheimring,,,,,,
Trainer-Rekord,,,,,,
Park Schöntal,,,,,,
Sohn,,,,,,
Putin-Propaganda,,,,,,
Versichertendaten,,,,,,
Solarstrom,,,,,,
Gang,,,,,,
Landgericht Dessau-Roßlau,,,,,,
Bundesjugendministerin,,,,,,
Schneefalle,,,,,,
Al-Shifa-Krankenhaus,,,,,,
Krailling,,,,,,
Bonus,,,,,,
Sillian,,,,,,
Halbfinalgegner Dänemark,,,,,,
Jupi…,,,,,,
Hamburg-Eppendorf,,,,,,
Bad Klosterlausnitz,,,,,,
Moabiter,,,,,,
Legosteinen,,,,,,
Elfjährigen,,,,,,
Zelturlaub,,,,,,
Japanische Staudenknöterich,,,,,,
Haitz,,,,,,
Derby-Park,,,,,,
Fels,,,,,,
Kochi,,,,,,
Xenon,,,,,,
Science-Fiction-Filmen,,,,,,
Gran Apagón,,,,,,
Fäkalien,,,,,,
Hamburg-Berlin,,,,,,
ZURÜCKZIEHUNG,,,,,,
Fahrplanwechsel,,,,,,
Elbe-Seitenkanal,,,,,,
Flausch-Fahrer,,,,,,
Nürnberg Reizgas,,,,,,
Sendling,,,,,,
WM-Quali,,,,,,
Scharnebeck,,,,,,
Gauhati,,,,,,
Murphy,,,,,,
Winschoten,,,,,,
Asphaltwüste,,,,,,
Pelmeni,,,,,,
Elphaba,,,,,,
Hallenbädern,,,,,,
Regenwetter,,,,,,
Oversize-Kleider,,,,,,
Frühlingslüftchen am Wochenende,,,,,,
Frü…,,,,,,
Favoriten-Check,,,,,,
Zwentendorf,,,,,,
Madagaskar,,,,,,
Landes Sturmböen …,,,,,,
Brauns,,,,,,
bri…,,,,,,
Peißnitzinsel,,,,,,
Hafenbeckens,,,,,,
festgefrorener,,,,,,
Fastnacht im Spreewald,,,,,,
Spreewaldes,,,,,,
Frankfurt am Main ei…,,,,,,
Ausdauer-Test,,,,,,
Ö3-Wecker,,,,,,
Fernwär… Cherson,,,,,,
VW,,,,,,
Kohlenstoff,,,,,,
Landkreis Offenbach gelan…,,,,,,
Pflegegeld,,,,,,
Pensionsversicherungen,,,,,,
Peugeot,,,,,,
Voyah,,,,,,
KINO,,,,,,
Strommix,,,,,,
Stadt Winnipeg,,,,,,
Bergamo,,,,,,
Bundesliga-Spitzenreiter,,,,,,
Drittliga-Aufsteiger,,,,,,
Kinder-Nacktbildern,,,,,,
Landgericht Ravensburg,,,,,,
Häuschens,,,,,,
Dorfes,,,,,,
Kaminfeuer,,,,,,
Schlussverkauf,,,,,,
Freistaat…,,,,,,
"Rio de Janeiro
Rio de Janeiro",,,,,,
Copacabana,,,,,,
Ipanema Beach,,,,,,
Christus-Statue,,,,,,
Berg Corcovado,,,,,,
Winter-Sale,,,,,,
Kaschmirsocken,,,,,,
Altglienickes,,,,,,
Hohe Laufbereitschaft,,,,,,
Baas,,,,,,
Waldgrenze,,,,,,
Ille-et-Vilaine,,,,,,
Kall,,,,,,
Topfgarten,,,,,,
Innerkrems,,,,,,
Wohlfahrtsverband,,,,,,
Müller-Markt,,,,,,
Passauer Bahnhofstraße,,,,,,
Hochwasserhelfer,,,,,,
Wohnungsmarkt,,,,,,
Herr Catenhusen,,,,,,
Hilfsmittel,,,,,,
Seniorenresidenz,,,,,,
"Donezk
",,,,,,
Fraser Island,,,,,,
K'gari,,,,,,
"Norden""-Star",,,,,,
Howoge-Chef,,,,,,
Tourist von Elefant,,,,,,
Lüneburger Heide,,,,,,
Weiher bei München,,,,,,
Gasflasche Silan-Gas …,,,,,,
Wintergefühl,,,,,,
Oberrombach,,,,,,
Lkw-Scheibe,,,,,,
newsflare,,,,,,
Unser Land,,,,,,
Elternhaus,,,,,,
Sachen En,,,,,,
Schwäbisch Hall am Morgen,,,,,,
S-charltal,,,,,,
Tou…,,,,,,
Schneeschuhwandern,,,,,,
Skitourengehen,,,,,,
glatter Straße,,,,,,
Kemnitz,,,,,,
Soziologe El-Mafaalani,,,,,,
Hein-Verbleib,,,,,,
Schockmoment auf Landstraße,,,,,,
Milano,,,,,,
Firmengelände von Bosch,,,,,,
Oesbern bei Menden,,,,,,
Winter-Abenteuer,,,,,,
Swaledale,,,,,,
Thermounterwäsche,,,,,,
Liftbetreibern,,,,,,
Schnee-Penis,,,,,,
Hoden,,,,,,
Oesbern,,,,,,
Pirellis,,,,,,
Uckermark i…,,,,,,
Ostseestaat,,,,,,
Autodach,,,,,,
St. Moritzer See,,,,,,
Nachbarland Moldau,,,,,,
Nardó,,,,,,
Vereinsbossen,,,,,,
Niederlagen,,,,,,
Bozener,,,,,,
NFL-Playoffs,,,,,,
Annaberg-Lungötz,,,,,,
Wochenenden,,,,,,
Fahrgastrekord,,,,,,
Transportmittel,,,,,,
Schladming,,,,,,
Bundesstraße 291,,,,,,
Divisional Round der NFL-Playoffs,,,,,,
AK,,,,,,
Tado,,,,,,
Grenzkontrolle,,,,,,
Ferndorf,,,,,,
nan Waldbrände,,,,,,
Kali…,,,,,,
Kälte-Test,,,,,,
Wetterlage,,,,,,
Smartphone-Akku,,,,,,
Torf…,,,,,,
Hexenritt,,,,,,
Wurmbergseilbahn,,,,,,
Indiana,,,,,,
Tag der Amtseinführung,,,,,,
Washington am Tag der Amtseinführung,,,,,,
Kugel-Bauch,,,,,,
Karotten-Nase,,,,,,
Blackout-Risiko,,,,,,
Kinder-Bahn,,,,,,
Deutschland der Zukunft,,,,,,
Provo …,,,,,,
Alten Hafens,,,,,,
Alten Hafen Wismar,,,,,,
Phishing,,,,,,
Würselen,,,,,,
(12) aus Kall,,,,,,
Regionalverbund,,,,,,
IBES-Fans,,,,,,
Video-Portal,,,,,,
Bruttoinlandsprodukt,,,,,,
Dschungel-Abenteuer,,,,,,
Dschungelcamp,,,,,,
Dauer-Zoff,,,,,,
Schlafentzug,,,,,,
Gas-Neuverträge,,,,,,
Nordschweden,,,,,,
nasskaltes,,,,,,
Klimaresistenz,,,,,,
Ahmad,,,,,,
Punk-Duo,,,,,,
Brighton,,,,,,
AMS,,,,,,
Bibber-Winter,,,,,,
Museum“,,,,,,
Redon,,,,,,
Sport-Show,,,,,,
Mänteln,,,,,,
Erkältungsmythen,,,,,,
Abstur…,,,,,,
Nebelau…,,,,,,
Bob-Bahn,,,,,,
Atemwegserkrankungen,,,,,,
Wahl-Check,,,,,,
Großen Abendsegler,,,,,,
Ehegattensplitting,,,,,,
Feldkircher Innenstadt,,,,,,
Winterquartieren,,,,,,
Unalakleet,,,,,,
Nome,,,,,,
Udo,,,,,,
Universitätsnähe,,,,,,
Bobbahn,,,,,,
Waffenruhe,,,,,,
Straßenb…,,,,,,
Srnka,,,,,,
Vorsicht,,,,,,
Freitag winterfrei,,,,,,
Berliner Winters,,,,,,
Berlin/Schönefeld,,,,,,
Straßenbahnschienen,,,,,,
Doc… Es,,,,,,
… Im Jänner,,,,,,
Kontrast,,,,,,
B...,,,,,,
Reißeck,,,,,,
Diehloer Berge,,,,,,
sa,,,,,,
Vorfrühling,,,,,,
Varèse,,,,,,
Eintopf,,,,,,
Unfälle ve…,,,,,,
Gewalttat von München,,,,,,
Kaltes Winterwochenende,,,,,,
Minus-Alarm,,,,,,
Bibber-Peitsche,,,,,,
Verkehrsunfälle bei Schnee und Eis,,,,,,
Neuschnees,,,,,,
Verkehrseinschränkungen,,,,,,
Ryck,,,,,,
Rasthof Zweidorfer Holz,,,,,,
Niedrige Temperaturen,,,,,,
Katastrophen-Notstand,,,,,,
Notdienst,,,,,,
Badegäste,,,,,,
Eisstößen,,,,,,
Stiefeln,,,,,,
Frauen-Bereich,,,,,,
Heizkosten-Aktion,,,,,,
Leistungsdruck bei Kindern,,,,,,
Kinderlähmung Polio,,,,,,
Poliovirus-Nachweisen,,,,,,
Polio-Viren,,,,,,
Familien-Blogger,,,,,,
bai,,,,,,
Flower Sprouts,,,,,,
NÖ,,,,,,
Loipen,,,,,,
Winterspaß,,,,,,
Jänner mild,,,,,,
Sandverluste,,,,,,
Nächtigungsrekord,,,,,,
Pyhrn-Priel-Region,,,,,,
Lawinenabgang,,,,,,
Polio-Nachweisen,,,,,,
Marktoberdorf,,,,,,
Boystown,,,,,,
Reichweite-Test,,,,,,
Stephansdom zu…,,,,,,
Stephansdom,,,,,,
Winterliches Wochenende,,,,,,
Fluglinien,,,,,,
Großbränden,,,,,,
Deutsch-Kenntnisse,,,,,,
Handwerks,,,,,,
Elternseins,,,,,,
Baumhäusern,,,,,,
Örtchens Manheim,,,,,,
Jahren,,,,,,
Sündenwäldchen,,,,,,
Kies,,,,,,
Winterurlaubern,,,,,,
Tourismusverband Faistenau-Hintersee,,,,,,
groß…,,,,,,
Porridge,,,,,,
Importzölle,,,,,,
Heizgas,,,,,,
Diktaturen,,,,,,
palästinensischen Staat,,,,,,
Buendia,,,,,,
Hermoso Bayer,,,,,,
Haferflocken,,,,,,
Google-Maps,,,,,,
Schwarzwurzel,,,,,,
Gummersbach,,,,,,
Sonnendach,,,,,,
Rutzenbach,,,,,,
Eggenfelden,,,,,,
Landkreis Rottal-Inn,,,,,,
Volksrepublik Gegenzölle,,,,,,
US-Zöllen,,,,,,
Kinder-Filmen,,,,,,
Festivalleiterin,,,,,,
Supermärkten,,,,,,
Ausgleich,,,,,,
Lernhaus der Zukunft,,,,,,
Neb…,,,,,,
Güstrower Wildpark-MV,,,,,,
Fiorentina,,,,,,
Medizincheck,,,,,,
Touristenzentrum Havenwelten,,,,,,
Mathys Tel,,,,,,
Opfer-Zahl,,,,,,
Großer Berg,,,,,,
Puig Major,,,,,,
Jogginghose,,,,,,
Kraftwerk Peisching,,,,,,
Kraftwerk Öko-Strom,,,,,,
Kohlekraftwerks,,,,,,
Flughafen Molde,,,,,,
Marktwert-Verlierer,,,,,,
Musiala,,,,,,
Wirtz,,,,,,
Portal transfermarkt.de,,,,,,
Skisaison am Fichtelberg,,,,,,
Boeing,,,,,,
Gaming-Schnäppchen,,,,,,
Tops,,,,,,
Kräften,,,,,,
Schnee-Flöckchen,,,,,,
vermischen.2,,,,,,
Skigebiete Semmering Hirschenkogel,,,,,,
St. Corona,,,,,,
Fenstern glitzern,,,,,,
Flops,,,,,,
Heiligabend Schnee,,,,,,
Preissprüngen,,,,,,
Fichtelbergs,,,,,,
Igels,,,,,,
Hinrunde,,,,,,
Otter,,,,,,
Energiestatistiken des Bundes,,,,,,
Stuttgarter Winter-Pläne,,,,,,
Gudrunstraße,,,,,,
Gastro-Sterben,,,,,,
Kirchberg an der Pielach,,,,,,
Einwohnerrekord,,,,,,
Kiffen an der Isar,,,,,,
Bahnsteigen,,,,,,
Sucht-Prävention,,,,,,
Bundesheer-Einsatz,,,,,,
Bundesheeres,,,,,,
urlaubender,,,,,,
Palmenstränden,,,,,,
Kokosnüssen,,,,,,
Wolken-Regen-Mix,,,,,,
Husum,,,,,,
Hamburger Bahnhof,,,,,,
Bayerischer Wald,,,,,,
Klima-Seniorinnen,,,,,,
Sieben Klima-Durchbrüche,,,,,,
Balkans,,,,,,
Geschäftsführer Berghegger,,,,,,
Bibbernden,,,,,,
Set-up,,,,,,
Plötzlich,,,,,,
Klum,,,,,,
Vatikan,,,,,,
Fernwärme-Markt,,,,,,
Wärme Hamburg,,,,,,
Bezirk Völkermarkt,,,,,,
Wernberg,,,,,,
Bezirk Villach-Land,,,,,,
Zentralalpen,,,,,,
Nordstaulagen,,,,,,
Winterbuchungen,,,,,,
Weihnachtsdeko,,,,,,
Saint-Lary-Soulan,,,,,,
Ausklang de,,,,,,
"Niederlanden
",,,,,,
Spree-Neiße,,,,,,
Rheinisch-Bergischen Kreis,,,,,,
Reutte,,,,,,
Landeck,,,,,,
Verwall,,,,,,
Arlbergregion,,,,,,
Obere Lechtal,,,,,,
Marmoush,,,,,,
Star-Berater,,,,,,
Eintracht-Star,,,,,,
Einsetzendes,,,,,,
Graphit,,,,,,
Zweite,,,,,,
Winter-Krise,,,,,,
Kass…,,,,,,
Landkreis Ka…,,,,,,
Ilsenburg,,,,,,
durchziehender Regen sorge,,,,,,
B19,,,,,,
Direktflügen,,,,,,
sofor…,,,,,,
Rösrath …,,,,,,
Barbara-Schulz-Haus,,,,,,
Avignon,,,,,,
Fedor Holz,,,,,,
Dolla…,,,,,,
Risikogebiet,,,,,,
Großrbitannien,,,,,,
Maine,,,,,,
Rumford,,,,,,
Stadt Rumford,,,,,,
S6,,,,,,
S-Bahn Rhein-Main,,,,,,
Avnet-Arena,,,,,,
Schlimme Blackout-Show,,,,,,
Religionsstunde,,,,,,
Weihnachtsmenü,,,,,,
Wetterexperten,,,,,,
Brandenburgs u,,,,,,
Prepper,,,,,,
Industriest…,,,,,,
Telefonbuch,,,,,,
Konsum von Lachgas,,,,,,
Enge,,,,,,
Feiertagen,,,,,,
Energiezuschuss,,,,,,
Stichwunde,,,,,,
Ski-Star,,,,,,
St. Louis,,,,,,
Wattenmeerinseln,,,,,,
Offenburger Magazinverlag,,,,,,
Freitag Schnee,,,,,,
Kukies,,,,,,
Schachtabstiege,,,,,,
Landes Niedersachsen,,,,,,
Nachttemperaturen,,,,,,
Nordseestränden,,,,,,
Winter-Sturmflut,,,,,,
Mindel,,,,,,
Winterpause,,,,,,
Komplikationen,,,,,,
Wetterrisiken,,,,,,
Saison-Aus,,,,,,
Fell-Bikini,,,,,,
Vail,,,,,,
Gladbach-Kader,,,,,,
Schüler/innen,,,,,,
Silvretta,,,,,,
Madlenerhaus,,,,,,
Hemingways,,,,,,
LKH Graz,,,,,,
Wuthenow,,,,,,
Neuruppiner,,,,,,
Weißröckchen,,,,,,
o Tannenbaum,,,,,,
O Tannenbaum,,,,,,
DDR-Braunkohlekraftwerk Jänschwalde,,,,,,
Fernwärmekunden,,,,,,
Wirtschaftsverbände,,,,,,
Mainz-Torjäger Burkardt,,,,,,
Nordrhein-Westfalen Verkehrsunfälle,,,,,,
St. Ingbert,,,,,,
Saarpfalz-Kreis,,,,,,
Aussaat von Raps und Winterweizen,,,,,,
Warnow-Fahrwasser,,,,,,
Hamburger Elbe,,,,,,
Beznau,,,,,,
winterglatter Fahrbahn,,,,,,
fegen,,,,,,
Luitpold-Gymnasium,,,,,,
Aitern,,,,,,
Kreis Lörrach) hinuntergerutscht,,,,,,
Glatteis-Kollision,,,,,,
Dauer-Glätte,,,,,,
Unfall-Chaos,,,,,,
Schnefall,,,,,,
Orkanartige Böen wehen,,,,,,
Kreiswasserwacht Starnberg,,,,,,
Verkehrs-Chaos,,,,,,
Offenbacher,,,,,,
München-Graz,,,,,,
Münchner Flughafens,,,,,,
Wiehl,,,,,,
Glatteis-Crash,,,,,,
Winterwetter mit Schnee und Eisregen,,,,,,
Cermis,,,,,,
Wintereinbruc…,,,,,,
Bundestrainer,,,,,,
Kurden,,,,,,
Kobane,,,,,,
Machtwechsel,,,,,,
Schlitz …,,,,,,
Promille-Fahrer,,,,,,
Landes wec,,,,,,
Bayreuth/Regensburg,,,,,,
Landratsamt Bamberg,,,,,,
Berlin-Schmargendorf,,,,,,
Kita-Portal,,,,,,
Landratsamts Bamberg,,,,,,
Feinstaub-Wolke Beate,,,,,,
Bremischen,,,,,,
Kreis Cuxhaven,,,,,,
Duda,,,,,,
Schmargendorf,,,,,,
Quetschkartoffeln,,,,,,
Pylonen,,,,,,
lade,,,,,,
Fran…,,,,,,
Stunden e…,,,,,,
Luxus-Schnickschnack,,,,,,
Dreieck Uckermark,,,,,,
Kfz-Zulassungsstelle,,,,,,
Parkscheine,,,,,,
KfZ-Zulassungen,,,,,,
Parktickets,,,,,,
A46,,,,,,
Weißberg,,,,,,
Flattnitz,,,,,,
L63,,,,,,
St. Veit an der Glan,,,,,,
Friesach,,,,,,
Sturmböen!,,,,,,
Winter-Wumms,,,,,,
Polizeipräsidiums,,,,,,
Goslar,,,,,,
Seesen,,,,,,
Tibet,,,,,,
Erdbeben in Tibet,,,,,,
Rheinland-Pfalz …,,,,,,
Offenbach/Mainz,,,,,,
Polizeiangaben …,,,,,,
Paschke,,,,,,
Winter-Leseliste,,,,,,
Buch-Tipps,,,,,,
Thalia,,,,,,
Berliner Dom,,,,,,
Urlaubs-Drama,,,,,,
Skibergsteigen,,,,,,
Aut…,,,,,,
Gas-Transit,,,,,,
Oberlandesgericht München,,,,,,
ukra…,,,,,,
Cefalù,,,,,,
italienischen Insel,,,,,,
Friedensdorf,,,,,,
San Juan,,,,,,
Ironie,,,,,,
Ilmenau,,,,,,
Gratis-Geschenk,,,,,,
Berlin-Hakenfelde,,,,,,
Energie-Notstands,,,,,,
Fico,,,,,,
Nachmitta…,,,,,,
Kidderminster,,,,,,
Allrode,,,,,,
Kasberg,,,,,,
Skisports,,,,,,
Große Sorge,,,,,,
Gastransit-Vertrag,,,,,,
Winter-Sieger,,,,,,
Schimmelpilzen,,,,,,
Münchner Rettungswache,,,,,,
Kürze w…,,,,,,
Gastransit,,,,,,
Corona-Jahren,,,,,,
Autobahn 24,,,,,,
Watt,,,,,,
Großglockner,,,,,,
Gradonna,,,,,,
Kals am Großglockner,,,,,,
Schulalters der Kinder,,,,,,
Eisregen üb…,,,,,,
Gingen an der Fils,,,,,,
glatt,,,,,,
Mittelberg,,,,,,
Landes be…,,,,,,
Co,,,,,,
gefrierenden Regens,,,,,,
Kleintransporter,,,,,,
Bahnausfälle,,,,,,
M,,,,,,
"Kals 
",,,,,,
Sportdirektor Kehl,,,,,,
Gas-Transit-Stopps,,,,,,
Schlichtungsstelle bi…,,,,,,
Strickpullover-Trends,,,,,,
Wirsing,,,,,,
München/Rosenheim Auf spiegelglatten Straßen,,,,,,
Feiertage,,,,,,
Fortuna Düsseldorf,,,,,,
Miese Winter-Bilanz - Allofs,,,,,,
betroffe…,,,,,,
Frankfurter Arena,,,,,,
Gagausien,,,,,,
Strom-Importe,,,,,,
Import-Meister,,,,,,
Prüm,,,,,,
Holweide,,,,,,
abe…,,,,,,
Schwebebahn,,,,,,
Donnerst…,,,,,,
Longyearbyen,,,,,,
Smartphone-Verbot,,,,,,
Siena,,,,,,
Landkreis Biberach,,,,,,
Aufprall,,,,,,
Flick,,,,,,
Polargirl,,,,,,
Verkehrsminister,,,,,,
Aare,,,,,,
Kloschüsseln,,,,,,
Weimar-Schöndorf,,,,,,
Badeanzug am See,,,,,,
Oberwallis,,,,,,
Gotthard Bahn,,,,,,
Viege,,,,,,
Heiter-verspielt,,,,,,
Karnataka,,,,,,
Naturgefahren,,,,,,
Pedelec,,,,,,
Haus in der Schweiz,,,,,,
Bündner Dorf,,,,,,
Höllental,,,,,,
Grainau gefu…,,,,,,
Wilhelmsburg,,,,,,
Landstraßen,,,,,,
St. Petersburg daue…,,,,,,
Misshandlungen,,,,,,
Schloss Ludwigslust,,,,,,
Kraftwerk Frimmersdorf,,,,,,
S04-Blackout,,,,,,
Fischbachau,,,,,,
Landkreis Miesbach,,,,,,
Kanareninsel,,,,,,
Huthis,,,,,,
Landkreis Anhalt-Bitterfeld“,,,,,,
Sandersdorf-Brehna,,,,,,
Alserbach-Kanal,,,,,,
Remake,,,,,,
Unfallopfern,,,,,,
Hernals,,,,,,
Neuwaldegg,,,,,,
Höhenstraße,,,,,,
Geroldgasse,,,,,,
Artariastraße/Ecke Höhenstraße,,,,,,
Grossen St. Bernhard,,,,,,
Hochwassermauer,,,,,,
Velofahrern,,,,,,
Doppel-Klatsche,,,,,,
Grundschul-Toiletten,,,,,,
Schulsportservice,,,,,,
Fördergelder,,,,,,
Merlins,,,,,,
Maindeich,,,,,,
Eddersheim,,,,,,
Schloss Johannisberg,,,,,,
Maxvorstadt,,,,,,
Museum is…,,,,,,
Erkheim,,,,,,
Lerntypen,,,,,,
Vergleichsportals,,,,,,
Amtsflur,,,,,,
Baoding,,,,,,
Comic-Einsteigern,,,,,,
Lap Coffee,,,,,,
Al…,,,,,,
Bahrenfeld,,,,,,
dpa/lno)-,,,,,,
Salzburg…,,,,,,
Trockenen,,,,,,
Tessa,,,,,,
Eiswüste,,,,,,
Nebelhorn,,,,,,
Kaufland Führungspersonal,,,,,,
Hygiene-Mängel,,,,,,
Tagebaubetreibers,,,,,,
Fäkalbakterien,,,,,,
TV-Bericht,,,,,,
Supermarkt-Riese,,,,,,
Disko,,,,,,
Supermarktkette,,,,,,
Einsamk…,,,,,,
Cox’s Creek,,,,,,
Coxs Creek,,,,,,
Drogenkonsum,,,,,,
Massenmord,,,,,,
Chukwuemeka,,,,,,
Handelskette,,,,,,
Team-Wallraff-Reporter,,,,,,
Grüne See,,,,,,
Obertauern am Mittwoch,,,,,,
Windenergieanlagen,,,,,,
Schulflur,,,,,,
Schulflur versprüh…,,,,,,
Besuchs,,,,,,
Reizgas-Attacke,,,,,,
Bildungseinrichtung,,,,,,
Zehnerkar-Bergstation,,,,,,
Kühltruhen,,,,,,
Fäkalkeime,,,,,,
Dynamo-Fans,,,,,,
Großen Illing,,,,,,
Bundesstaat Missouri,,,,,,
Ekel-Zustände,,,,,,
Wallraff,,,,,,
Nachtschreck,,,,,,
Schlafwandeln bei Kindern,,,,,,
Papa,,,,,,
Europa-League-Duell,,,,,,
Spahn,,,,,,
Mossul,,,,,,
Iraks,,,,,,
Herrschaft der Terrormiliz IS,,,,,,
Hohe Öl-,,,,,,
Auslaufmodellen,,,,,,
Europa-League-Spiel,,,,,,
Polizeierkenntnissen,,,,,,
US,,,,,,
Anifer Wald,,,,,,
Elsbethen,,,,,,
Fußball-Coup,,,,,,
Boite,,,,,,
Grüne See trocknet,,,,,,
Koalitionstalk bei Maischberger,,,,,,
Ägypter,,,,,,
Windpark,,,,,,
Bezirksamtes von Berlin-Reinickendorf,,,,,,
Tegeler Seeterrassen,,,,,,
Starbucks,,,,,,
Levis,,,,,,
Burkardt-Poker,,,,,,
Geheim-Absprachen,,,,,,
Extra-Kohle,,,,,,
Laube,,,,,,
Kohlenmonoxidvergiftung,,,,,,
Amerika-Gedenkbibliothek am Weltgeschichtentag,,,,,,
Berliner Kultur,,,,,,
Wuppertaler,,,,,,
Bioziden,,,,,,
Gartenhütte,,,,,,
Val d'Isère,,,,,,
Gefrorener Platz,,,,,,
Lancaster House,,,,,,
Entwicklungsstudien,,,,,,
Kita-Jahr,,,,,,
Landtages,,,,,,
Anklageschrift,,,,,,
Tageszentren,,,,,,
Vätern,,,,,,
F.A.Z.-Podcast Wissen,,,,,,
Heizkosten-Streit,,,,,,
Kreis Düren,,,,,,
Ostseepipeline,,,,,,
Büchereien,,,,,,
Bundesstraße 262,,,,,,
Mendig,,,,,,
Biberach an der Riß,,,,,,
Wendy,,,,,,
Heizkostenableser Techem,,,,,,
Aldenhoven,,,,,,
Mondsee,,,,,,
Fachjournal Nature,,,,,,
Block-House-Erbin,,,,,,
Zeit am Bildschirm,,,,,,
Blackout-Kurs,,,,,,
Bruttoendenergieverbrauch,,,,,,
Botanischen Garten Berlin,,,,,,
Nature Journaling,,,,,,
Landeskrankenhaus Graz,,,,,,
Bretzfeld,,,,,,
Kindergeneration,,,,,,
Telefonbetrügern,,,,,,
Anrufer,,,,,,
Blackout-Training,,,,,,
Hohenlohekreis,,,,,,
Hundehaufen,,,,,,
morgen,,,,,,
Museum Urbaneo,,,,,,
Tarife,,,,,,
Gas-Kunden,,,,,,
Oberpullendorf,,,,,,
Großwarasdorf,,,,,,
Schimpansen,,,,,,
Zusammenhalt,,,,,,
Blackout-Ursache,,,,,,
Gra…,,,,,,
Krisenpläne,,,,,,
Wärmenetzes,,,,,,
Hitzeschilde,,,,,,
Klein Schönwalde,,,,,,
Pasewalk,,,,,,
Katharina,,,,,,
Kinderwerkstatt,,,,,,
Bad Malente-Gremsmühlen,,,,,,
Angst,,,,,,
Knast Masken,,,,,,
Nxy,,,,,,
Christina Block,,,,,,
Steakhaus-Kette Block House,,,,,,
Gröbenzell,,,,,,
Dachdeckerfirmen,,,,,,
Schlössern,,,,,,
Katakomben,,,,,,
Prunk,,,,,,
Migrationshintergr…,,,,,,
Kita-Zeit,,,,,,
HPI,,,,,,
Hasso-Plattner-Institut,,,,,,
schwarz-weiß-grünen,,,,,,
Aufregenderes,,,,,,
Eifel-Kommune,,,,,,
allerding…,,,,,,
Bismarckdenkmal,,,,,,
Cyberangriffen,,,,,,
Butzbacher Tierheim,,,,,,
Branchenkenner,,,,,,
Highlight-Spiel,,,,,,
Hamburg-Billbrook,,,,,,
"Spanien 
",,,,,,
Sevilla,,,,,,
Arktis-Insel Grönland,,,,,,
Loipennetz,,,,,,
Fe…,,,,,,
Ammoniakaustritt,,,,,,
Taboadela,,,,,,
Reeperbahn,,,,,,
Beinahe-Unfall,,,,,,
Wandergruppe,,,,,,
Colle Sesia,,,,,,
Matchball,,,,,,
Tennis-Spiele,,,,,,
Verkehrsampeln,,,,,,
Madrid/Barcelona,,,,,,
Prozessparteien,,,,,,
Tatort Schultoilette,,,,,,
Holzpellet-Wer…,,,,,,
Industriepark,,,,,,
Industriepark…,,,,,,
Persönlichkeitsmerkmalen,,,,,,
Höhenangst-Besieger,,,,,,
Schaukel-Wettbewerbe,,,,,,
Spielplätze,,,,,,
Salzburgs Seen,,,,,,
Winter d… Fangfrisch,,,,,,
Hallstätter See,,,,,,
OÖ,,,,,,
Monte-Rosa-Massiv,,,,,,
Südoststeiermark,,,,,,
Energie-Inseln,,,,,,
Graz-West,,,,,,
Reiche,,,,,,
Tipp-Topp-Zustand,,,,,,
Karre,,,,,,
Außensaison Wünsche,,,,,,
Menschenmenge,,,,,,
Brandrisiko,,,,,,
Seiersberg-Pirka,,,,,,
Helme-Hochwassers,,,,,,
Bezirk Graz-Umgebung,,,,,,
Spekulationen los,,,,,,
CDU-Chef,,,,,,
Gallneukirchen,,,,,,
Rekordzahlen,,,,,,
Energie-Anbieterwechsel,,,,,,
Madrids,,,,,,
Lebenselixier,,,,,,
Telegram-Gruppen,,,,,,
Verschwörungserzählungen,,,,,,
Ekel-Essen,,,,,,
Schimmel-Käse,,,,,,
Lissaboner,,,,,,
Flughafen von,,,,,,
Rohstoffdeal,,,,,,
Kraftwerks Moorburg,,,,,,
Frank­reichs,,,,,,
Ausgeliefertsein,,,,,,
Spanierin,,,,,,
Haus in Oviedo,,,,,,
Friedland,,,,,,
Schwanbeck,,,,,,
Berin,,,,,,
Deutschlands Ausbeute,,,,,,
Naomi,,,,,,
Hives,,,,,,
Ugg-Boots,,,,,,
Suppenküchen un…,,,,,,
Landstraße,,,,,,
Landkreis Cloppenburg“,,,,,,
Allzeit-Minimum,,,,,,
Wiener Wäldern,,,,,,
Wärmeiglus,,,,,,
Arjeplog,,,,,,
Wärmepumpen-Verband,,,,,,
Schockanrufen,,,,,,
Maria Lankowitz,,,,,,
Bezirk Voitsberg,,,,,,
Gößnitzbach,,,,,,
Flurbrand,,,,,,
Puchberg am Schneeberg,,,,,,
Wärmepumpenbranche,,,,,,
Haus d…,,,,,,
Deutschsein,,,,,,
Landes …,,,,,,
Kastenmeier,,,,,,
Eklat im Weißen Haus ++ Trump,,,,,,
Winter-Partyhit,,,,,,
Oimara,,,,,,
Masserberg,,,,,,
Steinach …,,,,,,
Assad-Diktatur,,,,,,
Kiyoshi Fuchigami,,,,,,
Gaspipeline,,,,,,
Kennedy,,,,,,
Weltpremiere,,,,,,
Nachts,,,,,,
Waldbrandgebiet,,,,,,
Ofunato,,,,,,
Stolzenwörth,,,,,,
Checkliste,,,,,,
Telepolis,,,,,,
Lebensfreude,,,,,,
Saskatchewan,,,,,,
Tropensturm Alfred,,,,,,
Mykotoxine,,,,,,
Däne w…,,,,,,
Kasernen,,,,,,
Dubai-Schokolade,,,,,,
Siebzehnjährigen,,,,,,
ME/CFS bei Kindern,,,,,,
Entzündungsreaktion Pims,,,,,,
Renten-Protest,,,,,,
fränkischen Bergland,,,,,,
Haus gegen Elementarschäden,,,,,,
Fachleute,,,,,,
Favoriten,,,,,,
photoscala,,,,,,
Uhrenhaus de,,,,,,
Projekts,,,,,,
Uhrenhaus des Salinemuseums,,,,,,
Lernpfad,,,,,,
Hirschgartens,,,,,,
Luftabwehrsystem,,,,,,
Handelskrieg,,,,,,
Backlash,,,,,,
Alte Kohlemeiler,,,,,,
Döner-Spieß,,,,,,
Jokos,,,,,,
Woorabinda,,,,,,
Daya,,,,,,
Kiew Sturm,,,,,,
Bayer-Strafraum,,,,,,
Elin,,,,,,
Bubi-Schiri,,,,,,
Keeper-Blackout,,,,,,
Phantom-Foul,,,,,,
Berlinale-Highlights,,,,,,
Gebäudefassade,,,,,,
A 7,,,,,,
Freien,,,,,,
Winter-Stimmung,,,,,,
ASFINAG-Auto,,,,,,
Berlinale,,,,,,
Fachwelt,,,,,,
Spezial-Unimog,,,,,,
Klimaforschern,,,,,,
Jugendgruppe,,,,,,
Wahlkampf,,,,,,
Erstwählern,,,,,,
Wahlkreis Frankfurt I,,,,,,
Farbvielfalt,,,,,,
Flughafen Toronto ,,,,,,
Steinkohlekraftwerk Zolling,,,,,,
Live-Karten,,,,,,
Eisplatten,,,,,,
Star-Bugs,,,,,,
Verfolgungsfahrt,,,,,,
Sonne am Tag,,,,,,
Hochwasserhilfe-Sprechtage,,,,,,
Unterschützen,,,,,,
Haus der Familie Weikmann,,,,,,
Bibber-Ende,,,,,,
Altenberg,,,,,,
Saint-Avold,,,,,,
Brad,,,,,,
Geislingen,,,,,,
Bundesstraße 10,,,,,,
Kaputte Aufzüge,,,,,,
Begleitern,,,,,,
Gemeindebudget,,,,,,
Turnhallen,,,,,,
Ochs…,,,,,,
Dänische Regierung,,,,,,
Wolfsburger,,,,,,
Nespresso,,,,,,
Ganzes Land,,,,,,
Warmensteinacher,,,,,,
Fleckl,,,,,,
N…,,,,,,
Bibas-Brüder,,,,,,
Katastrophen-Ausnahmezustand,,,,,,
Kontr…,,,,,,
Carls Medaillentraum,,,,,,
Winterrun,,,,,,
Strategiewechsel,,,,,,
Rastede,,,,,,
Papas Autos,,,,,,
wasserstofffähiger Gastkraftwerke,,,,,,
Kinderspiele,,,,,,
Hallein-Neualm,,,,,,
Grundwasser-Wärmepumpen,,,,,,
Unfallursache,,,,,,
Libanon für syrische,,,,,,
Muff,,,,,,
davonrast,,,,,,
Bundesländerranking,,,,,,
Europäische Polizeibehörde Europol,,,,,,
bedrohliche Ausmaße,,,,,,
Pegelstand des Inn,,,,,,
Damm am Inn,,,,,,
Niederöster…,,,,,,
Teg…,,,,,,
Bezirk Reinickendorf,,,,,,
Favoriten am Laaerberg,,,,,,
Ludwig-Renn-Straße,,,,,,
Grüne Hänge,,,,,,
Matschhose,,,,,,
Südwand,,,,,,
Nischen-Content,,,,,,
Gasanschlüssen,,,,,,
Skijägern,,,,,,
Finanzbranche,,,,,,
Heilbronn,,,,,,
Klima-Disaster,,,,,,
Großen Häuslhorn,,,,,,
Treibhausgases,,,,,,
Hafen Wilhelmshaven,,,,,,
US-Bundesstaats,,,,,,
Abschnitte,,,,,,
Schadenshöhe,,,,,,
Zwischenland,,,,,,
Reiter Alpen,,,,,,
Glücks-Kälte-Komplex,,,,,,
Kind-Rausschmeißer,,,,,,
BILD-…,,,,,,
Terminal 5,,,,,,
Notz,,,,,,
Schulklassen,,,,,,
Heathrow-Blackout,,,,,,
Flughafen Europas,,,,,,
Borkenkäfer,,,,,,
Handy,,,,,,
Kinderkrankentage,,,,,,
römische Brücke,,,,,,
Zentrum Spaniens,,,,,,
Antike Brücke,,,,,,
alten Brücke,,,,,,
Italien-Blackout,,,,,,
Kimmich,,,,,,
Gas-Pipeline Nord Stream 2,,,,,,
Kriminologen,,,,,,
Kältehilfe-Angebot,,,,,,
Hochwasserschutzwand,,,,,,
Salzachtals,,,,,,
Anlaufspur,,,,,,
Mainfranken,,,,,,
Patchwork,,,,,,
Motorschlitten,,,,,,
Tor“,,,,,,
Oberbrücke,,,,,,
Rathauses Zehlendorf,,,,,,
Kohleregion,,,,,,
Wiesbadener,,,,,,
Nordsee-Insel Borkum,,,,,,
Skilager,,,,,,
Kfz-Versicherern,,,,,,
Finnland i,,,,,,
Naturschutz,,,,,,
Kult-Vers,,,,,,
Sommergewinn,,,,,,
Premium-Trucking-Simulation,,,,,,
Provisorien,,,,,,
Lauingen,,,,,,
ausgeströmt,,,,,,
Rechtsmedizin,,,,,,
Santa Fe,,,,,,
Puerto Vallarta,,,,,,
Gondelbahn Nazi-Rock,,,,,,
Artenschutz-Voliere,,,,,,
Schwalbensittiche,,,,,,
Meereis,,,,,,
Donaukanal,,,,,,
Team-Leader,,,,,,
Bezirksverordneten,,,,,,
Flughafens Heathrow,,,,,,
Weltcupfinale,,,,,,
Ebersdorf,,,,,,
Großpumpe,,,,,,
LNG-Häfen,,,,,,
vorh…,,,,,,
Polizei-Angaben,,,,,,
S-Bahnhof Ostkreuz,,,,,,
Google-Mitarbeitern,,,,,,
Karibikinsel im Dunkeln,,,,,,
Westösterreichs,,,,,,
Wiesloch,,,,,,
Jenbach,,,,,,
Kubas Hauptstadt,,,,,,
USB-C.,,,,,,
Provinz Trient,,,,,,
Vilnius,,,,,,
Sommerby,,,,,,
Info-Abend,,,,,,
Schutzbauten,,,,,,
Onlinespielen,,,,,,
Balenciaga,,,,,,
Saint Laurent,,,,,,
Zuwanderern,,,,,,
Verhaltensregeln,,,,,,
Toor Dal,,,,,,
Niedersac…,,,,,,
Ric…,,,,,,
Bad Brückenau-Volkers,,,,,,
PV-Anlagen,,,,,,
(31) -,,,,,,
Blackout-Pass,,,,,,
Skandina…,,,,,,
Schneeling,,,,,,
Kohle-Klage,,,,,,
Kapitäns-Amt,,,,,,
Pfronstetten,,,,,,
Fremdverschulden,,,,,,
Berlin-Westend,,,,,,
Tiefkühlbeeren,,,,,,
Tiefkühlfrüchten,,,,,,
Karl-Friedrich-Friesen-Grundschule,,,,,,
Stockholm Wasserpreis,,,,,,
Sicherhei,,,,,,
Flughafen fü...,,,,,,
Legionellen-Bakterien,,,,,,
Bonner Landgericht,,,,,,
Angerburger Allee,,,,,,
London-Heathrow,,,,,,
Leergut,,,,,,
Kinder Platz,,,,,,
Anti-Terror-Einheit,,,,,,
Flughafen-Blackout,,,,,,
Hepatitis-A-Viren,,,,,,
Kinostart Ärger,,,,,,
Skifahrer heruntersausen,,,,,,
Arosa,,,,,,
Nürnberger,,,,,,
Max-Morlock-Stadion,,,,,,
Planungs-Kohle,,,,,,
Neues Stadion,,,,,,
Brauen-Glattstirn-Kaiman,,,,,,
Kiste,,,,,,
Baby-Boomer,,,,,,
Test-Wohnung,,,,,,
Ergeb…,,,,,,
Jovanka,,,,,,
Berlinerin,,,,,,
Spionage-Apps,,,,,,
SH,,,,,,
KI-Projekt,,,,,,
Pärchens,,,,,,
Badefreuden am See,,,,,,
Erdarbeiten,,,,,,
Haus frühjahrsfit,,,,,,
Sockelbereich,,,,,,
PV-Anlage,,,,,,
Mein Haus,,,,,,
Frühlingsidylle,,,,,,
Swan Island,,,,,,
Schwaneninsel,,,,,,
Sprit-Debatte,,,,,,
Bühnennebel,,,,,,
Sprit-Blackout,,,,,,
Potsdamer Filmmuseum,,,,,,
Tankstellen-Anzeigen,,,,,,
Spritpreis-Woche,,,,,,
US-Ölkonzern,,,,,,
Schwarzenbach an der Saale,,,,,,
Bundesvorsitzenden,,,,,,
Berliner Finanzministerium,,,,,,
Instituts Insa,,,,,,
Münsingen,,,,,,
Kit…,,,,,,
Eisbach,,,,,,
Ukko,,,,,,
Jumala,,,,,,
Spritpreis-Krisengipfel,,,,,,
Hohn,,,,,,
Krisenlagen,,,,,,
Krisen-Vorsorge,,,,,,
europa,,,,,,
Hohen Ferse,,,,,,
Regieru…,,,,,,
Gera-Eisenach,,,,,,
Landgericht Augsburg,,,,,,
Grönlands,,,,,,
Uppick,,,,,,
Beuthener Straße,,,,,,
Kindermodus,,,,,,
Trigema-Chef,,,,,,
Schädel-Fund,,,,,,
Drei-Jahres-Hoch,,,,,,
Jahreshöchststände,,,,,,
Rechenzentrums-Campus,,,,,,
Abilene,,,,,,
Lichtblitz,,,,,,
Entlastungspläne,,,,,,
Hochschulabsolventen,,,,,,
Macau,,,,,,
Staufensee,,,,,,
Medikamente,,,,,,
Notreserve,,,,,,
Lebensrealität,,,,,,
Schnee-Comeback,,,,,,
Sonnenallee,,,,,,
Klimadialog,,,,,,
Rynair,,,,,,
Reisebericht,,,,,,
TTS-Player überspringenArtikel weiterlesenKaum,,,,,,
Staufensees,,,,,,
Social-Media-Debatte,,,,,,
Rappenloch,,,,,,
Frankfurter Messegelände,,,,,,
pfui,,,,,,
Paare,,,,,,
Setzingen,,,,,,
Alb-Donau-Kreis,,,,,,
Ölhahn,,,,,,
Zentralasien,,,,,,
Schulglocke,,,,,,
Neu Krenzlin,,,,,,
Rheinland-pfälzische Kommunen,,,,,,
Bad Tölz“,,,,,,
Eichenallee,,,,,,
Fahrgäste,,,,,,
Babyboom,,,,,,
Gladbach-Partien,,,,,,
Borussia-Park,,,,,,
Platzverweis,,,,,,
Preis-Mittelfeld,,,,,,
Sachsen tankt,,,,,,
Lutherstadt Wittenberg,,,,,,
Limo,,,,,,
Wohnstadt Asemwald,,,,,,
Wohnstadt,,,,,,
Bundesstraßen“,,,,,,
Leih-Deals,,,,,,
F… Herr F.,,,,,,
K.-o.-Tropfen,,,,,,
Ölsanktionen,,,,,,
Leipzig-Blackout,,,,,,
Nottertal-Heilinger Höhen,,,,,,
Baufirma,,,,,,
Hohe Spritpreise,,,,,,
Fernreisen,,,,,,
Büdingen-Wolf,,,,,,
Elektro-Autos,,,,,,
Regulierungswalze,,,,,,
Gesichtsverletzungen,,,,,,
Temple Bar,,,,,,
Nieder-,,,,,,
restlic…,,,,,,
Maximaltemperaturen,,,,,,
Bergland,,,,,,
Kaltfront Deutschland,,,,,,
Benziner,,,,,,
Flatterband,,,,,,
Efze,,,,,,
Hamburg-Hamm,,,,,,
Ticket-Ansturm,,,,,,
Hippe Viertel,,,,,,
Bundesstraße 110,,,,,,
Dauerproblem,,,,,,
Betriebsausfällen,,,,,,
Online-Konsum,,,,,,
Tankstellentafeln,,,,,,
Landkreis Leer,,,,,,
französischen Burgund,,,,,,
Chablis,,,,,,
Landkreis Brei…,,,,,,
Geschwindigkeitsbeschränkungen,,,,,,
Bezirk Innsbruck-Land,,,,,,
Polarfront,,,,,,
Fehlalarm,,,,,,
Halle/Magdeburg,,,,,,
Länder-Verkehrsminister,,,,,,
Dialekts,,,,,,
Koi,,,,,,
Käue,,,,,,
Brout,,,,,,
Braut,,,,,,
Osterreisewelle,,,,,,
Bundeskartellamtes,,,,,,
Trendwende,,,,,,
Spritpreis,,,,,,
Verkehrspolizeiinspektion Hof,,,,,,
Bisamjagd,,,,,,
Server-Abwärme,,,,,,
Solarenergie,,,,,,
Feldes,,,,,,
Homberg/Efze,,,,,,
Bad Hersfeld West,,,,,,
Deutschland-Ticket,,,,,,
Widerstandsfähigkeit,,,,,,
Autonome Taxis,,,,,,
Gülzow-Prüzen,,,,,,
Straße zu,,,,,,
Ostern Berlin,,,,,,
Leidens,,,,,,
Benzin-Preisen,,,,,,
March-Hochwasser Dürnkrut,,,,,,
Hollenstein/Ybbs,,,,,,
Königsberg in Hollenstein/Ybbs,,,,,,
Preissignal,,,,,,
Schwalm-Eder-Kreis,,,,,,
Dillingen,,,,,,
Salzburgs Bergen,,,,,,
Hallstatt,,,,,,
Gosau,,,,,,
Talreiße,,,,,,
Mobilitätsgeld,,,,,,
"Symbolbild
",,,,,,
Blütenpracht,,,,,,
Südlibanon,,,,,,
Deutschland-Liveblog,,,,,,
Gscheid,,,,,,
Lüssow,,,,,,
Eigenheimbesitzer,,,,,,
Habsburger Kachelöfen,,,,,,
Rohstoffen ab,,,,,,
Reagenzgläsern,,,,,,
Frank…,,,,,,
Hi,,,,,,
Baby“-Kolumne,,,,,,
Außenseiterkind,,,,,,
Hoffnungen auf,,,,,,
Rosalina,,,,,,
Hilfe-Einrichtungen,,,,,,
Beschwerdefällen,,,,,,
Not“,,,,,,
Sonntag Ostern,,,,,,
Chemnitzer Petrikirche,,,,,,
Gotteshaus,,,,,,
Kirchgemeinden,,,,,,
Spargelsaison,,,,,,
Marchfeld Mittwochfrüh,,,,,,
Spargels,,,,,,
Rudolfsheim-Fünfhaus,,,,,,
Wohnungsdurchsuchungen,,,,,,
Entdeckungen,,,,,,
Theater in der Antarktis,,,,,,
Schönbrunn,,,,,,
Mehrbettzimmer,,,,,,
Landesgericht Salzburg,,,,,,
SOS-Kinderdorf,,,,,,
Mittelpunkt des Verfahrens,,,,,,
Zufriedenheits-Check,,,,,,
Praia a Mare,,,,,,
Potenza,,,,,,
Portugiese,,,,,,
Deutschen Theaters Berlin,,,,,,
Schauspielschule des Lebens,,,,,,
Schauern,,,,,,
Wegwerf-Agenten,,,,,,
Klebereiweiß Gluten,,,,,,
Entzündungen,,,,,,
Dünndarm,,,,,,
Schauer-Wochenende,,,,,,
Gewitterrisiko,,,,,,
Bergflocken,,,,,,
Sonntag aufklart,,,,,,
Lifestyle-Clips,,,,,,
Putz-Wahn,,,,,,
Kinderheims,,,,,,
Mai Sachsen-Anhalt,,,,,,
Eisheiligen-Horoskop,,,,,,
Landesamt für Umwelt- und Arbeitsschutz Saarland,,,,,,
Knallorange,,,,,,
Rüdinger,,,,,,
Städtchen Krautheim,,,,,,
Elternteil,,,,,,
Bergwacht Grassau,,,,,,
Hochplatte,,,,,,
Landkreis Traunste…,,,,,,
Naphtha,,,,,,
Kult-Sponsor,,,,,,
Pachamama,,,,,,
Tankstelle in Oberfranken,,,,,,
Inlandsgästen,,,,,,
Zuwächsen,,,,,,
Rheinfelden,,,,,,
Tankstellenbetreiber,,,,,,
Stundentakt,,,,,,
Schierke,,,,,,
Lahnstein,,,,,,
Wanderungen,,,,,,
Umweltverbände,,,,,,
Simbach,,,,,,
Monte Novo do Sul,,,,,,
Universitätsklinikums,,,,,,
Show-Küche,,,,,,
Universitätsklinikums aufgenomm…,,,,,,
Brunnenanlagen,,,,,,
Amtsgericht Schweinfurt,,,,,,
Gas-Kanister,,,,,,
Arbeitsunfall,,,,,,
Dummerstorf,,,,,,
Französin,,,,,,
Hütteninfrastruktur,,,,,,
Setúbal,,,,,,
Kinder-Stück,,,,,,
Stadttheater Gießen,,,,,,
Staatsmedien,,,,,,
Minenunglück in China,,,,,,
Liushenyu,,,,,,
Xinhua,,,,,,
Shanxi am V…,,,,,,
Bankspieler,,,,,,
Förderprogramm Mach,,,,,,
Seepferdchen-Förderprogramm,,,,,,
Weltstars,,,,,,
Nähkästchen,,,,,,
Gästehauszivilisation,,,,,,
Unicef-Studie,,,,,,
Wohlbefinden der Jüngsten,,,,,,
Vier-Euro-Cappuccino,,,,,,
Freibadsaison,,,,,,
Saisonbeginn,,,,,,
Geschlägertes Holz,,,,,,
Sägewerke,,,,,,
Baubranche,,,,,,
Black-Outs,,,,,,
Bezirk Bürgerinnen,,,,,,
Kohlekra… Aerosole,,,,,,
Solarstrom-Ausbeute,,,,,,
Donauausbau,,,,,,
Bundesstraße“,,,,,,
Bundesstraße 28,,,,,,
Jewrovision,,,,,,
Messe Stuttgart,,,,,,
"Kuba 
",,,,,,
Tschagguns,,,,,,
Umweltrisiken,,,,,,
hohen Kraftstoff- u…,,,,,,
Imbiss,,,,,,
Gewinnmarge,,,,,,
Schwimmabzeichen,,,,,,
Seepferdchen-Abzeichen,,,,,,
Ilshofen,,,,,,
Erdöl-Bohrlöchern,,,,,,
Energieeffizienz,,,,,,
Erwartungsdruck,,,,,,
Fahrdienste,,,,,,
Schlagzeilen,,,,,,
Kreis Karlsruhe“,,,,,,
Werder,,,,,,
Philippsburg,,,,,,
Great Salt Lake,,,,,,
Tagesspiegel,,,,,,
Haselhorst,,,,,,
TV-Kritik,,,,,,
Schwerpun…,,,,,,
Cern,,,,,,
ZEIT-Podcast,,,,,,
Kalten,,,,,,
Schützenfest-Vorbereitungen,,,,,,
Buckelwal Timmy,,,,,,
Wismarer Bucht vor Poel,,,,,,
Gipfeltreffens,,,,,,
Kohlefaser,,,,,,
Spätgeborenen,,,,,,
Älte…,,,,,,
Kunstmuseum „Berlin Modern“,,,,,,
Museums Berlin Modern,,,,,,
Kunstmuseums Berlin Modern,,,,,,
Nervenzellen,,,,,,
St.-Anton-Straße 100,,,,,,
Buxtehude,,,,,,
Timmy,,,,,,
Stahl,,,,,,
Dämmstoffen,,,,,,
Folien,,,,,,
Straße - Achtjährige,,,,,,
Bühlertann,,,,,,
Gesetzesentwurf,,,,,,
Düsseldorfer Maschinen- und Anlagenbauers Gea,,,,,,
Band-Roulette,,,,,,
Riesenrad,,,,,,
Nachkriegsgeschichte,,,,,,
Fonds Soziales Wien,,,,,,
Kreis Rottal-Inn,,,,,,
Gemeinde St. Ulrich am Pillersee,,,,,,
Solaranlagen-Technik,,,,,,
niedersächsische Oberverwaltungsgericht,,,,,,
DNS-Service,,,,,,
Kraftstoffgroßhandels,,,,,,
ICE-Mitarbeiter,,,,,,
St. Ulrich am Pillersee,,,,,,
Waidring,,,,,,
Bezirk Kitzbühel,,,,,,
Hochwasserschutzprojekts,,,,,,
Statistische…,,,,,,
Klostertal,,,,,,
Neukunden triffts,,,,,,
Mineralölsteuer,,,,,,
Kinder-Aufsicht,,,,,,
Klima-Diesel,,,,,,
Benzinpreisen,,,,,,
Bundeswirtschaftsministeriums,,,,,,
Zwei-Monats-Tief,,,,,,
Uniper-Kraftwerks,,,,,,
Scholven,,,,,,
Brosda,,,,,,
US-Technologiekonzern,,,,,,
Meta-Plattformen,,,,,,
Bunds,,,,,,
Stromleitungen,,,,,,
Bahnkabeln,,,,,,
F.a,,,,,,
Simmern,,,,,,
Nicht-Shopping,,,,,,
Läden,,,,,,
Zoo-Besuch,,,,,,
Santa Marta,,,,,,
Köln-Zollstock,,,,,,
Druschba,,,,,,
Wohnungseigentümer,,,,,,
Mainzer Volkspark,,,,,,
Parkeisenbahn,,,,,,
Autositz,,,,,,
Autositzen,,,,,,
Kinderkrankenpflegerin,,,,,,
Bult,,,,,,
Fritteusen,,,,,,
Wertstoffhof,,,,,,
… Scharnitz,,,,,,
Medianpreis,,,,,,
Raumluft,,,,,,
Oberkappel …,,,,,,
Skijöring,,,,,,
Wettkampfdisziplin,,,,,,
Oberläufen der Ilse,,,,,,
Harz schmilzt der Schnee,,,,,,
Lufthansa-Fliegern,,,,,,
Kinder-Reitverein,,,,,,
Blizzard-Warnung,,,,,,
Großen Mühl,,,,,,
Oberkappel,,,,,,
Hohe Lohnkosten,,,,,,
Rhode Island,,,,,,
Niedersachsens Äckern,,,,,,
Landvo…,,,,,,
Niamey,,,,,,
Nigers,,,,,,
Kokorou,,,,,,
Shirts,,,,,,
Altschlaining,,,,,,
Goberling,,,,,,
Te…,,,,,,
Rocky Mountains,,,,,,
Dzeko,,,,,,
Tor-Party,,,,,,
Obersten Gericht,,,,,,
Staffel-Drama,,,,,,
Kanzlerpartei,,,,,,
Hutzelfeuer,,,,,,
Gef…,,,,,,
Wiener Flughafen,,,,,,
Spickelbad,,,,,,
Hallenbad Haunstetten,,,,,,
Stadt Augsburg,,,,,,
Ostfildern-Nellingen,,,,,,
Schmalz,,,,,,
Meldehöhe,,,,,,
Bad Laer,,,,,,
Bratknoblauch-Mandel-Suppe,,,,,,
Umweltauflagen,,,,,,
Winterblues,,,,,,
Hagelstadt,,,,,,
US-Politiker,,,,,,
Obersten Gerichtshofs,,,,,,
Zoll-Kohle,,,,,,
New YorkSchneesturm,,,,,,
Anti-Kälte-Trick,,,,,,
Reizgas,,,,,,
Kristallkugeln,,,,,,
Thüringer Winter,,,,,,
Winterbilanz,,,,,,
Generve,,,,,,
Gehwege,,,,,,
Hauptblüte,,,,,,
Minas Gerais,,,,,,
Kormoran-Population,,,,,,
Bodman-Ludwigshafen,,,,,,
Uni Konstanz,,,,,,
Sex im Neandertal,,,,,,
Sachsen Kitas,,,,,,
Salzburger Pongau,,,,,,
Ski-Drama,,,,,,
Ingolstädter,,,,,,
Stadttheater,,,,,,
Dienstag</li><li,,,,,,
horax,,,,,,
Tal der letzten Dorfbewohner,,,,,,
Oulanka-Nationalpark,,,,,,
Hansestadt is,,,,,,
Grippewelle in Sachsen,,,,,,
Gogol,,,,,,
Umeå,,,,,,
Heizkostenfalle,,,,,,
Chiemgauer,,,,,,
Wasseramt München,,,,,,
Kita-Sterben,,,,,,
Unterläufen,,,,,,
Wulsdorf,,,,,,
Landshuter Allee,,,,,,
Landgericht München,,,,,,
Wiesn-Tischen,,,,,,
Klimaschutz-Regel,,,,,,
Donzdorf,,,,,,
Oberlausitzer Osterhasenpostamt,,,,,,
Seifhennersdorf,,,,,,
Bri…,,,,,,
Lawinen,,,,,,
Desaster-Aus,,,,,,
Kampfansage an die Leseunlust,,,,,,
Booker-Preises,,,,,,
Streusalzverbot,,,,,,
Umweltgründen,,,,,,
Hürth,,,,,,
Kreis Südliche Weinstraße,,,,,,
Vormittag w…,,,,,,
Tesero,,,,,,
Römerhofpflaster wegstoben,,,,,,
Schlittelspass,,,,,,
Kohlepolitik,,,,,,
Landes NRW,,,,,,
Gratiskondome,,,,,,
Skeleton-Piloten,,,,,,
Pegel Koblenz,,,,,,
Regionalverbundes Thüringer Wald,,,,,,
Wintercampen,,,,,,
Gerissenen,,,,,,
Eilenburg,,,,,,
Langlaufstaffel,,,,,,
Tesoro,,,,,,
"4x7,5",,,,,,
Harz sin,,,,,,
Älplermagronen,,,,,,
Berghütte,,,,,,
Bungeejumping,,,,,,
Thürin…,,,,,,
Cap,,,,,,
Landkreis Bayreuth geba…,,,,,,
Bischofsgrün,,,,,,
Tarifverträgen,,,,,,
lhe,,,,,,
Stahlträger,,,,,,
Top-Verdiener kriegt,,,,,,
Oberndorf,,,,,,
Urin,,,,,,
Microsofts,,,,,,
Wetter-Achterbahn,,,,,,
Oberläufen der Fließgewässer,,,,,,
Hey München,,,,,,
Verdi-Attentäter,,,,,,
Pegel Rötz,,,,,,
Schwarzach in der Oberpfalz,,,,,,
Murach,,,,,,
Wasserwirtschaftsamt Weiden,,,,,,
Wintertermin,,,,,,
Pegel Pritzwalk Hainholz,,,,,,
Lankreis Prignitz,,,,,,
Landes Brandenburg,,,,,,
milder,,,,,,
Gießen/Wiesbaden,,,,,,
Rheinbrücke,,,,,,
Deutsche Bucht,,,,,,
Fischbach,,,,,,
Lauch,,,,,,
Le Villard,,,,,,
Wirtschaftsministerin,,,,,,
Nidderau,,,,,,
Fridolins,,,,,,
Lebensdauer,,,,,,
Bayerwald,,,,,,
Charité,,,,,,
Unwetterartiger,,,,,,
Winter-Pie,,,,,,
Käsekartoffeln,,,,,,
Inntalautobahn …,,,,,,
Nahrungsergänzungsmitteln,,,,,,
Südosthessen am Morgen,,,,,,
Holzlagerplatz,,,,,,
Oberlandesgericht Frankfurt a…,,,,,,
Grand-Union-Kanal,,,,,,
Garonne,,,,,,
Zempin,,,,,,
Feldwege,,,,,,
Rußhütte,,,,,,
französischen Alpen,,,,,,
Schneeschuhen,,,,,,
Kino-Neustarts,,,,,,
Bahnstrecke Berlin-Hamburg,,,,,,
Kreisstraßen,,,,,,
Salzvorräte,,,,,,
Zehn-Kilometer-Rennens,,,,,,
Prognosesystem,,,,,,
Dettelbach,,,,,,
Landkreis Kitzingen…,,,,,,
Oldenburger Land,,,,,,
Kormorane,,,,,,
Wildgänse,,,,,,
darau…,,,,,,
Schnee mi,,,,,,
Ansbach,,,,,,
Landkreis Eichstätt,,,,,,
Diesel-Lastwagen,,,,,,
Gemeinde Seevetal,,,,,,
Landesreserve für Kreis- und Bundesstraßen zur,,,,,,
Umweltministeriums,,,,,,
Regen am Aschermittwoch,,,,,,
weiterlesenRegensburg,,,,,,
Straße von Hormus ++,,,,,,
Zusammenfas…,,,,,,
Friseursalon,,,,,,
Müritz,,,,,,
Villa Henriette,,,,,,
Bootcamps,,,,,,
Umerziehungslager Coldwater,,,,,,
Marine Colonel Reichert,,,,,,
Nadim Sawalha,,,,,,
Subkontinent,,,,,,
Inder,,,,,,
Hawaii,,,,,,
Sturmwarnungen,,,,,,
Gasgeruch,,,,,,
Landtag des Saarlandes,,,,,,
Ölpreisschock,,,,,,
Gas-Konzern,,,,,,
Equinor,,,,,,
Allzeithochs,,,,,,
Oberschleißheim,,,,,,
Tennisplatz,,,,,,
Optiker,,,,,,
Erste-Spaten-Stichen Zeit,,,,,,
Krisenmanagerin,,,,,,
Tod am Berg,,,,,,
Stavenhagen,,,,,,
"Benzinpreis
",,,,,,
Skigäste…,,,,,,
Ölpreises …,,,,,,
Landeskriminalamts,,,,,,
LKA,,,,,,
Bahnhof Aggsbach Markt,,,,,,
Krems an der Donau,,,,,,
Emmersdorf,,,,,,
Pollenflugvorher,,,,,,
Markt für Diesel,,,,,,
Birgit,,,,,,
Nebenkosten-Abrechnungen,,,,,,
Hetschb…,,,,,,
Anzuchttöpfchen,,,,,,
Keimlingen,,,,,,
Pilze,,,,,,
Anzuchttopf,,,,,,
Gigant de…,,,,,,
AfD-Anhänger,,,,,,
Friedberger Platz,,,,,,
Snowpark Oberhof,,,,,,
Saar-Landtag,,,,,,
SPD-Chefin Bärbel Bas,,,,,,
St. Martin in der Wart,,,,,,
Hochhäusern,,,,,,
Natans,,,,,,
Liveblog Iran,,,,,,
Indischen Ozean,,,,,,
Diskothek,,,,,,
erre…,,,,,,
Kita-Ausflug,,,,,,
Kindergarten-Unfall,,,,,,
Ö1-Journal,,,,,,
Sternsee,,,,,,
zugiger Platz,,,,,,
Jugendschutz-Gründen,,,,,,
Logistikunternehmen,,,,,,
Luxemburger,,,,,,
Timmendorfer,,,,,,
Wettermodellen,,,,,,
Mittagssonne,,,,,,
Kinderklinik,,,,,,
Kinderklinik Innsbruck,,,,,,
Schlusslicht,,,,,,
Gestrandeter Buckelwal,,,,,,
Headline,,,,,,
Pfeile,,,,,,
Ölreserven,,,,,,
Landes Hessen,,,,,,
Grömbach,,,,,,
Kreis Freudenstadt,,,,,,
Frühlingsdom,,,,,,
Volksfest …,,,,,,
Medienberichten,,,,,,
Showdown,,,,,,
Verbots-Debatte,,,,,,
Kinder-Gehirne,,,,,,
Angriffen am Golf,,,,,,
Thüringer Ministeriums,,,,,,
Hessischer Landtag,,,,,,
Steueranteil,,,,,,
Pipeline Nord Stream,,,,,,
Preisobergrenzen,,,,,,
Steuerrabatte,,,,,,
Abzocke ran,,,,,,
South Pars,,,,,,
Flüssiggas am Golf,,,,,,
Eibenstock/Altenberg/Oberwiesenthal,,,,,,
Kartellrecht,,,,,,
Weltcup-Wochenendes,,,,,,
Biathlet Nawrath,,,,,,
Windkrafträdern,,,,,,
Bezirksamt Reinicke…,,,,,,
Iran-Konflikt,,,,,,
Jardin des Tuileries,,,,,,
Landkrimi,,,,,,
Traufe,,,,,,
Großer Ansturm,,,,,,
Preis-Eingriffen,,,,,,
Leserforum,,,,,,
Swinemünde,,,,,,
Kernenergie,,,,,,
Argentiniens,,,,,,
Kartellrechts,,,,,,
Abfällen,,,,,,
Fallbachlifts,,,,,,
Güterzug,,,,,,
Gemünden,,,,,,
Haltern,,,,,,
Unsichtbarer Schimmelpilz -,,,,,,
Lebensmittel-Riese Edeka,,,,,,
Favoritenlast,,,,,,
Märkischen Viertel,,,,,,
Biwak,,,,,,
Kes…,,,,,,
Dampfloks,,,,,,
Klassenverbleib,,,,,,
Tenor de…,,,,,,
Wegesrand,,,,,,
Ötscher,,,,,,
Schneeberg festgesessen,,,,,,
Rauhen Kamm,,,,,,
Großen Ötscher aufgebroc…,,,,,,
Widderstein,,,,,,
Neuwied,,,,,,
Geländegewinne,,,,,,
Özdemir,,,,,,
Quadratmeter,,,,,,
Voralpenland,,,,,,
Krankenkassenangaben,,,,,,
Hansestadt im Jahr 2024,,,,,,
Linken-Chefin,,,,,,
Mitfahrt,,,,,,
Punkte-Ausbeute,,,,,,
Zwei-Euro-Marke,,,,,,
"Nationalpark Hainich
",,,,,,
Nationalpark Hainich,,,,,,
Chicorée-Bohnen-Eintopf,,,,,,
Cerro El Pital,,,,,,
Siegerpodest,,,,,,
Meerestemperaturen,,,,,,
Kletterhalle,,,,,,
Amt weiß,,,,,,
Jungfernstieg 19,,,,,,
Bezirksamt Steglitz-Zehlendorf,,,,,,
Allianz-Arena,,,,,,
Problemen,,,,,,
Golfregion,,,,,,
EWE,,,,,,
Erwachsenenalter,,,,,,
Ichikawa City Zoo,,,,,,
Äckern,,,,,,
Hightech-Zentrum,,,,,,
Microsoft-Rechenzentren,,,,,,
Bedburg,,,,,,
Intervi…,,,,,,
Cortina d…,,,,,,
Provinz Tucumán,,,,,,
Aichach,,,,,,
weiterlesenDer,,,,,,
Winter-Ade-Eintopf,,,,,,
Strom-Terroristen,,,,,,
Mode-Trend,,,,,,
Südafrikaner,,,,,,
eMalahleni,,,,,,
Gehweg,,,,,,
Venezula,,,,,,
himmlischen Friedens,,,,,,
Frühlingsgefühle im Wildpark,,,,,,
Kraftstoffhandel,,,,,,
Krokodil-Alarm,,,,,,
Australiens Northern Territory,,,,,,
Aktienkurse,,,,,,
Thüringer Walds,,,,,,
Sabotage-Aktion,,,,,,
Allergien,,,,,,
Teufel los,,,,,,
Rhein-Ruhr,,,,,,
Cortina d'Ampezzo ü…,,,,,,
SPD-Fraktionschef Miersch,,,,,,
Berlin-Blackout,,,,,,
Kinderhaus Mitte,,,,,,
Kinderhaus Berlin-Mitte,,,,,,
Alexanderplatzes,,,,,,
cropped,,,,,,
Branchenverbands bft,,,,,,
Kulturkampf-Hotspot,,,,,,
Schmid-Kohle,,,,,,
Spiels se…,,,,,,
Autobahndreieck Werntal,,,,,,
Werneck,,,,,,
Mega-Pipeline,,,,,,
Bonny Island,,,,,,
River State,,,,,,
Schulfeiern,,,,,,
Westeuropa,,,,,,
Steinau an der Straße,,,,,,
Bad Soden-Salmünster,,,,,,
Coulibaly-Transfer,,,,,,
US-Flugzeugträger,,,,,,
Bürgel,,,,,,
Feldbacher,,,,,,
Baums ga,,,,,,
Handyhotel,,,,,,
VCÖ,,,,,,
Tankers,,,,,,
Wracks,,,,,,
Paddleboard,,,,,,
Midlands,,,,,,
Apnoetaucher,,,,,,
Rheinkorrektur,,,,,,
Wessex-Strecke,,,,,,
Infantino,,,,,,
Lessing-Gemeinschaftsschule,,,,,,
Beueler Rheinufer,,,,,,
Thalwil,,,,,,
Neues Volksbad,,,,,,
Statistische B…,,,,,,
Winfield,,,,,,
Kansas,,,,,,
Dötlingen,,,,,,
Rheinische Revier,,,,,,
Magdalenenhochwasser,,,,,,
Marktschwierigkeiten,,,,,,
Oldtimer-Nachwuchs,,,,,,
Oldie-Szene,,,,,,
Paulina,,,,,,
Stanley,,,,,,
Sommer-Winter-Spread,,,,,,
Niedrigwasser am Rhein,,,,,,
Ölteppich,,,,,,
PlayStation-Fans,,,,,,
Golf von…,,,,,,
Katastrophe w…,,,,,,
Fürstenwalde,,,,,,
Bachsohle,,,,,,
ADAC/ABGEDREHT/Mark,,,,,,
Doppel-Blackout,,,,,,
Bayerisch-Schwaben,,,,,,
hochsommerlich,,,,,,
Haus in Bamberg,,,,,,
Germersheim,,,,,,
Studentenwohnheim,,,,,,
Landstraße 401,,,,,,
Themenreise,,,,,,
Nintendo Switch Sports Resort,,,,,,
Moar,,,,,,
Langenlebarn,,,,,,
Stromkabel,,,,,,
Schloss Neuhardenberg verhagelt,,,,,,
Strandbad Klagenfurt,,,,,,
Sanitäranlagen,,,,,,
Amt“,,,,,,
Praxistest,,,,,,
Tiefstands,,,,,,
Schätzungen,,,,,,
Pfaffenhof 1,,,,,,
Stuttgarter Wohnheims,,,,,,
klebrig-gelb,,,,,,
Kindertagespflege,,,,,,
Schwarzes-Loch-Stern,,,,,,
Zeit schmilzt,,,,,,
Hohen V…,,,,,,
Südtirol/Lombardei,,,,,,
Hitzewelle de…,,,,,,
Ibiza-Stadt,,,,,,
La Marina,,,,,,
Aldingen,,,,,,
Rekord­niveau,,,,,,
Teuerungsrate,,,,,,
Neulingen,,,,,,
Erkenntnisstand,,,,,,
Oman…,,,,,,
Gully,,,,,,
AFP-Informationen,,,,,,
Tiefenrekord,,,,,,
A Mining Sim,,,,,,
Región de Valparaíso,,,,,,
Couchtisch,,,,,,
Polykrise,,,,,,
Parthenstein,,,,,,
Bärbel,,,,,,
Sahnepudding,,,,,,
Biomozzarella,,,,,,
Milchreis,,,,,,
Zimtgeschmack,,,,,,
Handkes,,,,,,
Rollentrainer,,,,,,
verri…,,,,,,
Kocherbad,,,,,,
Sorten län,,,,,,
Inf…,,,,,,
Seeheim-Jugenheim,,,,,,
Gaming-Sparte,,,,,,
Disc-Aus,,,,,,
Deichrückverlegungen,,,,,,
Mega-Blackouts,,,,,,
Nachbarschaftsstreits,,,,,,
Schneekristallen,,,,,,
Hamburg-Niendorf,,,,,,
Butzli,,,,,,
Furggeli,,,,,,
Gummen,,,,,,
Weißen Elster,,,,,,
Weißen Elster“,,,,,,
Bohrloch-Batterie,,,,,,
Huthi-Milizen,,,,,,
Herr Huss,,,,,,
Spritpreis-Debatte,,,,,,
NS-Staat,,,,,,
Badi-Idyll,,,,,,
Herisau,,,,,,
Badi,,,,,,
san…,,,,,,
Beziehungen,,,,,,
Kulmbach,,,,,,
NINA-App,,,,,,
Warn-App,,,,,,
Meuselwitz,,,,,,
Einrichtungen,,,,,,
Literpreis von Montag,,,,,,
Haus einer Frau,,,,,,
Herbertingen,,,,,,
Niedersächsischen Justizministeriums,,,,,,
Dreh-Urinal,,,,,,
Landkreis Wittenberg,,,,,,
Wasserstand am Rhein,,,,,,
Schnaken,,,,,,
Rhein-Niedrigwasser,,,,,,
Klimaanlagen,,,,,,
Riesengewinne,,,,,,
Skala,,,,,,
Stryn,,,,,,
Stryn Summer Ski Center,,,,,,
Spritpreis-Ermittlungen,,,,,,
Mobilitätskosten,,,,,,
Tech-Aktien,,,,,,
Kleczew,,,,,,
Pozna,,,,,,
Hormus-Abkommen,,,,,,
Cloppenburg,,,,,,
Umweltschützern,,,,,,
Starlink-Blackout,,,,,,
Golfs…,,,,,,
Schattenflotte Russlands,,,,,,
Volldampf,,,,,,
Marktanalysehaus ICIS,,,,,,
Wasserwacht Senden,,,,,,
Konstablerwache,,,,,,
Eislokal,,,,,,
Nachbars,,,,,,
Hessen Offenbach,,,,,,
Offenbacher Innenstadt,,,,,,
Ammersbek,,,,,,
Leiber,,,,,,
Geschubse,,,,,,
Geschimpfe,,,,,,
Gepolter,,,,,,
Ibizas,,,,,,
Formenteras,,,,,,
Santa María de las Nieves,,,,,,
Kälterekord,,,,,,
Ostantarktis,,,,,,
Funkcheck,,,,,,
Malls,,,,,,
Fernkälte-Hightech,,,,,,
Supertrees,,,,,,
Umwelt-App,,,,,,
Schattenecken,,,,,,
Ver…,,,,,,
Hötting,,,,,,
Höttinger Bach,,,,,,
Continental,,,,,,
Spendengelder,,,,,,
Alten Oper,,,,,,
Lausitzer Seen,,,,,,
Senftenberger,,,,,,
Großräschener See,,,,,,
Lausitzer Seenland,,,,,,
Lausitzer Seenlandes,,,,,,
Hafen Senftenberg,,,,,,
Traditionskonzern Continental,,,,,,
Haus die Ursache,,,,,,
Höhenmesser,,,,,,
weiterlesenÜber,,,,,,
dunkle Stadt,,,,,,
Winter-Bettdecken,,,,,,
Seen,,,,,,
Böden,,,,,,
Nordvietnam,,,,,,
Erdgasspeichers Rehden,,,,,,
Übergewinne,,,,,,
Rekord-El Niño,,,,,,
Lieblingsband,,,,,,
Tatorts,,,,,,
PISA,,,,,,
Montabaur,,,,,,
Klingenberg am Main,,,,,,
Metallgeländer,,,,,,
Eskalation,,,,,,
Pipeline-Stopp,,,,,,
Statistikern,,,,,,
Empty Nest,,,,,,
trägtWenn,,,,,,
Anna-Maria,,,,,,
Bushidos,,,,,,
Schläge,,,,,,
Katastrophenalarm,,,,,,
Garten am besten,,,,,,
Kinderanteil,,,,,,
Umweltbehörde,,,,,,
Direktzahlungen,,,,,,
Kind-Lob,,,,,,
Landkreis Schaumburg,,,,,,
Esstisch herummäkele,,,,,,
El Mala,,,,,,
Lernbegleiter,,,,,,
Hürtgenwald,,,,,,
Gosen-Neu Zittau,,,,,,
Dieselreserven,,,,,,
Łódź,,,,,,
Sanssouci,,,,,,
Schatzsuche,,,,,,
Schnitzeljagd,,,,,,
Orangerieschlosses,,,,,,
Potsdamer Park Sanssouci,,,,,,
Landgericht Bremen,,,,,,
Schelle,,,,,,
Newsweek,,,,,,
Notfallreserven,,,,,,
Verbrennern,,,,,,
Notfall-Dieselreserven,,,,,,
Vergleichsportal,,,,,,
Verivox-Chef,,,,,,
EU-Vorschriften,,,,,,
Bloomberg…,,,,,,
Ukraine-Szenario,,,,,,
Insel Krk,,,,,,
Flutkatastrophe für Überlebende,,,,,,
Merz-Ansage,,,,,,
Rausch,,,,,,
Rolf-Liebermann-Studio,,,,,,
Bert,,,,,,
Ernie,,,,,,
Resilienz,,,,,,
Kfz‑Steuer,,,,,,
Staatschef,,,,,,
Normalstand,,,,,,
Exportstopp für Diesel,,,,,,
Lenas Hof,,,,,,
Beruhigungspillen,,,,,,
Huthi,,,,,,
Königreichs am Roten Meer,,,,,,
Gewalt,,,,,,
mir,,,,,,
Liter Diesel,,,,,,
Japans Bergen,,,,,,
Kinderkrankentagen,,,,,,
Karlsruher Hauptbahnhof,,,,,,
Flut-Katastrophe,,,,,,
New Phetchaburi Road,,,,,,
Gas-to-Power,,,,,,
Sesamstraße,,,,,,
Einsatzvorführungen,,,,,,
Hochwasserschutz-Projekt Feldkirch,,,,,,
Wurster Nordseeküste,,,,,,
Geschworenen,,,,,,
Anker,,,,,,
Plateforme Automobile,,,,,,
PFA,,,,,,
Klüssendorf zu Reiche,,,,,,
Viktualienmarkt,,,,,,
Feinkoststände,,,,,,
Traditionskaufhaus Kusterma…,,,,,,
Finanzmitteln,,,,,,
Museumsshops,,,,,,
Spritmarkt,,,,,,
Ölpipeline,,,,,,
Regeländerungen,,,,,,
Klinikums Oldenburg,,,,,,
New Yorks Bürgermeister Mamdani,,,,,,
Berliner Staudenmarkt,,,,,,
Berlin-Dahlem,,,,,,
Generalstaatsanwaltschaft Celle,,,,,,
Plymouth,,,,,,
Massachusetts…,,,,,,
Outdoorverein,,,,,,
Maracaibo-See,,,,,,
"Ölreserven
",,,,,,
Steff,,,,,,
Street-Art-Künstlern,,,,,,
Birmingham,,,,,,
Unionsfraktionsvize,,,,,,
hinabgestürzt,,,,,,
abgedeckter Fischerkahn,,,,,,
abtrocknenden,,,,,,
Tretboote,,,,,,
Weiße Wüste,,,,,,
Wenum-Wiesel,,,,,,
Apeldoorn,,,,,,
weiterlesenEs,,,,,,
Bewohner Kiews,,,,,,
Halle-Neustadt,,,,,,
Populisten,,,,,,
Schweizer Wintersport-Dorf,,,,,,
Kälte-Terror,,,,,,
Salzwind,,,,,,
Wang…,,,,,,
Pilzgifte,,,,,,
Chancengleichheit,,,,,,
Inselrepublik Kap Verde,,,,,,
Landeplatz,,,,,,
Strategische Gasreserve,,,,,,
Willhaben,,,,,,
Mittelmeerinseln,,,,,,
Universums i…,,,,,,
Sulzbach an der Murr,,,,,,
Schüsse,,,,,,
Statine,,,,,,
Weisweiler,,,,,,
Bodycam-Video,,,,,,
Bukavu,,,,,,
Patagoniens,,,,,,
Magallanes,,,,,,
Gestank,,,,,,
Blackout-Sommer,,,,,,
Endesa,,,,,,
"Dalt Vila
 ",,,,,,
Erdöl-Pipeline,,,,,,
Bezirken Feldkirch und Bludenz,,,,,,
Hessenpark,,,,,,
Umsetzungsphase,,,,,,
Deutschlands Zukunftsbranchen,,,,,,
INNSBRUCK/M.,,,,,,
Straße von Horm…,,,,,,
Pu…,,,,,,
Mehrfamilienhaus im Altländer Viertel,,,,,,
Straße von Hormus »Sperrzone,,,,,,
imago,,,,,,
Bahnstrecke bei Kuchen,,,,,,
US-Druck,,,,,,
Kindertageseinrichtungen,,,,,,
Tagesmüttern,,,,,,
Tagesvätern,,,,,,
Reichenhaller Bergwacht,,,,,,
Reichenhaller Haus,,,,,,
Seebach,,,,,,
Haus herumgeschlichen,,,,,,
Epfendorf,,,,,,
Landkreis Rottweil,,,,,,
Kerndisziplin,,,,,,
Swiss,,,,,,
Ekel-Hotel,,,,,,
Morgentau,,,,,,
Florian Leitgeb,,,,,,
amp,,,,,,
Hormus-Krise,,,,,,
Portillo im Schnee,,,,,,
Ordenspriester,,,,,,
Gas-Gegner,,,,,,
Radfahrergruppe,,,,,,
Wunschschule,,,,,,
Wartezeiten,,,,,,
Schulgruppe,,,,,,
Zeeland,,,,,,
Schulbescheide,,,,,,
Provinz Seeland,,,,,,
Niederlan…,,,,,,
Gastgebern,,,,,,
(5/5),,,,,,
engen,,,,,,
Digitalwirtschaft-Podcast,,,,,,
Elektrofahrzeugs,,,,,,
Geburtenzahlen,,,,,,
Wohnblock,,,,,,
Eismeer,,,,,,
Connewitz,,,,,,
Abschi…,,,,,,
Kinderlein,,,,,,
Isenthal,,,,,,
Eichenprozessionsspinner,,,,,,
Grünflächen,,,,,,
TTS-Player überspringenArtikel weiterlesenInnsbruck,,,,,,
bayerischen Grenze,,,,,,
Sicherheitskreisen,,,,,,
Hollywood-Potenzial,,,,,,
Tals…,,,,,,
Cupertino,,,,,,
Netto-Exporteur,,,,,,
Reutlingen-West,,,,,,
Philologenverband,,,,,,
Vegas,,,,,,
Landkreis Heidenheim st…,,,,,,
Salzburg Museum,,,,,,
Dommuseum,,,,,,
Erzdiözese Salzburg,,,,,,
Stifts St. Peter…,,,,,,
Mainzer Stadion,,,,,,
Hebertshausen,,,,,,
Landkreis Dachau…,,,,,,
Bergsteiger,,,,,,
Tiroler Berge,,,,,,
Stadt Ettlingen,,,,,,
Urnersee,,,,,,
Innerste,,,,,,
Kreis Heilbronn,,,,,,
Schutzwasserverbands Murtal-Süd,,,,,,
Straße von Hormus …,,,,,,
Barati,,,,,,
Hypothek,,,,,,
Innenministerkonferenz,,,,,,
Blitzeinschlag,,,,,,
Viöl,,,,,,
Terra preta“,,,,,,
Murtaler,,,,,,
Naturgefahrenmanagement,,,,,,
Gefahrenmanagement,,,,,,
Quietscheentchen-Rennens,,,,,,
Funkstille,,,,,,
Euro-Western,,,,,,
Messegelände,,,,,,
Jolien,,,,,,
Niels,,,,,,
Ägypten-Reise,,,,,,
KI-Blackout,,,,,,
Lebensverkürzende Krankheiten,,,,,,
Kinderpalliativzent…,,,,,,
Zugspitzplatt,,,,,,
Bayerische Zugspitzbahn,,,,,,
Unternehmenschef,,,,,,
Solarthermiekraftwerk,,,,,,
IT-,,,,,,
Windows-Blog,,,,,,
Anthropic,,,,,,
Start-up Qurie,,,,,,
Männern an der Brücke,,,,,,
Biber,,,,,,
Iran Israel,,,,,,
Durchsuchungen,,,,,,
Urt…,,,,,,
Allensbach,,,,,,
Kinderbetreuungsoffensive,,,,,,
Platz im Pflegeheim,,,,,,
Ellwangen,,,,,,
Landgericht Ellwangen,,,,,,
Pestopfern,,,,,,
Ust'Ida I,,,,,,
Würge-Vorfall,,,,,,
Hochwasser-Dämme,,,,,,
Kilometerlange Dämme,,,,,,
Netzbetreibern,,,,,,
Kindermedienfestival «Goldener Spatz,,,,,,
Zwischenfällen,,,,,,
Längsee,,,,,,
Landkreis Osterholz,,,,,,
Linden,,,,,,
Dingolfing-Landau,,,,,,
Kinderhilfswerk Unicef,,,,,,
Gas-Notfall,,,,,,
Baggerarbeiten,,,,,,
Aktivistengruppe,,,,,,
TEZ,,,,,,
Autismus-Kindern,,,,,,
Grünanlage,,,,,,
Altenstadt,,,,,,
Plänterwald,,,,,,
Traiskirchen,,,,,,
Livechat,,,,,,
Verwaltungsgericht Gelsenkirchen,,,,,,
Land Nordrhein-Westfalen,,,,,,
Tankstellenshops,,,,,,
Euphrat-Hochwasser,,,,,,
Speicher-Ausbau,,,,,,
Colmar,,,,,,
Brandenburgs Kliniken,,,,,,
Kostendruck,,,,,,
Gaststätte,,,,,,
Explosionsfalle,,,,,,
afrikanischen Kontinent,,,,,,
Spritpreises z…,,,,,,
Qinyuan,,,,,,
Unglücksursach…,,,,,,
Provinz Shanxi,,,,,,
Gartenzaun,,,,,,
weiterlesenSão Domingos de Rana,,,,,,
Alarmglocken,,,,,,
Migränemaske,,,,,,
US-Tüftler,,,,,,
Erdbeeren,,,,,,
ästhet…,,,,,,
OMV-Chef,,,,,,
Südkaukasusrepublik Armenien,,,,,,
Bestandsmieter,,,,,,
Wohnungssuchende,,,,,,
Paprikagewürz,,,,,,
Werder Bremen,,,,,,
Stunden str,,,,,,
Pfullingen,,,,,,
Brigitte,,,,,,
Sprechblockaden,,,,,,
Berat Arifi,,,,,,
USa,,,,,,
Helium,,,,,,
Schockvideo,,,,,,
Haus einer Familie,,,,,,
Bundesliga-Star,,,,,,
US-Gericht,,,,,,
Reflecting Pool,,,,,,
Lincoln-Denkmal,,,,,,
Washingtoner Innenstadt,,,,,,
Bochumer Straße,,,,,,
RTLZWEI-Doku,,,,,,
Niedersachs…,,,,,,
Gestein,,,,,,
Bo…,,,,,,
Genre-Experten,,,,,,
Spaziergänger,,,,,,
Palermo,,,,,,
Castellammare,,,,,,
Dunkel…,,,,,,
Stottern,,,,,,
Arcelor-Mittal,,,,,,
Lennebergwald zu,,,,,,
Neuheiten,,,,,,
Messe Interschutz,,,,,,
Frontalcrash,,,,,,
Kaltensundheim,,,,,,
Aschenhausen,,,,,,
Landkreis Sc,,,,,,
Kaltennordheim,,,,,,
Teltower Straße,,,,,,
Poststraße,,,,,,
Dorfklub-Trainer,,,,,,
Dienstleistungssektor,,,,,,
Landesfischereiverbands,,,,,,
ausgetrocknet,,,,,,
Mattighofen,,,,,,
Sailun,,,,,,
Reifenhersteller Sailun,,,,,,
E-Auto-Neuzulassungen,,,,,,
Gasaufkommens,,,,,,
Gasmix…,,,,,,
Dschungel-Kohle,,,,,,
Behördenkreisen,,,,,,
Mülltour,,,,,,
Unimog,,,,,,
Lünen,,,,,,
Portugiesen,,,,,,
Wurstfabrik,,,,,,
Fäulnisgeruch,,,,,,
BILD-Podcast,,,,,,
US-Bundesstaat Missouri,,,,,,
Heide…,,,,,,
Bundesliga-Traum,,,,,,
Sonntagabend ge,,,,,,
Montagvormittag z…,,,,,,
Hilfsanträgen,,,,,,
Klimawindkanal,,,,,,
Ahrtal-Katastrophe,,,,,,
Cleveland,,,,,,
Berlin-Zehlendorf,,,,,,
Walterhöferstraße,,,,,,
US-Börsendebüt,,,,,,
Berichtssaison,,,,,,
Betreuungspersonal,,,,,,
Brunei,,,,,,
Teheraner Militärmuseum,,,,,,
Essstörungen,,,,,,
parteiinterner,,,,,,
Wien/Berlin,,,,,,
Krisenmanagement bei Stromausfall,,,,,,
Schlingensief,,,,,,
Studentenstadt Freimann,,,,,,
Altbaus des Landtagsgebäudes,,,,,,
Entwicklungspsycho…,,,,,,
DNA,,,,,,
Haus der Geschichte“,,,,,,
Wegners,,,,,,
Berliner Blackouts,,,,,,
Alpiner Solarstrom,,,,,,
Großtagespflegen,,,,,,
Bayerischen Kinderbetreuungsgesetzes,,,,,,
Zeche Prosper-Haniel,,,,,,
Spielzeugregal,,,,,,
Wallersdorf,,,,,,
Furth im Wald,,,,,,
Rechtsnachfolger,,,,,,
Zuckerberg,,,,,,
Mazda-Fahrer,,,,,,
Aurich,,,,,,
Verbote,,,,,,
Lorettobad,,,,,,
Port…,,,,,,
Olympia-Platz,,,,,,
Haustürschlüssel,,,,,,
Totalschaden,,,,,,
Sprit-Wut,,,,,,
Thüringer Landesamts,,,,,,
Bergkamen,,,,,,
Dortmunder Landgericht,,,,,,
(21,,,,,,
Bondage,,,,,,
Washingtoner,,,,,,
eleQtron,,,,,,
Technologieoffen,,,,,,
britischen Regierung,,,,,,
Benzinkrise,,,,,,
Wintersaisonen,,,,,,
Mönichkirchen,,,,,,
Sommergäste,,,,,,
Ex-Bundesliga-Star,,,,,,
Gemüse-Gärtner,,,,,,
Ostgrönland,,,,,,
Sermilik-Fjord,,,,,,
Literpreis von Donnerstag,,,,,,
Verarmungsgefahr,,,,,,
Rekordniveaus,,,,,,
Weixdorf,,,,,,
Bundeskartellamts,,,,,,
Aufwärtskurve,,,,,,
Wohlergehen von Kindern,,,,,,
Unterföhringer,,,,,,
Trucks,,,,,,
Fließer,,,,,,
Fließerau,,,,,,
Bezirk Landeck,,,,,,
Family-Abos Kinderkonten,,,,,,
Paula,,,,,,
Texas Hill,,,,,,
Hochwasserschutz an Donau,,,,,,
Extremwetterereignissen,,,,,,
Neues Feld,,,,,,
Bohrinsel,,,,,,
Betzenstein,,,,,,
Autobahn 43,,,,,,
Gemeinschaft,,,,,,
Innovation,,,,,,
Ardèche,,,,,,
Freeride,,,,,,
Parallel-Snowboarden,,,,,,
Benzinpreis-Krise,,,,,,
Sedlitzer See,,,,,,
Bad Mergentheim,,,,,,
Deutschlands Bahn,,,,,,
Grundschulen,,,,,,
Sassnitzer,,,,,,
Kuhstall,,,,,,
Eiswürfelmaschine,,,,,,
Saudi-Arabiens,,,,,,
Ras Tanura,,,,,,
Rostiger Nagel,,,,,,
Tankstellenverband bft,,,,,,
Braunkohlekraftwerk Schkopau,,,,,,
Naturbad,,,,,,
Naturbads,,,,,,
Ennigerloh,,,,,,
Königsbrunn,,,,,,
Stadt Wilhelmshaven,,,,,,
Höchstpreisen,,,,,,
Moller-Maersk,,,,,,
Deko-Kette Depot,,,,,,
Insolvenzverfahrens,,,,,,
Kohlenstoffmonoxid,,,,,,
hartgewordene Erde,,,,,,
Bachstelzen,,,,,,
Panzerfahrzeugen,,,,,,
Mbappé,,,,,,
Basdorf,,,,,,
Familienauto,,,,,,
Öldepot,,,,,,
Mette-Marit,,,,,,
Columbiabad,,,,,,
Blutreserven,,,,,,
Landesfeuerwehrverband,,,,,,
Kohlenmonoxidvergiftungen,,,,,,
Insta,,,,,,
Wagner-Antwort,,,,,,
Winston-Salem,,,,,,
Frisch,,,,,,
Dreiräder,,,,,,
Can-Am Canyon,,,,,,
Busfahrer,,,,,,
Bickenbach,,,,,,
Winterdienstfahrz…,,,,,,
Hufen von Rindern,,,,,,
Landgericht Old…,,,,,,
Tankrabatts Diesel,,,,,,
Juni-5,,,,,,
Waldpark Hochreiter,,,,,,
Salem,,,,,,
Katastrophenfall blank da,,,,,,
Berliner Südwestens,,,,,,
Landgericht Kassel,,,,,,
Ersparnis Schlusslicht,,,,,,
Guangxi,,,,,,
Zentral- und Südchina,,,,,,
Rabatt-Aus,,,,,,
Dell-Aktie,,,,,,
Trump-Aussage,,,,,,
Dell-Gründers,,,,,,
Herstellers,,,,,,
Dell,,,,,,
Sp…,,,,,,
Mobilfunkanbieter,,,,,,
Telstra,,,,,,
Telekommunikationsanbieters Telstra,,,,,,
Mieterhöhungen,,,,,,
Gaskraft-Zukunft,,,,,,
Rekiz,,,,,,
Wintersport-Gemeinde Park City,,,,,,
Rahmenabkommens,,,,,,
Utah,,,,,,
Sportartikel-Markt,,,,,,
Highperformer,,,,,,
Vorschrift,,,,,,
Kummer,,,,,,
Dörfles-Esbach,,,,,,
Qualm entw…,,,,,,
Kohle-Abbaus,,,,,,
Grevenbroich a…,,,,,,
Stahlaktien,,,,,,
Tankrabatt-Aus,,,,,,
Vertragsfehler,,,,,,
Gasgrill,,,,,,
Oberpfalz Videoaufnahmen,,,,,,
Meta Glasses,,,,,,
Rockstar,,,,,,
Ried,,,,,,
Egyptian Theatre,,,,,,
Park City,,,,,,
SundanceFilmFestival,,,,,,
Kraftwerks,,,,,,
Akkord,,,,,,
Überschwemmungsgefahr,,,,,,
Wiler,,,,,,
Unteres Unterinntal,,,,,,
Überflutungsflächen,,,,,,
Western Australia,,,,,,
Wieden,,,,,,
Mulde,,,,,,
Klima-Widerstands,,,,,,
Kinderzimmern,,,,,,
Wil,,,,,,
Anzeigetafel,,,,,,
Feuerwehrhaus,,,,,,
Erziehungsgeld,,,,,,
klimafit,,,,,,
Schlosspark Ludwigslust,,,,,,
Austria 25,,,,,,
Pritscheln,,,,,,
Wassernobelpreis,,,,,,
Royal,,,,,,
Widersprüchen,,,,,,
Ludwigslust,,,,,,
Weltkindertag,,,,,,
Wasserverbände Hochwasserschutz,,,,,,
Nordostchina,,,,,,
Europäische Rechnungshof,,,,,,
Galopp,,,,,,
Judenau,,,,,,
Haus der Familie,,,,,,
Judenau …,,,,,,
Online-Audio-Monitor,,,,,,
Online-Audio-Nutzung,,,,,,
Verzug,,,,,,
Saratow,,,,,,
Menschenkette,,,,,,
Berliner Havel,,,,,,
Gärtenin Berlin-Spandau,,,,,,
Zahlungsschwierigkeiten,,,,,,
Krisenfest,,,,,,
Landesverwaltungsgericht,,,,,,
LVwG,,,,,,
Meth…,,,,,,
James-Webb-Teleskop,,,,,,
Weltraumteleskop,,,,,,
Blenheim Palace,,,,,,
EM,,,,,,
London-Besuch,,,,,,
Zickzacklauf,,,,,,
Niederösterreich Dämme,,,,,,
Bruck an der Leitha,,,,,,
Kimchi,,,,,,
Private-Equity-Fonds,,,,,,
Kinder-Depots,,,,,,
Froschkönig,,,,,,
Hänsel,,,,,,
Gretel,,,,,,
Organspende,,,,,,
Landtag von Sachsen-Anhalt,,,,,,
Zwölfaxing,,,,,,
Kammerstein,,,,,,
Familiensaga,,,,,,
Landkreis Roth,,,,,,
Kiew kriegt Moskau,,,,,,
Problem-Hochhaus,,,,,,
Darlington,,,,,,
Flächenbränden,,,,,,
Hofstetten-Grünau,,,,,,
Pfungstädter OB-Stichwahl,,,,,,
Hähnchenschenkel,,,,,,
Schalotten,,,,,,
Schuleint…,,,,,,
Schulmaterial,,,,,,
Hahnstraße ei,,,,,,
Land schließe,,,,,,
Oberweyer,,,,,,
Kreis L…,,,,,,
Blenheim,,,,,,
Blenheim Park,,,,,,
Mannschaftsgold,,,,,,
Knochen-Kälte,,,,,,
Bewerbungsgespräch,,,,,,
Rechtfertigungsschleifen,,,,,,
Block-Kindern,,,,,,
Nordschwaben,,,,,,
Tettau,,,,,,
Landkreis Kronach,,,,,,
Sommerhitze,,,,,,
Provinz Gyeonggi,,,,,,
Spielhöllen,,,,,,
süß,,,,,,
bonbonfarben,,,,,,
Thüringer Regierungschef,,,,,,
Grü…,,,,,,
Kirn“,,,,,,
Hochwasserabflusskanals,,,,,,
Wechsel-Schluss,,,,,,
Landtag am Hannah-Arendt-Platz,,,,,,
Cux…,,,,,,
Burger-Brötchen,,,,,,
Steuererhöhungen,,,,,,
Quizfragen,,,,,,
ProSieben-Show,,,,,,
Nuuk,,,,,,
Landesmeistertitel,,,,,,
Brandenburg Museum,,,,,,
Saatkugeln,,,,,,
Sila Sibiri,,,,,,
Dresden de…,,,,,,
Sila Sibiri 2,,,,,,
Lützel,,,,,,
Klimaschutz-Kontinent,,,,,,
Omas,,,,,,
Opas,,,,,,
Borkum/Berlin,,,,,,
Gasfeld,,,,,,
Braucht Deutschland,,,,,,
Gladenbach,,,,,,
Cuxhaven,,,,,,
Schulumfeld,,,,,,
Stadt Cuxhaven,,,,,,
Holtwick,,,,,,
Katrina New Orleans,,,,,,
Xavi-Kohle,,,,,,
Nikosia,,,,,,
dani,,,,,,
Rollstuhl,,,,,,
Autobahndreieck Drammetal,,,,,,
Eisbad,,,,,,
Beas,,,,,,
Rhein-Lahn-Kreis,,,,,,
Gasnetzentgelte,,,,,,
Ahoi Kreuzfahrt-Piraten,,,,,,
☠,,,,,,
Bochum-Westenfeld,,,,,,
Westenfelder Straße,,,,,,
Nachhinein…,,,,,,
Aufschub,,,,,,
Gastro-Leerständen,,,,,,
Washington gi…,,,,,,
Rosendahl-Holtwick,,,,,,
Nordthy A/S,,,,,,
Regulierungsbehörde E-Control,,,,,,
sanierungsbedürftiger,,,,,,
Museum des Klosters Ottobeuren,,,,,,
Russisches Sanktions-Gas,,,,,,
Weltklasse-Stürmers,,,,,,
Mode-Buzz,,,,,,
haarscharf,,,,,,
Vaihingen/Enz,,,,,,
Berliner Mega-Blackout,,,,,,
Hausbesitzer Stromausfälle,,,,,,
Seide,,,,,,
Byzanz,,,,,,
Bad Bederkesa,,,,,,
Ehec-Ausbruch,,,,,,
Corona-Impfung,,,,,,
Schimmel im Badezimmer,,,,,,
Gemeinde Alpen,,,,,,
Wesel,,,,,,
Ganges,,,,,,
Steinwenden,,,,,,
Gewaltdelikten,,,,,,
klimabedingt,,,,,,
klimabedin…,,,,,,
Land ausgetrocknet,,,,,,
Ramsau auf…,,,,,,
Eimsbüttel,,,,,,
Bergschrund,,,,,,
Fossiles Gas,,,,,,
Wortes,,,,,,
besonnenem,,,,,,
Ölfonds,,,,,,
Windkraf…,,,,,,
Windk…,,,,,,
Gaienhofen,,,,,,
Freibad,,,,,,
Alufolie,,,,,,
E-Auto,,,,,,
Beißattacken von Hunden,,,,,,
Pensa,,,,,,
Trauma,,,,,,
Internets,,,,,,
loszurennen,,,,,,
VR,,,,,,
Doekhi,,,,,,
Unicef-Angaben,,,,,,
Dachstein,,,,,,
Marsala,,,,,,
Zimt,,,,,,
Draußensitzen,,,,,,
Misteln,,,,,,
Bärenangriff,,,,,,
Heizungsuhr,,,,,,
Bellingham,,,,,,
Magdeburger Elbe-Fähren,,,,,,
Schwarzwalde…,,,,,,
dpa/sn,,,,,,
Schneereg…,,,,,,
Mistel,,,,,,
Krebsmedizin,,,,,,
Wetter-Bedingungen,,,,,,
Kommune…,,,,,,
Oblast Dnipropetrowsk,,,,,,
Gebirgsregionen,,,,,,
Trump-Zeit,,,,,,
Wintersportz…,,,,,,
Offenbach/Poppenhausen,,,,,,
Bundesbehörde E-Control,,,,,,
Mailand/Cortina,,,,,,
Energiesparmodus,,,,,,
Putins Reich,,,,,,
Grenzsituationen,,,,,,
Urgewald,,,,,,
Tschernihiw,,,,,,
Sunderland,,,,,,
Herbst-Joggen,,,,,,
Laufstrecke,,,,,,
Leica Galerie Düsseldorf,,,,,,
Flughafen Berlin-Brandenburg,,,,,,
Nord-Stream-Gasleitungen,,,,,,
Statistischen Bundesamts…,,,,,,
Chat,,,,,,
Haus von,,,,,,
Mitteleuropäer,,,,,,
Petrolheads,,,,,,
Orchesters,,,,,,
Annaberg-Buchholz,,,,,,
Sportdirektor-Abgang,,,,,,
Winter-Angebote,,,,,,
Wasserwelt Aqua MundoKinderbauernhof,,,,,,
AKNÖ,,,,,,
Bayern-Black-Out,,,,,,
Neue Bellingham-Chance,,,,,,
Kovac,,,,,,
Helikopter,,,,,,
Warnsignalen,,,,,,
Atommüll-Problem,,,,,,
Wintertourismus,,,,,,
ImWind,,,,,,
Badewannen-Düsen,,,,,,
Rostocker Volkstheater,,,,,,
Übergangsmantel,,,,,,
Sonnenbrille,,,,,,
Pensionsalter,,,,,,
Thüringer Kommunen,,,,,,
Obdachlosenhilfe,,,,,,
Dezember-Hoch,,,,,,
Ferienende,,,,,,
Schwedens Bergen,,,,,,
Gülle,,,,,,
Politi…,,,,,,
Wiener Pensionistenklubs,,,,,,
Clubbing,,,,,,
Nachtleben,,,,,,
Obduktionsergebnis,,,,,,
Feuerbach,,,,,,
Kinderaugen,,,,,,
Straßenmeistereien des Landes,,,,,,
ICE-Einsatz,,,,,,
nordrhein-westfälische Landtag,,,,,,
Schattenparkens,,,,,,
Outdoor-Abenteuer,,,,,,
Schwedens…,,,,,,
Winter-Hilfe,,,,,,
Grundremmingen,,,,,,
Königssee,,,,,,
Mainzer Neustadt,,,,,,
Gräfenthal,,,,,,
Viborg,,,,,,
Merach,,,,,,
Landgericht Dänemark,,,,,,
Schnee-Garantie,,,,,,
Weihnachtsmarkt Schneeflocken,,,,,,
Wandsbeker Winterzauber,,,,,,
Krank am Wochenende,,,,,,
Händen,,,,,,
Reddit,,,,,,
Kiruna,,,,,,
Zentr…,,,,,,
Stralendorf,,,,,,
Beach-Life,,,,,,
Windpassing,,,,,,
Traisen,,,,,,
Kino-Jugendschutz,,,,,,
Stadt investi…,,,,,,
Verursacher,,,,,,
Sturmtief Bäume,,,,,,
Elb-Pegel St. Pauli,,,,,,
Kohlekraftwerk,,,,,,
Rhein-Erft-Kreis,,,,,,
Wohnwagen,,,,,,
Vorzelte,,,,,,
Polizeipräsidiums Offenburg,,,,,,
Gmünd,,,,,,
Braunaubaches,,,,,,
Yungblud,,,,,,
Stolpe,,,,,,
Landkreis Vorpommern-Greifsw…,,,,,,
Sirenen-Alarm,,,,,,
Hanse-Stadt,,,,,,
Millionen-Metropole,,,,,,
Qudang ge,,,,,,
Berg-Touristen,,,,,,
Nachbarland Nepal,,,,,,
Mount Everest festsaßen,,,,,,
manövrierunfähiger,,,,,,
Dreierpack,,,,,,
Stadtstaaten Bremen,,,,,,
Pelzfarmen,,,,,,
Österreichs Staatsfläche,,,,,,
Rohrleitungen,,,,,,
Eschweiler,,,,,,
Safety-Modus,,,,,,
Teilhabezuschüsse,,,,,,
Freizeiteinrichtungen,,,,,,
Zug…,,,,,,
Portals FinanzOnline,,,,,,
Land Schwerpunktaktionen,,,,,,
Karlsruher Behörde,,,,,,
Eizellen,,,,,,
Kölner Haus,,,,,,
Eduard-Heis-Straße,,,,,,
Iden im,,,,,,
Iden im …,,,,,,
Grimmen,,,,,,
Monophosphan,,,,,,
Insel La…,,,,,,
Ex-Bosch-Mitarbeiterin,,,,,,
Ineos,,,,,,
Rheinberg,,,,,,
Rettung am Reinersberg,,,,,,
Theaterbühne</li><li,,,,,,
Elterninitiativen,,,,,,
Everest,,,,,,
Himalaja,,,,,,
Herdecke,,,,,,
Fehlstart,,,,,,
Torwart-Blackout,,,,,,
B4,,,,,,
Perth,,,,,,
Gebärens,,,,,,
Kirburg,,,,,,
Heuchelei,,,,,,
Stuttgarter Platz,,,,,,
Krabbelstube Hügelhüpfer,,,,,,
Eschersheim,,,,,,
Ginnheim,,,,,,
Landgericht Mainz,,,,,,
Oltrepò Pavese,,,,,,
Leoben,,,,,,
Stadt Leoben,,,,,,
Haus sind</li><li>Demnächst,,,,,,
Haus sind“</li><li,,,,,,
Schwebebahn Fichtelberg,,,,,,
Stadt Tschernihiw,,,,,,
Salching,,,,,,
Seniorenwohnen,,,,,,
Maria Anzbach,,,,,,
Hamburg-Groß Borstel,,,,,,
Hundemantel,,,,,,
Silo,,,,,,
Grünstrom,,,,,,
Berges,,,,,,
Nürtingen,,,,,,
Zimmern,,,,,,
Kohleberge,,,,,,
Jangtse,,,,,,
Nanjing,,,,,,
Klagenfurt-Viktring,,,,,,
Treimischer Teich,,,,,,
Wien-Währing,,,,,,
Bremischen Bürgerschaft,,,,,,
UK,,,,,,
Ache,,,,,,
Werder-Problem,,,,,,
Stadt Minneapolis,,,,,,
Pestalozza,,,,,,
Osthol…,,,,,,
Hochwasser-Gebieten,,,,,,
Kinderhaben,,,,,,
Sarg,,,,,,
Volksstadio…,,,,,,
Flussanlieger,,,,,,
Ahrflut,,,,,,
Kreishaus,,,,,,
Benefizfahrt,,,,,,
Eutin,,,,,,
Backnang,,,,,,
Audresselles,,,,,,
Zwickauer,,,,,,
Dynamo-Blackout,,,,,,
Erdbeben in Almería,,,,,,
launisch,,,,,,
Flutkatastrophe im Frühsommer,,,,,,
Veröffentlichung,,,,,,
Prävention,,,,,,
Umzugsdrama,,,,,,
Problem-Haus,,,,,,
Kärnten/Tirol,,,,,,
Statistischen Landesamt,,,,,,
Aufholbedarf,,,,,,
Flutkatastrophe in Texas,,,,,,
Hausschwein,,,,,,
Contenance,,,,,,
Elternteil am Familientisch,,,,,,
Essens,,,,,,
Colosseum,,,,,,
Berliner Verkehrswelt,,,,,,
"Erdbeben der Stärke 7,5 vor der Halbinsel Noto",,,,,,
Zwanzigern,,,,,,
NV Arena,,,,,,
NV Arena für große Schäden,,,,,,
Stadions…,,,,,,
Dattelkuchen,,,,,,
Bad Wildbader,,,,,,
Calmbach,,,,,,
Kreis Calw,,,,,,
Feuer-Drama,,,,,,
Texas-Flut,,,,,,
Geißstein,,,,,,
Mittwo…,,,,,,
Kanalküste,,,,,,
Krake,,,,,,
Brics-Länder,,,,,,
Polens Küste,,,,,,
vorbeidenken,,,,,,
Bad Lauchstädt,,,,,,
Förderband,,,,,,
Solnzewski-Mine  ,,,,,,
Drogenbanden,,,,,,
Nimes,,,,,,
Bangladeschs,,,,,,
Urlaubs,,,,,,
Einbecker…,,,,,,
klim…,,,,,,
Ausländerinnen,,,,,,
Total-Blackout,,,,,,
Liefervertrag,,,,,,
Gasmotoren-Heizkraftwerks,,,,,,
Hochwasserdeich,,,,,,
Schutzpläne für das Dorf an der niederbayerischen Donau,,,,,,
Aidenbach am…,,,,,,
Landgericht am Freitag,,,,,,
Hamburg-Ohlsdorf,,,,,,
Donnerstaga…,,,,,,
Gladbach-Abflug,,,,,,
Reitz,,,,,,
Chatbots,,,,,,
Staatsversagen,,,,,,
Riester,,,,,,
Jugendschutz,,,,,,
Shapourzadeh,,,,,,
Favoriten-Rolle,,,,,,
Hansa-Boss,,,,,,
Kohle-Klartext,,,,,,
Landkreis Unterallg…,,,,,,
Premier Fico,,,,,,
Platzeck,,,,,,
Phising,,,,,,
Münchner Innenstadt,,,,,,
Woltemade-Poker,,,,,,
Kiss-Cam-Eklat,,,,,,
Hochkalter-Gipfel,,,,,,
Schifferstadt,,,,,,
gekom…,,,,,,
Vize-Kapitänin,,,,,,
Museum für Kinder,,,,,,
Haare,,,,,,
Rio de Janeiro ang…,,,,,,
Brics-Gipfel,,,,,,
US-Bundesregister,,,,,,
Nazi-Deutschland,,,,,,
Festivals,,,,,,
Online-Shopping,,,,,,
Millionen-Investor,,,,,,
Prozesses,,,,,,
Holzelfinger Steige,,,,,,
Mittelland,,,,,,
Sonnenaufgang,,,,,,
Sonnenuntergang,,,,,,
Brasilianer,,,,,,
Kiosk,,,,,,
Wohnzimmersofa,,,,,,
Klimafonds,,,,,,
Khyber Pakhtunkhwa,,,,,,
Khyber Pakhtun…,,,,,,
Sommerfest,,,,,,
Bub,,,,,,
Beizensterben,,,,,,
Il Gallo,,,,,,
Escher-Wyss-Platz …,,,,,,
blauen Tor,,,,,,
Autobahnbrücke stüzte,,,,,,
Abgrund,,,,,,
Internetgruppe,,,,,,
Sersheim,,,,,,
Nidda-Stausee,,,,,,
Alte Burg,,,,,,
Mammutbäume,,,,,,
Nidda-Talsperre,,,,,,
Vogelsberg u,,,,,,
Brevik,,,,,,
Energiesystems,,,,,,
Stromsystems,,,,,,
Inselkönigreich,,,,,,
Netzwerken,,,,,,
Bissingen an der Teck,,,,,,
Räumfa…,,,,,,
Summe,,,,,,
(g+),,,,,,
Hochsommer Oberwiesenthal,,,,,,
Visselhövede,,,,,,
Erdbeer…,,,,,,
Anlauftal,,,,,,
Ausbildungschaos,,,,,,
Hängematte,,,,,,
la…,,,,,,
Centre Court,,,,,,
plö…,,,,,,
Glarner,,,,,,
Feldsträsschen,,,,,,
Blumenwi…,,,,,,
Ki…,,,,,,
Onlinenetzwerken,,,,,,
Weste…,,,,,,
Guadalupe in …,,,,,,
A 3,,,,,,
Stephanie Iten,,,,,,
Pekanussbäume,,,,,,
Shorts,,,,,,
Zentraltexas,,,,,,
Eichen,,,,,,
Guadalupe-Flusses,,,,,,
Schulwege,,,,,,
Llano River,,,,,,
Effizienzrekord,,,,,,
Hardcore-Pornos,,,,,,
Deutsche Theater und Opern,,,,,,
Wimbledon-Blackout,,,,,,
Steiermark leiden,,,,,,
Therapeut,,,,,,
Leitha,,,,,,
Ampel-Muster,,,,,,
Baseballkappe,,,,,,
Rüppurr,,,,,,
Nidwalden,,,,,,
Obwalden,,,,,,
Millionenteure,,,,,,
Buoholzbach,,,,,,
Fahrradunfällen,,,,,,
Bisamberg,,,,,,
Bezirk Korneuburg,,,,,,
Gutachtens,,,,,,
Wohlstandsverwahrlosung,,,,,,
Döner Kebab,,,,,,
Drehspieß,,,,,,
Ware …,,,,,,
Rosengarten,,,,,,
Bundesärztekammer,,,,,,
Nova Meierhenrich,,,,,,
Kontext ei…,,,,,,
Stromsteuer,,,,,,
Aroma,,,,,,
Eisfach,,,,,,
Herpa,,,,,,
Schnieder,,,,,,
Altach,,,,,,
Kernen,,,,,,
Remstal,,,,,,
Statistische Landesamt am Donnerstag,,,,,,
Schimmelbefall an der Wand,,,,,,
Kreis Heinsberg,,,,,,
Hückelhoven,,,,,,
Schuljahr de,,,,,,
Gassorten,,,,,,
Notfallseelsorgern,,,,,,
Heartland,,,,,,
Sportanlagen,,,,,,
Steakhouse-Erbin Christina Block,,,,,,
CO2-Leck,,,,,,
Stuttgart-Fasanenhof,,,,,,
Fasanenhof,,,,,,
Prügelorgien,,,,,,
Griffweite,,,,,,
Hosentasche,,,,,,
Lunge,,,,,,
Neubauer,,,,,,
Zustands,,,,,,
Gothic-Musikerin,,,,,,
Lorbeerwälder,,,,,,
Waischenfeld,,,,,,
Unwetterereignissen,,,,,,
geschütz…,,,,,,
Gas-Unfall,,,,,,
Polizeipräsidiums München,,,,,,
Pferdestall,,,,,,
Regierung,,,,,,
Jahresmitte,,,,,,
Niedrigzinsphase,,,,,,
Corona-Lockdowns,,,,,,
Dachsteingletschern schmilzt,,,,,,
Dachsteingebiet,,,,,,
Dachstein-Seilbahn,,,,,,
Lernerfolg,,,,,,
Bastei,,,,,,
Nationalpark Shisha,,,,,,
Investitionsstau,,,,,,
Inselparadies La Palma  ️.,,,,,,
Kälte-Blues,,,,,,
Lungenbläschen,,,,,,
Kanadiern,,,,,,
Reaktion,,,,,,
Moodys,,,,,,
Helikopter am Morgen,,,,,,
Atomkraftwerk Gösgen,,,,,,
Poker-Profi,,,,,,
Shakespeare-Sonetten,,,,,,
Louise,,,,,,
Uebigau-Wahrenbrück,,,,,,
Transfer-Kohle,,,,,,
Hohe Defizite,,,,,,
Budgetpolitik,,,,,,
S&amp;P,,,,,,
Sorokins,,,,,,
Elite-Uni,,,,,,
Nierstein,,,,,,
Mainz-Mombach,,,,,,
Bezirk Marzahn-Hellersdorf,,,,,,
Mailbox,,,,,,
Elmshorner,,,,,,
besta…,,,,,,
Zaun“,,,,,,
Rheinfelde…,,,,,,
Kluis,,,,,,
Bundesministerium,,,,,,
Landgericht Darmstadt,,,,,,
Festplatz,,,,,,
Weavs GmbH,,,,,,
Niederschlagsmengen,,,,,,
Pegelstände,,,,,,
Kanal…,,,,,,
Lummerland,,,,,,
Wohlfühl-Bereich,,,,,,
IbizaHEUTE,,,,,,
Golfanlagen,,,,,,
Beachvolleyballplätzen,,,,,,
Super-Lauf,,,,,,
Poker-Talent,,,,,,
Preispool,,,,,,
Möllenbeck,,,,,,
Große Teile des Landes,,,,,,
Gesamtschade…,,,,,,
Hochwasserab…,,,,,,
Peine,,,,,,
Laternenfest,,,,,,
Festplatz an der Saaleschleife,,,,,,
Gerätehaus,,,,,,
MMA-Insel,,,,,,
Schwarzwald-Helmut,,,,,,
Wetter-Apps,,,,,,
Bergunglück,,,,,,
Berg Laila Peak,,,,,,
Kreis Mister Katastrophenschutz,,,,,,
Lackenhof am Ötscher,,,,,,
Kongsfjord,,,,,,
Postfossilität,,,,,,
Gaza-Stadt,,,,,,
Energie-Check,,,,,,
Kieze,,,,,,
Kinder-Fotos,,,,,,
Kerim,,,,,,
Südsudans,,,,,,
Haitis,,,,,,
Stadt Hannover,,,,,,
Heizkosten-Dilemma,,,,,,
Feldkirchs,,,,,,
Karakorum,,,,,,
Seebads Ahlbeck,,,,,,
Gischt,,,,,,
Khao Lak,,,,,,
Arktis“,,,,,,
Frieda,,,,,,
Heuboden,,,,,,
Agi,,,,,,
New York/Pennsylvania,,,,,,
Bann,,,,,,
Bundesstaat Alabama,,,,,,
Hünxe,,,,,,
Bruckhausen,,,,,,
Netto-Null-Emissionen,,,,,,
Staat Katar,,,,,,
QatarEnergy,,,,,,
Maien,,,,,,
Ferienlager Maien,,,,,,
DR Kongo,,,,,,
Entwicklungschancen,,,,,,
Yu Zidi,,,,,,
Mittagessens,,,,,,
Großraum Peking,,,,,,
Großr…,,,,,,
Rührsdorf  ,,,,,,
hochwasserführenden,,,,,,
Consti,,,,,,
Schalke-Held Katic,,,,,,
Katic,,,,,,
Abwasserkanal,,,,,,
Gasleck erfo…,,,,,,
Nam,,,,,,
Villa der Versuchung,,,,,,
Wiedersehens,,,,,,
Mahd,,,,,,
Basalt-Gestein,,,,,,
Unicorn-Gründer,,,,,,
RheinEnergieStadion,,,,,,
Svancers,,,,,,
Livign…,,,,,,
Cybersecurity-Tipps,,,,,,
Online-Katalog,,,,,,
Gaza-Konflikt,,,,,,
Carnuntum,,,,,,
Oberpannoniens,,,,,,
Tafamunt-Seilbahn,,,,,,
Ahmed al-Farras,,,,,,
Villa in München,,,,,,
gleichzubehandeln,,,,,,
Fasaneriesee,,,,,,
… Viet,,,,,,
Münchner Haus der Kunst,,,,,,
Smartphone-Bremsen,,,,,,
Grasse,,,,,,
Doppelnamen,,,,,,
Sankt Martin,,,,,,
Rohrbach,,,,,,
Potsdam/Spremberg,,,,,,
bb,,,,,,
Reserven,,,,,,
Winter-Camp,,,,,,
Braunkohlekraftwerk Schwarze Pumpe,,,,,,
Spremberg …,,,,,,
Deutschland w…,,,,,,
Therme Linsberg Asia,,,,,,
Bad Erlach,,,,,,
Bezirk Wr,,,,,,
Steintor,,,,,,
Rekordwinter,,,,,,
Herbst/Winter 2025,,,,,,
Farb-Expertin,,,,,,
Kollbach,,,,,,
Ablöse,,,,,,
Bahnstrecke Ulm-Friedrichshafen,,,,,,
Wetzikon,,,,,,
Fasnet-Fans,,,,,,
Bad Käthe Kollwitz,,,,,,
Wegduckens,,,,,,
Schleswig-Holste…,,,,,,
Orchideen,,,,,,
Gipfellagen,,,,,,
Umschlagrekord,,,,,,
Sheffield,,,,,,
Karton,,,,,,
Spreewald-Ort Burg,,,,,,
Wohnzimmer Picasso,,,,,,
gefli…,,,,,,
Schwabens,,,,,,
Südafrik…,,,,,,
Schaulustige,,,,,,
Eisberge locken,,,,,,
Einbruchversuch,,,,,,
Pattex Mini Luftentfeuchter,,,,,,
A 42,,,,,,
Tote,,,,,,
Tsunami-Gefahr,,,,,,
Kamatsch…,,,,,,
Sucre,,,,,,
Panama,,,,,,
Berlin-Treptow,,,,,,
Moder,,,,,,
Fußgängern,,,,,,
Polling,,,,,,
Morgenpost-Reporter,,,,,,
Walsrode,,,,,,
Fahrzeugs,,,,,,
Naturkatastrophenbilanz,,,,,,
Tierpark berlin13.01…,,,,,,
Unfallkrankenhaus Berlin,,,,,,
Kunstkarussell am Kulm,,,,,,
Hotel St. Moritz,,,,,,
Strom-,,,,,,
Schlusslicht Dresdner Eislöwen,,,,,,
Internet-Sperre,,,,,,
Stadiondachs,,,,,,
Gesamtvergleich,,,,,,
Berliner Kliniken,,,,,,
Wasservögeln,,,,,,
Kostens…,,,,,,
Heizungsfrage,,,,,,
Norwegerinnen,,,,,,
Erbrochenes,,,,,,
Nordburgenland,,,,,,
Jehwejen,,,,,,
Schnellfall,,,,,,
Eisbahn,,,,,,
Landkreis W…,,,,,,
Bad Olde…,,,,,,
Glatteis e…,,,,,,
Weißes Haus,,,,,,
Meck…,,,,,,
Kasupke,,,,,,
et jlatt,,,,,,
wennse,,,,,,
Gefährliche Autofahrt,,,,,,
Haus jehn,,,,,,
Eisrejen,,,,,,
Glatteis-Alarm,,,,,,
Ringbahn,,,,,,
Müllabfuhr,,,,,,
Porta-Westfalica,,,,,,
Tief,,,,,,
Berli,,,,,,
Silvretta-Gebiet,,,,,,
Spielteppich,,,,,,
Zhang,,,,,,
Dächern,,,,,,
Riese,,,,,,
Insel Bornholm,,,,,,
Seekabel,,,,,,
Zverev,,,,,,
Only-Fans-Model,,,,,,
heuer der …,,,,,,
Sperrgebieten,,,,,,
Sonnen- und W…,,,,,,
Kohlekraft,,,,,,
ADAC-Wintertest,,,,,,
Erreger,,,,,,
Bergwerk Turow,,,,,,
Kesslers Boss-Baustellen,,,,,,
Köln-Sportchef,,,,,,
Nienburg,,,,,,
Schaumberg,,,,,,
Ostwind,,,,,,
Imago,,,,,,
Prüfungen,,,,,,
Warme,,,,,,
Barmherzigen Brüder,,,,,,
Stürzen,,,,,,
Burladingen,,,,,,
län…,,,,,,
Schädelhirntraumata,,,,,,
Blitz-Eis,,,,,,
Starkschnee,,,,,,
Grundsatz,,,,,,
Kita-Kindern,,,,,,
Schulen,,,,,,
Online-Unterricht,,,,,,
Schweizern,,,,,,
Beschlag,,,,,,
Block-Prozess,,,,,,
Tourismus-Hotspot Bali,,,,,,
Schulausfall,,,,,,
Lawinenwarndienst,,,,,,
Füchsen,,,,,,
Beratungsservice,,,,,,
Küste Windböen,,,,,,
stürmische Böen,,,,,,
Mercosur-Freihandelsabkommen,,,,,,
Kieler Kiellinie,,,,,,
Kiellinie an der Förde,,,,,,
Platzwunden am Kopf,,,,,,
Berliner Unfallkrankenhaus,,,,,,
Liveblog Minusgrade,,,,,,
Strandbad Stralsund,,,,,,
Nebenflächen,,,,,,
tiefwinterlich,,,,,,
Neustadt an der Weinstraße,,,,,,
Lauf an der Pegnitz,,,,,,
Winternotprogramm,,,,,,
Schweriner Bildungsministerium,,,,,,
Dauerkälte,,,,,,
Blindenleitstreifen am Boden,,,,,,
BILD-Informationen,,,,,,
Notanlaufstellen,,,,,,
NotaufnahmenWinterwetter,,,,,,
"Kliniken
",,,,,,
Border-Collie-Hündin Lou,,,,,,
Pottendorf,,,,,,
nordfriesischen Inseln,,,,,,
Räumen,,,,,,
Freitag stehenzulassen,,,,,,
Kreis Nordfriesland,,,,,,
Stralsunder Tannenbaumverbrennen,,,,,,
Haus der Wohnhilfe,,,,,,
Bundesstraße 470,,,,,,
Öste…,,,,,,
Winter-Sehnsuchtsgedanke,,,,,,
Landkreis Rose…,,,,,,
Regionalbahn,,,,,,
Glashütte,,,,,,
DWD,,,,,,
Sneakerssocken,,,,,,
Tierparks,,,,,,
Unfallzahl,,,,,,
Land für Deutschland,,,,,,
See Schlittschuh,,,,,,
Rebus,,,,,,
Auerbach in der Oberpfalz,,,,,,
Kreis…,,,,,,
Rostock/Neubrandenburg,,,,,,
Rollwegen,,,,,,
Flughafensprecher…,,,,,,
Erfurts,,,,,,
Witterungsverhältnisse,,,,,,
Bezirk Vöcklabruck) …,,,,,,
Metern …,,,,,,
Geräusch,,,,,,
Kiefersfelden,,,,,,
Nachlieferungen,,,,,,
Inobhutnahme,,,,,,
Zeppelinheim,,,,,,
Landkreis Amberg-Sulzbach,,,,,,
Beamtenbunds,,,,,,
Kardiologen,,,,,,
Winterwetter mit Eis und Schnee,,,,,,
Freizeitveranstaltungen,,,,,,
Wintersturm Elli,,,,,,
Rudolf-Harbig-Stadion,,,,,,
Frankfurter Innenstadt,,,,,,
Schwarzwald am Samstag,,,,,,
Gefrorene Böden,,,,,,
Alpennähe …,,,,,,
Nordrhein-Westfahlen,,,,,,
Meh…,,,,,,
La Plagne,,,,,,
unwetterartiger,,,,,,
Creso-Streetwork,,,,,,
Oberbergischen Land,,,,,,
eig…,,,,,,
Gravenbruch,,,,,,
Präsenzunterricht in …,,,,,,
spätest…,,,,,,
Prinzip,,,,,,
Leipzig-Grünau,,,,,,
Alcácer do Sal,,,,,,
Heizkraftwerk Darnyzja,,,,,,
Atomprogramm,,,,,,
Winterwetter-Durcheinander,,,,,,
Hierbleibern,,,,,,
Kranich-Trupps,,,,,,
Hubei,,,,,,
Seoul/Peking,,,,,,
Montessori-Schule,,,,,,
Schneebälle,,,,,,
Projekt-Umsetzungen,,,,,,
Nabu-Chef,,,,,,
Streusalz-Zoff,,,,,,
Temperaturunterschiede,,,,,,
Hauke Haiens,,,,,,
Hauke Haien,,,,,,
Besen,,,,,,
Lavagranulat,,,,,,
Rudow,,,,,,
Breisgau,,,,,,
Autobahn 10,,,,,,
Kernoi,,,,,,
Baru,,,,,,
Wolfersberg-Oberpframmern,,,,,,
Eisparty,,,,,,
Reich,,,,,,
Riutula,,,,,,
Kiefernwälder,,,,,,
Mecklenburgischen Seenplatte,,,,,,
Eisbrecher,,,,,,
Brennstoff-Lieferungen,,,,,,
Wasser</li><li,,,,,,
Vorpommern-Greifswald,,,,,,
Teppich,,,,,,
Gasproblem,,,,,,
Gastanker,,,,,,
Eismassen,,,,,,
Rhön-Grabfeld,,,,,,
Niagara-Fälle,,,,,,
den Vereinigten Staaten,,,,,,
Südstaat Florida,,,,,,
Frankfurt-Spiel,,,,,,
bayerischen Anlagen,,,,,,
Schutzweg,,,,,,
Lammerbach,,,,,,
Uckermark fahre…,,,,,,
Wärmesturm,,,,,,
Copernicus,,,,,,
neblig-trüb,,,,,,
Tagen,,,,,,
Leilani Ettel,,,,,,
Hochwasse…,,,,,,
Experten-Test,,,,,,
fünftwärmste,,,,,,
Gamer da draußen,,,,,,
Ksar-El-Kebir,,,,,,
weiterlesenEin,,,,,,
kleinreden,,,,,,
Rot-Schwarz,,,,,,
Glatteis-Winters,,,,,,
Olympia-Gold,,,,,,
Fräbel patzt,,,,,,
Gasvorräte,,,,,,
Conference-League-Sieg,,,,,,
weiterlesenEr,,,,,,
Silas,,,,,,
Antholz z…,,,,,,
Bundespräsident,,,,,,
Studentenstadt-Bewohner,,,,,,
Motocross-Spektakel,,,,,,
Schmalspurbahn,,,,,,
Teilprothese im rechten Knie,,,,,,
Totals…,,,,,,
Schneeflocken-Schild,,,,,,
Liveticker,,,,,,
Takaichis Charisma,,,,,,
Berater-Wechsel,,,,,,
Yan Diomande,,,,,,
Stromnetz-Anschlag,,,,,,
Familie Moskaljow,,,,,,
Hochhauses,,,,,,
Lagerstätten,,,,,,
Fahrrinne,,,,,,
Predazzo,,,,,,
Montreux,,,,,,
Gas-Bremse,,,,,,
winterliche-trübe Wetter,,,,,,
Winterwette…,,,,,,
Ernteausfälle,,,,,,
Pinzgaubahn,,,,,,
Arbeitsmaschine,,,,,,
Braunkohlerevier Lausitz,,,,,,
Braunkohlerevier,,,,,,
Peter-Anders-Straße,,,,,,
Wittlich,,,,,,
Taumittel,,,,,,
Berliner Straßen,,,,,,
Taumitteln,,,,,,
BG Unfallkrankenhaus,,,,,,
Elbstränden,,,,,,
Wohnglück,,,,,,
Gewerbegebiet,,,,,,
S-Bahn-Gleisen,,,,,,
Kiew Zelte,,,,,,
Bergbau-Koloss,,,,,,
D.C.,,,,,,
Lebensmittelkontrollen,,,,,,
Kontrollen,,,,,,
Cafés,,,,,,
Bürgersteige,,,,,,
Haus nic…,,,,,,
Gasbrennwertkessel,,,,,,
Absatz,,,,,,
Pinguine,,,,,,
Bonham…,,,,,,
Ulmerfeld-Hausmening,,,,,,
Speckgürtel,,,,,,
Metropolen,,,,,,
Bio-Tonne,,,,,,
Altpapier-Tonne,,,,,,
Grünen-Landtagsfraktion,,,,,,
S-Bahn-Pause,,,,,,
S-Bahn-Pause“,,,,,,
Frankreichs Parlament,,,,,,
Rhesi,,,,,,
Koblach,,,,,,
Milliardenvorhabens,,,,,,
Opa,,,,,,
Präfektur Hiroshima,,,,,,
Smartphone-Mutter,,,,,,
Elefantentreffen,,,,,,
Thurmansbang,,,,,,
tschechischen Grenze,,,,,,
Bayern-Coach,,,,,,
mittelfränkischen Erlangen,,,,,,
Landkreis Kulmbach,,,,,,
Diversifizierungspläne,,,,,,
halbe Republik,,,,,,
Landkreis Diepholz,,,,,,
BraunschweigVienenburgGoslar/Bad Harzburg,,,,,,
Azoren,,,,,,
"Flughafen 
",,,,,,
Gebiet…,,,,,,
Wiesbade…,,,,,,
Raunheim,,,,,,
städtischen Gesellschaft Eswe,,,,,,
Linie…,,,,,,
Vereinigten Emirate,,,,,,
Niedernhausen,,,,,,
Glatteins,,,,,,
Rossau,,,,,,
winterglatter Straße,,,,,,
Thüringer Landeszentral…,,,,,,
Glät…,,,,,,
GPS,,,,,,
Streusalz-Chaos,,,,,,
Glatte Straßen,,,,,,
Bildungsbiografien,,,,,,
Flughafen Mailand-Malpensa,,,,,,
Erstklässler,,,,,,
Stuttgarter Airport,,,,,,
portugiesische Regierung,,,,,,
North,,,,,,
Todesursache,,,,,,
Kentucky,,,,,,
Osthälf…,,,,,,
Isarauen,,,,,,
Sportunfällen,,,,,,
Fahrlässigkeit,,,,,,
Jämtland-Dreieck,,,,,,
Storulvån Fjällstation,,,,,,
Köttbullar,,,,,,
Schneesturm Elli,,,,,,
Jobsuche,,,,,,
AMS Wien,,,,,,
Eis am Hudson River,,,,,,
Hu…,,,,,,
Alpenrand te,,,,,,
Donnersbergkreis,,,,,,
Handelpartner,,,,,,
Brandenburgs Kitas,,,,,,
Kajakunfall,,,,,,
Temperaturen am Morgen,,,,,,
Landkreis Hameln-Pyrmont Mülltonnen,,,,,,
Kohlenmonoxid-Konzentration,,,,,,
Prozess län…,,,,,,
Ungarns,,,,,,
Obing,,,,,,
Landkreis Traunstein,,,,,,
o2,,,,,,
Skispaß,,,,,,
Durmersheim,,,,,,
Spätsommerliche Temperaturen und,,,,,,
Bödele,,,,,,
Sulzberg,,,,,,
Hittisau,,,,,,
Tschernobyl,,,,,,
Ukraine-Frieden,,,,,,
Streaming-Tipps,,,,,,
Thüringer Waldes,,,,,,
Winterwanderungen,,,,,,
Amt für Bevölkerungsschutz,,,,,,
eingetrudelt,,,,,,
Kufen,,,,,,
losflitzen,,,,,,
Eislaufen,,,,,,
Thomas-Mann-Quiz,,,,,,
Rückschlägen,,,,,,
Offenbach vorhers…,,,,,,
Kreis Waldeck-Frankenb…,,,,,,
Goethe-Schule,,,,,,
Dreiecksschal,,,,,,
Glatteises,,,,,,
Ratte,,,,,,
Baden-Württ,,,,,,
Frankenwald,,,,,,
Oberpfälzer Wald,,,,,,
Rot am See,,,,,,
Berlin/Stockholm,,,,,,
Oberlausitzer Bergland,,,,,,
Kreis Breisgau-Hochschwarzwald,,,,,,
Dresdner Schwebebahn,,,,,,
Bundesbeteiligungen,,,,,,
Krippengeld,,,,,,
Familiengeld,,,,,,
Thüringer Wintersportstätten,,,,,,
Lotto Thüringen Arena am Rennsteig,,,,,,
Playoff-Plätze,,,,,,
Harry,,,,,,
Gemeinschaftsküche,,,,,,
Fahrradtasche,,,,,,
möglic…,,,,,,
Gefährliche Glätte,,,,,,
Schwabenheim an der Selz,,,,,,
Unter-16-Jährige,,,,,,
Gas-Lab,,,,,,
Staatsoper,,,,,,
Bayerischen Staatsoper,,,,,,
Mylin Valley,,,,,,
Carezza,,,,,,
Scuol,,,,,,
Ban,,,,,,
Bezirkshauptstad…,,,,,,
Nachrichtenagentur Bloomberg,,,,,,
Tower AB+Auf,,,,,,
Lama-Supermarkt,,,,,,
Lego-Spielecke,,,,,,
Kindercafé,,,,,,
Lüneburger Altstadt,,,,,,
Feuerwehr-Nikolaus,,,,,,
Bautzner,,,,,,
eb…,,,,,,
Lübecke…,,,,,,
Stromsperre für Menschen in der Ukraine,,,,,,
Fraggle Rock“,,,,,,
Stromkunden im …,,,,,,
Herbstprogramm,,,,,,
Paternal Leave,,,,,,
Karlsbad,,,,,,
Schutzhaus in Trägerschaft,,,,,,
Kinderschutzbundes Landau-Südliche Weinstraße,,,,,,
Alpengebiet,,,,,,
Schmerzensgeld,,,,,,
Amtsgerichts München,,,,,,
Groß Kienitz,,,,,,
Teltow-Fläming,,,,,,
Karussell,,,,,,
Europaparlaments,,,,,,
Gebäudeenergiegesetzes,,,,,,
Dassendorf,,,,,,
A Frosty Glide,,,,,,
Oz,,,,,,
Amsel,,,,,,
Meise,,,,,,
ma…,,,,,,
Altenburger Land,,,,,,
Wassermangel,,,,,,
Oberpfalz sta,,,,,,
S5,,,,,,
Kreis Lippe,,,,,,
Fatih,,,,,,
Alter wichtigFürs Bad,,,,,,
Kleine Hilfsmittel,,,,,,
Haltegriffe,,,,,,
Streumittel,,,,,,
Habseligkeiten,,,,,,
Haus von Daniela,,,,,,
Lonza,,,,,,
Intensivstation</li><li,,,,,,
Hamburg im Türkeiurlaub,,,,,,
Istanbul-Hotel,,,,,,
Dorsten,,,,,,
Ersparnissen,,,,,,
Bad richtig,,,,,,
Verivox-Auswertung,,,,,,
Brockenbauern,,,,,,
höheren Bergland,,,,,,
Winterhude,,,,,,
Hessens Berge,,,,,,
Schmitten,,,,,,
Wintermodus,,,,,,
Theaters Schmidts T…,,,,,,
Türe,,,,,,
Gottschalk-Moment,,,,,,
Streufahrzeugen,,,,,,
Landgericht am Mittwoch,,,,,,
Heizungsanlage,,,,,,
Schusswaffe,,,,,,
Bremen-Blumenthal,,,,,,
Block,,,,,,
Eugenio Monti Sliding Centre,,,,,,
Geißbockheim,,,,,,
Hauen,,,,,,
Lichttherapien,,,,,,
Luft,,,,,,
Afrika-Reise,,,,,,
Afrika-Reisen,,,,,,
Dauerschleife,,,,,,
Haus in New York City,,,,,,
COP30,,,,,,
nan Zypern,,,,,,
Mittelmeer-Raum,,,,,,
Mittelmeerraum,,,,,,
Fiasko,,,,,,
weiterlesenDarf,,,,,,
Brensbach,,,,,,
S2,,,,,,
Klimaproblem,,,,,,
Temperaturen absacken,,,,,,
plattgestampfte Erde,,,,,,
Anjala g…,,,,,,
Dickens,,,,,,
Nasse Haare,,,,,,
Bundesstraße 184,,,,,,
Bischofsmühle,,,,,,
Nieder-Olm,,,,,,
winterlich-kalt,,,,,,
Ranstadt-Dauernheim,,,,,,
Odenwaldkreis,,,,,,
Glatteis-Sturz am Bahnübergang,,,,,,
Glatteis-Sturz,,,,,,
Leer,,,,,,
Landkreis Heidenheim,,,,,,
Polizeidienststellen,,,,,,
Befürchtetes Glättechaos,,,,,,
Schnee“,,,,,,
Winterwetters am Morgen,,,,,,
S1,,,,,,
Garmis…,,,,,,
Bundesstraße B184,,,,,,
hohen Aufwand,,,,,,
British Columbia,,,,,,
www.zuginfo.nrw,,,,,,
Arnsberg,,,,,,
Zügen,,,,,,
Infrastrukturministeriums,,,,,,
Schneeverwehungen im Schwarzwald,,,,,,
Südschwarzwal…,,,,,,
Fine-Dining,,,,,,
Stockwerke,,,,,,
Rote Zöpfe,,,,,,
Innenstadtstraßen,,,,,,
Passauer,,,,,,
Stunden am Morgen,,,,,,
Berufsverkehrs,,,,,,
Winterwochenende,,,,,,
Gas-Pistole,,,,,,
(46,,,,,,
Döbling,,,,,,
Rennsteigregion,,,,,,
Londonerinnen,,,,,,
Thüringer Tourismus GmbH,,,,,,
Weltcup-Podest,,,,,,
Wunschzetteln,,,,,,
Barentssee,,,,,,
Rotkohl,,,,,,
Geesthacht,,,,,,
Deutschlands</li><li,,,,,,
Wechselperiode,,,,,,
Corona-Winterspielen,,,,,,
Skibetrieb los,,,,,,
Himmelsleiter,,,,,,
Kaltfront Brandenburg,,,,,,
Mängel,,,,,,
Carbonschuhen,,,,,,
Waldseilgarten,,,,,,
Silbersattel,,,,,,
Masserberger,,,,,,
Marienberg,,,,,,
Netflix-Geheimtipps,,,,,,
Barça-Torwart,,,,,,
Werder-Star,,,,,,
Excel-Chaos,,,,,,
Essengehen,,,,,,
Dino-Park,,,,,,
Zentrum von Engelberg,,,,,,
Erscheinungsjahr,,,,,,
Elversbergs,,,,,,
Café Goldegg,,,,,,
Petersplatz,,,,,,
Spotify-Kontrolle,,,,,,
Weißig,,,,,,
Yellowknife,,,,,,
Polarlichter-Safari,,,,,,
St. Johannes Baptist,,,,,,
Oberschwaben Schnee,,,,,,
Winter-Flucht,,,,,,
Wechselverbot,,,,,,
Transfer-Winter,,,,,,
Essener Wohnblock,,,,,,
Provinz Pskow,,,,,,
Dez…,,,,,,
Assetto Corsa Rally,,,,,,
Oberflächen,,,,,,
Italiens Bergen,,,,,,
Ligurien,,,,,,
Rapallo,,,,,,
Belvedere,,,,,,
Jumphouse,,,,,,
Karacho-Karl,,,,,,
Wintermärchen,,,,,,
Bezirk Steglitz-Zehlendorf,,,,,,
Regionalverbunds Thüringer Wald …,,,,,,
Primärenergieverbrauchs,,,,,,
Kunststoffp…,,,,,,
Staat die …,,,,,,
Rabenstein/Fläming,,,,,,
Landkreis Potsdam-Mittelmark,,,,,,
Sperrungen bei Schnee,,,,,,
Wetterausblick,,,,,,
Nauen,,,,,,
Polizeireviers Heilbronn,,,,,,
Netztarife,,,,,,
ICE-Züge,,,,,,
Köln-Hannover-Berlin,,,,,,
Teile…,,,,,,
Großflughafen Schiphol,,,,,,
fossilfreier,,,,,,
Blackout-Gebiet,,,,,,
Lichterfelde,,,,,,
Ach-Moll,,,,,,
Anschlag,,,,,,
Langlaufloipe,,,,,,
Langlauf-Loipe,,,,,,
Straße zu räume…,,,,,,
Winter-Sturm,,,,,,
Sozialtarif,,,,,,
Neukloster/Greifswald,,,,,,
Grieskirchen,,,,,,
Polarlichter,,,,,,
Rentierschlitten,,,,,,
Schneepracht,,,,,,
Streif,,,,,,
Kitzbüheler,,,,,,
Trümmer…,,,,,,
Haushaltsbuch-Apps,,,,,,
Katerkino,,,,,,
Ando,,,,,,
Leapfrogging,,,,,,
Verbrenner-Ära,,,,,,
Tijl,,,,,,
Urlaube,,,,,,
Doppelpacj,,,,,,
Gadgets,,,,,,
Übersee,,,,,,
Kältestes Weihnachten,,,,,,
Chancen,,,,,,
Neuzugang Arévalo,,,,,,
Freistaat rangiere,,,,,,
Spätherbst,,,,,,
Pillnitzer Palmenhaus,,,,,,
Palmenhaus,,,,,,
Gas-Kostenfalle,,,,,,
Babyfrühstück,,,,,,
Produkts,,,,,,
Durchfall,,,,,,
One-Dyas,,,,,,
Offshore-Windstrom,,,,,,
Inzell,,,,,,
Festplatz am Ratsweg,,,,,,
Brandenburgs Straßenmeistereien,,,,,,
Olympiagold,,,,,,
WM-Titeln,,,,,,
St. Moritz 83,,,,,,
Teilprothese im Knie,,,,,,
Lindsey Vonn,,,,,,
Olympia-Winters,,,,,,
Hilfsgelder für Afghanistan,,,,,,
Weihnachtsmarkt zu Hause,,,,,,
Unkultur,,,,,,
Statistik,,,,,,
Hamburg-Hoheluft-Ost,,,,,,
Schnee-Kanonen,,,,,,
Vanille,,,,,,
Raimunds,,,,,,
wegschmilzt,,,,,,
Winter-Langstrecke,,,,,,
Langstrecke,,,,,,
Gremium,,,,,,
Enttäuschungen,,,,,,
Kieler Osten,,,,,,
Nordderby,,,,,,
Schränke,,,,,,
zunichtegemacht,,,,,,
Schimmelsporen,,,,,,
Lehrpersonal,,,,,,
Istanbuler Gastroszene,,,,,,
Istan…,,,,,,
Schul-Schimmel,,,,,,
Stadt Zell am See,,,,,,
Trient,,,,,,
Skitest,,,,,,
Temperaturen am Wochenende,,,,,,
Kundenme…,,,,,,
Sangria,,,,,,
Herford,,,,,,
Drogen-Albtraum,,,,,,
skeptischsten,,,,,,
Marktwert-Steigerung,,,,,,
Kulm Hotel,,,,,,
Hot Spots,,,,,,
Schneefans,,,,,,
Blickfang,,,,,,
Salisbury,,,,,,
Österreich…,,,,,,
Kohlenmonoxid-Vergiftungen,,,,,,
Weilheim,,,,,,
Landkreis Waldshut,,,,,,
SF6,,,,,,
Solvay,,,,,,
Bahnhofsmission,,,,,,
Salzburger Kaprun,,,,,,
Pumpspeicher,,,,,,
UN-Botschafter Melnyk,,,,,,
Nobelort Aspen,,,,,,
Warmwasserziele,,,,,,
Weihnachtsbaum,,,,,,
Startchancen-Programm,,,,,,
Statistischen Landesamts,,,,,,
Wohngruppen,,,,,,
Delhi,,,,,,
Risikogebieten,,,,,,
Kreis Steinburg,,,,,,
Kinderfest,,,,,,
Start-ups,,,,,,
Didier Eribon,,,,,,
Lichterkette… Verpasse,,,,,,
SEK-Einsatz,,,,,,
Kurzstrecken,,,,,,
Elektronik-Last,,,,,,
AfD-Treffpunkt,,,,,,
sag…,,,,,,
Black-Out-Protest,,,,,,
Problemfall Heizkosten,,,,,,
städtischen Wohnungsunternehmens,,,,,,
Brandenburg mild,,,,,,
Z…,,,,,,
Hotelbesitzer,,,,,,
Strombörse,,,,,,
Auw an der Kyll,,,,,,
Handytarif,,,,,,
Minister am …,,,,,,
Selenskyj-Besuch,,,,,,
Eurovision Songcontest,,,,,,
Niederbayerns,,,,,,
Bogen,,,,,,
Landkreis Straubing-Bogen…,,,,,,
Elffache Mama,,,,,,
Mollersdorf,,,,,,
Russland-Pipelines,,,,,,
Lohmar,,,,,,
Institute,,,,,,
Börsenwoche,,,,,,
Jahresbeginn,,,,,,
Berlin/Stuttgart,,,,,,
Krisenkonzerne,,,,,,
Sonntagabendkr…,,,,,,
Innviertel,,,,,,
ekelhaft,,,,,,
Briefporto,,,,,,
Zelda,,,,,,
ADD-Chef,,,,,,
Virchow-Klinikums an der Berliner Charitè,,,,,,
Folge</li><li,,,,,,
Kinderunis,,,,,,
Howoge,,,,,,
Blackout-Panikmache,,,,,,
Regen-Hammer,,,,,,
Lehrerzimmer,,,,,,
Käthe-Kollwitz-Gymnasium,,,,,,
Wut“,,,,,,
son­dern,,,,,,
Pepe,,,,,,
Dorfs,,,,,,
Cinemascope,,,,,,
Corona-Maßnahmen,,,,,,
Tirols Bergen,,,,,,
Oakland,,,,,,
Immenstadt,,,,,,
Frank­furt,,,,,,
Bar­ce­lona,,,,,,
Stammzelltherapie,,,,,,
Insulinpumpen-Systemen,,,,,,
Burn-out,,,,,,
Kastening,,,,,,
Merkel,,,,,,
Norwegerin,,,,,,
Alten Münze</li><li,,,,,,
Pirschheide,,,,,,
Familienkomödie,,,,,,
gehn,,,,,,
Gatow,,,,,,
Tennengebirge,,,,,,
hohen Schnees,,,,,,
Marktrediwitz  ,,,,,,
Adria-Unwettergebieten,,,,,,
Möbelstücke,,,,,,
Faenza,,,,,,
Adria-Region,,,,,,
Emilia R…,,,,,,
Ru…,,,,,,
Aberdeen,,,,,,
Teesside,,,,,,
Lancashire,,,,,,
Lincolnshire,,,,,,
Landkreis Heilbronn,,,,,,
Winzlöhne,,,,,,
Hausverbot,,,,,,
Satellitenmessungen,,,,,,
Isar-Radweg,,,,,,
Treibhausgas Methan,,,,,,
Massensterben,,,,,,
Marken,,,,,,
benach…,,,,,,
Vanessa Wellbrock,,,,,,
Göhren,,,,,,
Möglichkeite…,,,,,,
Floridsdorfer Brücke,,,,,,
Freileitung Foto,,,,,,
Habeck-Mann,,,,,,
Naturschutzgebiet Taubergießen bei Rheinhausen,,,,,,
Kreis Emme…,,,,,,
Wasser-Workout,,,,,,
Wassergymnastik,,,,,,
Schwangere,,,,,,
Torwart-Bock,,,,,,
Mühlrose/Mioraz,,,,,,
Kraftwerk Boxberg,,,,,,
Ravenna,,,,,,
Riccione,,,,,,
Gensequenz,,,,,,
Kino-Sitzen,,,,,,
(33,,,,,,
Kaffeemaschine,,,,,,
Blackout-Stresstest,,,,,,
Gemeinde Wang,,,,,,
Wipfeln,,,,,,
Rhonegletscher schmilzt,,,,,,
Zwischenfall,,,,,,
Alsterfontäne,,,,,,
Dienst,,,,,,
Landtag von NRW,,,,,,
Waldbad Feldkirch,,,,,,
Kenia-Fall,,,,,,
Einmalzahlung,,,,,,
Große Heizungsflächen für Wärmepumpe,,,,,,
Land Mecklenburg-Vorpommern,,,,,,
Sommerschmelze,,,,,,
Champions-League-Finale,,,,,,
Fleißtal,,,,,,
Lader,,,,,,
Weltverbands Fifa,,,,,,
FIFA-Boss Infantino,,,,,,
Wang,,,,,,
Ökodesign-Richtlinie,,,,,,
Air-Berlin-Zentrale,,,,,,
To-Do-Liste,,,,,,
Tumoren,,,,,,
waldabenteuer-teaser,,,,,,
Frühsommer,,,,,,
Antibiotika-Säften,,,,,,
Ouarzazate,,,,,,
Straße von Auto,,,,,,
Wembley-Stadion,,,,,,
Innovationskraft,,,,,,
Essener Chemiekonzerns,,,,,,
Covestro,,,,,,
Freizeitpark,,,,,,
Friedeburg,,,,,,
Schultor,,,,,,
Friedeburg-Wiesede,,,,,,
Mietw…,,,,,,
Sudans,,,,,,
Restaurant-Besitzer Osman Moniem,,,,,,
Camper frühlingsfit,,,,,,
Hobby-Campern,,,,,,
Bildungsministerium,,,,,,
Greenpeace-Aktion,,,,,,
Alten Bauernregeln,,,,,,
Hauswänden,,,,,,
Wochenbett-Depression,,,,,,
Westminster Abbey,,,,,,
Hochwassermauern,,,,,,
Hochwasserschutz-Mauern,,,,,,
Kraftwerks-Staubereich,,,,,,
Feingold-Steg,,,,,,
Tiroler Waldes,,,,,,
Rotholz,,,,,,
Verdächtsfällen,,,,,,
Kitapersonal,,,,,,
Heizungs-Verbot,,,,,,
Schuldnerberatern,,,,,,
Sassnitz …,,,,,,
Ausmaße,,,,,,
Ko… Rund,,,,,,
Plauen,,,,,,
Gardasees,,,,,,
Palmen,,,,,,
Cehan San,,,,,,
Derby-Held,,,,,,
Efeu,,,,,,
Notfallzentrum,,,,,,
Potsdamer Staatskanzlei,,,,,,
Notfallzentrum b…,,,,,,
Stromverteiler,,,,,,
Unterwasser-Infrastruktur,,,,,,
Ergebnissen,,,,,,
Großglocknerstraße,,,,,,
Hofes,,,,,,
Apriach,,,,,,
Bauernhaus,,,,,,
Betreibern,,,,,,
Appinio,,,,,,
AKW Saporischschja,,,,,,
Nowa-Kachowka-Staudamms,,,,,,
Strafgerichtshof,,,,,,
Misere am Wohnungsmarkt,,,,,,
Ölraffinerie,,,,,,
Maskendeals,,,,,,
Corona-Belastungen,,,,,,
Wi…,,,,,,
Bildschirm schwarz,,,,,,
Schimmel-Baracken,,,,,,
Oxfam,,,,,,
Spargel-Saisonkräfte,,,,,,
durchnässter Erde,,,,,,
Alpenklima,,,,,,
Gigatonnen,,,,,,
Symbiose,,,,,,
Münchner Stadtbibliothek,,,,,,
Klimabonus,,,,,,
Covid-Abschluss,,,,,,
Rochaden,,,,,,
Deutschförderklassen,,,,,,
Regelunterricht,,,,,,
Pflegekindergeld,,,,,,
Krisenpflegeeltern,,,,,,
Europäisches Kinderherzzentrum,,,,,,
Berliner Grünen-Chef,,,,,,
Grünen-Wahlergebnis,,,,,,
Kühne-Kohle,,,,,,
Oberndorf an der Melk,,,,,,
Billig-Döner,,,,,,
Fast Food der Stadt,,,,,,
griechischen Küste,,,,,,
Österre…,,,,,,
Cottbuser Ostsee,,,,,,
Schwarz-Weiß,,,,,,
Seelenfrösteln,,,,,,
Wayúu,,,,,,
Heizungstausch,,,,,,
Park,,,,,,
Alpenstadt,,,,,,
Survival Camp,,,,,,
Sisterhood,,,,,,
Berlin/Düsseldorf,,,,,,
Badesaison,,,,,,
Kreml-Propaganda,,,,,,
Dnepr,,,,,,
Skulpturenpark,,,,,,
Raša,,,,,,
Somalias,,,,,,
Staudamm-Katastrophe,,,,,,
Militärhospital,,,,,,
Innere Mongolei,,,,,,
Umweltsünden,,,,,,
Mieterin,,,,,,
Schimmel-Wohnblock,,,,,,
Biosphärenreservat Spreewald,,,,,,
Gelsenkirchener Hauptbahnhof,,,,,,
Abgang,,,,,,
Reckl…,,,,,,
Landtags,,,,,,
Schwarzmeer-Gas,,,,,,
Montauk,,,,,,
Til Schweigers,,,,,,
Manta Manta,,,,,,
Handelsblatt,,,,,,
Solar-Weltmarktführer Longi,,,,,,
Förderstelle des Landes,,,,,,
Grillrestaurant,,,,,,
Pelletpreise,,,,,,
Selbstständie,,,,,,
Lauenburg an der Elbe,,,,,,
Bundesstraße 209,,,,,,
Mediatheken,,,,,,
Wickie,,,,,,
Länderspiels Deutschland,,,,,,
Fensterscheibe,,,,,,
Wiesn-Wald,,,,,,
Kachowka-Damm,,,,,,
Studis,,,,,,
Teuer-Preisen,,,,,,
Hauptbahnhof von Gelsenkirchen,,,,,,
Heizölpreisen,,,,,,
Lebensgefährlicher Psycho-Druck,,,,,,
Hauptbahnhof von,,,,,,
Kohle-Proteste,,,,,,
Räumung im Hambacher Forst,,,,,,
Schweinereien,,,,,,
Gastarif,,,,,,
Gasversorger,,,,,,
Lazard,,,,,,
Blakout-Szenario,,,,,,
Auftrag des Landes,,,,,,
Energieministerium,,,,,,
Wärmenetze,,,,,,
St. Gallen - St. Pauli,,,,,,
Fazliji-Kohle,,,,,,
St. ,,,,,,
Schmaler Grat,,,,,,
Held,,,,,,
Depp,,,,,,
Kobel,,,,,,
Provinz La Guajira,,,,,,
Polens Regierung,,,,,,
Turow,,,,,,
Prozentzahlen,,,,,,
Eschborner Heizkostenerfasser Techem,,,,,,
Lücking,,,,,,
Neue Corona-Welle,,,,,,
Grand-Prix-Finale,,,,,,
Weltverband Fis,,,,,,
Kli…,,,,,,
Weltverband F…,,,,,,
CoV-Pandemie,,,,,,
Steiermark Touri…,,,,,,
Nächtigungen heuer,,,,,,
Vor-Pandemie-Niveau,,,,,,
Sachsen),,,,,,
Vorkrisenniveau,,,,,,
Landgericht d…,,,,,,
Schieder-Schwalenberg,,,,,,
Bod…,,,,,,
Solinger,,,,,,
Straßenfest,,,,,,
Konzentrationslager Theresienstadt,,,,,,
Heizkostenabrechner Techem,,,,,,
Drag-Lesungen,,,,,,
Braunkohle-Tagebau,,,,,,
Dating-Coach,,,,,,
Piräus-Kader,,,,,,
Kopfgeburt,,,,,,
Torquay,,,,,,
Südengland,,,,,,
Mexiko-Stadt,,,,,,
Zentrum von Mexiko,,,,,,
Puebla,,,,,,
Strom-Verteilnetze,,,,,,
Eurasiens,,,,,,
FOCUS-online-Expe,,,,,,
Ozeane,,,,,,
Korsika,,,,,,
Sardinien,,,,,,
Sizilien b…,,,,,,
Kinderoper,,,,,,
Wiener Künstlerhaus,,,,,,
Wiener Staatsoper,,,,,,
Öko-Räder,,,,,,
Landesverkehrswacht Nordrhein-Westfalen…,,,,,,
Seven,,,,,,
Frankfurter Messe,,,,,,
Jüdischen Gemeinde,,,,,,
Kolumbien…,,,,,,
Schimmel Clooney,,,,,,
Nala,,,,,,
Bulldozer-Eltern,,,,,,
Wagner-Chef,,,,,,
Feres…,,,,,,
Evros,,,,,,
europäischen Staaten,,,,,,
Kanton Aargau,,,,,,
Stadt Ocala,,,,,,
Dämmung,,,,,,
Staudamms,,,,,,
Luxusproblem,,,,,,
Kabine,,,,,,
Immobilienmarkt,,,,,,
Genauigkeit,,,,,,
Spielregeln,,,,,,
Black-Out-Reality-Check,,,,,,
Kuchl,,,,,,
Missbrauchskomplex Münster,,,,,,
TXL,,,,,,
MUC,,,,,,
✔,,,,,,
Nachholbedarf,,,,,,
russischen Überfalls,,,,,,
Pferdeäpfeln,,,,,,
Gas-Heizungsanlagen,,,,,,
Kindermedien-Festival-Jury,,,,,,
Fachkräftemangel,,,,,,
Freiburg im Breisgau,,,,,,
Alt-Hohenschönhausen,,,,,,
superteuer,,,,,,
Kinder-Schwimmkursen,,,,,,
Stavanger Foto,,,,,,
österreichweiter,,,,,,
Bezirk Mödling,,,,,,
Getreide-Abkommens,,,,,,
Newsstream,,,,,,
Staatskanzlei,,,,,,
europäischen Sendern,,,,,,
Deutschlands Wettbewerbsfähigkeit,,,,,,
Wohlstands,,,,,,
Strahlendosis,,,,,,
Postleitzahl,,,,,,
Tomis,,,,,,
Überström-Strecke,,,,,,
Nachschlag,,,,,,
Immobilienhai,,,,,,
Apfel,,,,,,
Wintertauchen bei Minusgraden,,,,,,
Wintertaucher,,,,,,
Landwirtschaftskammer,,,,,,
Niederschlagsdefizit,,,,,,
Weiler,,,,,,
Schimmelbekämpfungsmittel,,,,,,
Schimmelbekämpfungsmitteln,,,,,,
akutell,,,,,,
Handwerksbetrieben,,,,,,
tei…,,,,,,
US-Küsten,,,,,,
Stromerzeugern,,,,,,
Es,,,,,,
Antragsportal,,,,,,
Methan-Quelle,,,,,,
Offenbach/Fulda,,,,,,
… Träge,,,,,,
Rheindamm,,,,,,
Erdbeben im Südosten der Türkei ,,,,,,
Entsalzungsanlagen,,,,,,
Thüringer Innenministerium,,,,,,
Notarzteinsatz,,,,,,
beso…,,,,,,
Murcia,,,,,,
Stadtpark,,,,,,
Walt Disney LTB 568,,,,,,
Kriegseinsatz,,,,,,
Achental,,,,,,
Grundeigentümer,,,,,,
Krimmler Achental,,,,,,
Aufstiegsflatter los,,,,,,
Einberufungsalters,,,,,,
Wasseroberfläche,,,,,,
Hausbesitzer,,,,,,
Beach Resort,,,,,,
Nordfranken,,,,,,
Comeback-Hoffnung,,,,,,
Gebäude-Sanierungspflicht,,,,,,
Erneuerbaren-Wärme-Gesetz,,,,,,
Mittwoch…,,,,,,
Sowjetrepublik Moldau,,,,,,
Fischsterben an der Oder,,,,,,
DDR-Kinderheimen,,,,,,
Landkreis Hersfeld-Rotenburg,,,,,,
Auffahrunfall,,,,,,
Statistische Bundesamt am,,,,,,
Energie-Grundversorger,,,,,,
Gasspeicherständen,,,,,,
Schäfer/Ecke Walther-Straße,,,,,,
Russland k…,,,,,,
Social-Media-Plattform Tiktok,,,,,,
Social-Media-Plattform,,,,,,
Schimmelpilz,,,,,,
Autobahnausbaus bis …,,,,,,
Inflationsausgleich,,,,,,
Herr Müller,,,,,,
Alberobello,,,,,,
Platz auf…,,,,,,
Hollywoods,,,,,,
Hauptsache Italien,,,,,,
Erleichterung,,,,,,
geschäfts…,,,,,,
Landes an Flüssen und Seen,,,,,,
Leag-Betriebsrat,,,,,,
Biobaumwolle,,,,,,
Dyskalkulie,,,,,,
Saflischtal,,,,,,
Stromhunger,,,,,,
Ostseepipelines Nord Stream 1,,,,,,
Gas-Notfallpläne,,,,,,
Großverbraucher,,,,,,
Russland bombt,,,,,,
ga…,,,,,,
Flut-Mahnmal,,,,,,
Kiyan,,,,,,
Bundesjustizminister,,,,,,
Sewastopol,,,,,,
Nachbarlandes,,,,,,
Bonsai,,,,,,
Herrmann-Wick,,,,,,
Hertha-Kollegen,,,,,,
Regen  ,,,,,,
Jubel,,,,,,
Odermatts Rekordsaison,,,,,,
Klimatologen,,,,,,
Regiobus,,,,,,
Kabe Van,,,,,,
Eiskrallen,,,,,,
Kittsee,,,,,,
Hochrhein,,,,,,
Preis-Leistungs-Sicht,,,,,,
Bundesstaat Johor,,,,,,
ruhr24.de,,,,,,
Ötscherlifte,,,,,,
Annaberger,,,,,,
Bezirk …,,,,,,
Hochwasserzeit,,,,,,
Hamburg-Harburg,,,,,,
Nordwestsyrien,,,,,,
Renten-Kollaps,,,,,,
Stürme  ,,,,,,
Keim,,,,,,
NR,,,,,,
Wilder Kaiser-Brixental,,,,,,
Lieferant,,,,,,
Schneemobil,,,,,,
Schlimme Elch-Attacke,,,,,,
Habecks Hammer,,,,,,
Hohe Preisabschläge,,,,,,
Senftenberg,,,,,,
Laufschuhe,,,,,,
Brot,,,,,,
Heiz-Kollaps,,,,,,
Kleinkrafträder,,,,,,
Wintersturms Juliette,,,,,,
Inflation,,,,,,
nan Italien,,,,,,
Juliette,,,,,,
Verstaatlichter,,,,,,
Gas-Austritt,,,,,,
Lobs,,,,,,
Spionageverdacht,,,,,,
Winter-Bilanz,,,,,,
Presseschau,,,,,,
Wenn Berlin,,,,,,
Schimmel-Entfernern,,,,,,
Mieterfalle,,,,,,
Hochspannungsleitungen in der Linthebene,,,,,,
AA+,,,,,,
Kreis Unna,,,,,,
Kohle-Kraftwerk,,,,,,
Sammlergaragen,,,,,,
Grundsteuer,,,,,,
Tagesvorschau,,,,,,
Wöhrder See,,,,,,
Kita-Betreuung,,,,,,
Repression,,,,,,
Wohnen i…,,,,,,
Optima-Klassik-Tarife,,,,,,
Frühlingssturm,,,,,,
Umweltsenator,,,,,,
Rettung,,,,,,
Unglü…,,,,,,
Tagesspiegel-App Aktuelle Na,,,,,,
Frühlingszeit,,,,,,
Orthopäden,,,,,,
Unfallchirurgen,,,,,,
Hebbelstraße,,,,,,
Potsdam Mangelware,,,,,,
Hebbelstraße 43,,,,,,
Lassee,,,,,,
Schneehaube,,,,,,
Kälteschutzmaske,,,,,,
Schneebrille,,,,,,
Schnee-Nest,,,,,,
Bibber-Balz,,,,,,
Doomadgee,,,,,,
Subsahara-Ländern,,,,,,
dänischen Küste,,,,,,
Hamburger Haus,,,,,,
Soft-Air-Pistole,,,,,,
Museum für westfälische Literatur in Oelde,,,,,,
Old Shatterhand,,,,,,
Tal der Toten,,,,,,
Mahnmal,,,,,,
Heizu…,,,,,,
Royals,,,,,,
Vélez-Málaga,,,,,,
Multicopter,,,,,,
Minijobber,,,,,,
St. Germain –,,,,,,
Tarif-Wechsel,,,,,,
Ramaphosa,,,,,,
Kerzenlicht an…,,,,,,
Bauchschmerzen,,,,,,
Hamburg/Essen,,,,,,
Hilfsmilliarden,,,,,,
Gasverbrauchskurve,,,,,,
Sachsen-Anwalt,,,,,,
US-Amerikanern,,,,,,
New Edinburgh,,,,,,
Burma,,,,,,
Landk…,,,,,,
Deutsches Paar,,,,,,
nan Heute,,,,,,
Doppelrolle,,,,,,
Schimmelhochhaus von Düren,,,,,,
Akw Neckarwestheim,,,,,,
Haldensleben,,,,,,
Staat sollt…,,,,,,
Montag Hochwasser,,,,,,
Flutschäden,,,,,,
Pharmakonzern Pfizer,,,,,,
Notfall-Drama,,,,,,
Seebrügge,,,,,,
Porsche-Börsengang,,,,,,
Kauf,,,,,,
Bus-Unfälle,,,,,,
Haus zum Energiesparhaus,,,,,,
Downing Street No.10,,,,,,
Musk,,,,,,
Außenfassade,,,,,,
Berchtesgardener Land,,,,,,
Sentix-Barometer,,,,,,
Sentix,,,,,,
Energie-Engpässen,,,,,,
Streifen Kunstschnee,,,,,,
Netflix-Stream,,,,,,
Lüftungsanlagen,,,,,,
Badesport,,,,,,
Säbener Straße,,,,,,
Schülern,,,,,,
Riesenvulkan Schiwelutsch,,,,,,
Kljutschi,,,,,,
Kohlensäure,,,,,,
München/Nürnberg,,,,,,
Alpen ob,,,,,,
Netzstabilität,,,,,,
Amprion-Chef,,,,,,
Dellach,,,,,,
Drautal,,,,,,
Katschberg,,,,,,
Umbaus,,,,,,
Unterkunft,,,,,,
Winter-Vivern,,,,,,
Stromtarif,,,,,,
Wärmepumpen-Tarife,,,,,,
Energieverbrauchs-Monitor,,,,,,
Haus heizt,,,,,,
Purkersdorf,,,,,,
Doppelhaus am Hang,,,,,,
Bernardo Bertol…,,,,,,
derHAS2023,,,,,,
Dahinschmelzen,,,,,,
Maria Alm,,,,,,
Klimapläne,,,,,,
Müllsammelaktion,,,,,,
Zuschauermenge,,,,,,
Burgtheater,,,,,,
Schytomyr,,,,,,
Arlberg-Straßentunnel,,,,,,
Kraftwerk Eur…,,,,,,
Kamin,,,,,,
Holzofen,,,,,,
Pelletofen,,,,,,
Extrakosten,,,,,,
Neukirchen-Seigertshausen,,,,,,
Landgericht …,,,,,,
Seigertshausen,,,,,,
Mammoth Mountain,,,,,,
Bürgerliche Gemeinde,,,,,,
Erzgebirge s…,,,,,,
Asiamarkt,,,,,,
Hauptbahnhofs,,,,,,
Schimmelfalle,,,,,,
Energiepreis-Abwehrschirm,,,,,,
Fahrbahnen,,,,,,
Gas-Not,,,,,,
Wettersturz,,,,,,
Mitten,,,,,,
Stadtderby,,,,,,
Wyoming,,,,,,
Gilette,,,,,,
Wyomings,,,,,,
Welt</li><li,,,,,,
WELT-Interview,,,,,,
Erzbistum am Freitag,,,,,,
Stadt-Mitarbeiter,,,,,,
Montblanc,,,,,,
24-Stunden-Betrieb Krankenhaus,,,,,,
Hygienegründen,,,,,,
raja-aita,,,,,,
Sumpf,,,,,,
Moos,,,,,,
Blaubeersträucher,,,,,,
Töpfchentraining,,,,,,
Eiffel,,,,,,
Bundesbern,,,,,,
Fichtelberg Schwebebahn,,,,,,
Sauerland Winter-Bilanz,,,,,,
Suff,,,,,,
Hochwasser-Meldestufen,,,,,,
Gebäudeenerg…,,,,,,
Nicola Winter,,,,,,
Astronautenreserve,,,,,,
Körpermaße,,,,,,
Häuschen,,,,,,
klimas…,,,,,,
Heizungsregeln,,,,,,
Insel der Reichen,,,,,,
Winterglück im Sommerparadies,,,,,,
Grenzzaun,,,,,,
"raja-ai… A
Aita",,,,,,
Kinderheim Cighid,,,,,,
Kraftwerk Salzburg-Lehen,,,,,,
Kernkraftwerk-Ära,,,,,,
Staatsbesuche,,,,,,
(96,,,,,,
US-Grundschule,,,,,,
Gas-Tarife,,,,,,
Berliner Gericht,,,,,,
Energie-Verschwendung,,,,,,
atmungsaktivem,,,,,,
Schwaz,,,,,,
neuen Brücke,,,,,,
we…,,,,,,
Atomwaffen,,,,,,
U7-Liga,,,,,,
Pyro-Alarm,,,,,,
Pyrotechnik,,,,,,
Kinderehen,,,,,,
Lac de Montbel,,,,,,
Kohlenmarkt,,,,,,
Kraftwerk Puch-Urstein,,,,,,
Teleobjektivs,,,,,,
Brände,,,,,,
Siegerstraße,,,,,,
Sicherheitsrisiko,,,,,,
Hamburg-Lokstedt,,,,,,
Mäntel,,,,,,
unversicherbar,,,,,,
Ziegen,,,,,,
Spazierweg,,,,,,
Zuger Tal,,,,,,
Blumenau,,,,,,
Pflichtfach,,,,,,
Enkeltrick-Betrug,,,,,,
Saarbrücken Es,,,,,,
Heizungstyp,,,,,,
Taschen,,,,,,
Oberhaupt d…,,,,,,
Residenz St. Martha,,,,,,
Rosatom,,,,,,
St. Helena,,,,,,
Saison-Ende,,,,,,
Wintersport-Arena,,,,,,
"Bilderbuch ""Ludwig und das Nashorn",,,,,,
Lokstedt,,,,,,
US-Priester,,,,,,
Erzbistum Baltimore,,,,,,
Hochwasser-Gefahr,,,,,,
Preisdeckeln,,,,,,
Tarifen,,,,,,
Wiesbaden mi…,,,,,,
Wegducken,,,,,,
Wildbäche,,,,,,
Ampelkoalition Kinderarmut,,,,,,
Arche Berlin-Hellersdorf,,,,,,
Wanne,,,,,,
Sozialverbandes,,,,,,
US-Erzbistum,,,,,,
US-Konjunkturdaten,,,,,,
Imbissen,,,,,,
Hygieneauflagen,,,,,,
Gebärdensprache,,,,,,
Unglücklichsein,,,,,,
esein,,,,,,
Mount Baker,,,,,,
Tiefschnee,,,,,,
Russland</li><li,,,,,,
Bezirk St. Veit,,,,,,
Kairo,,,,,,
Gas-Hochdruckleitung,,,,,,
Waltershofer Straße,,,,,,
Winterreifen-Test,,,,,,
Klima-Vergleich,,,,,,
Strom-Studie,,,,,,
Vollpension,,,,,,
Gas-Kooperation,,,,,,
Verstappen,,,,,,
Suzuka,,,,,,
Furkapass,,,,,,
Kanton Uri,,,,,,
Blackout-Zertifikat,,,,,,
Sommerbad Pankow,,,,,,
Insulaner,,,,,,
München/Essen,,,,,,
Jerichower Land,,,,,,
Autlán de Navarro,,,,,,
Mexiko …,,,,,,
Naranjo River,,,,,,
Kernkraftwerk Leibstadt,,,,,,
Kraftwerk Dradenau,,,,,,
Eiswürfel,,,,,,
Energieträger,,,,,,
Weißwein,,,,,,
Jahrhundert-Erdbeben,,,,,,
Privatschulen,,,,,,
Vogtareuth am Inn,,,,,,
Griechenlands Kornkammer,,,,,,
Normalsatz,,,,,,
MV-Regierungslager,,,,,,
Selberbauen,,,,,,
Cape Ann,,,,,,
Hausärztechef,,,,,,
Praxen-Kollaps,,,,,,
Donnerstag los,,,,,,
Bergkarabach,,,,,,
Industriepark-Chef,,,,,,
Industrieparks Höchst,,,,,,
Mittagshitze,,,,,,
B42,,,,,,
Ex-Hurrikan,,,,,,
Ebenthal,,,,,,
Tafelobst,,,,,,
Las Vacas,,,,,,
Ostschweiz,,,,,,
Dreifarbige Pfeile,,,,,,
Armenier,,,,,,
Einzelmatches,,,,,,
Energiepauschalen-Rest,,,,,,
psychis…,,,,,,
Gel…,,,,,,
Höhlentouren,,,,,,
Flüge,,,,,,
Bayerischem Jugendring,,,,,,
Bayern-Wahl,,,,,,
Wahlkampfendspurt,,,,,,
AKH,,,,,,
Norbertusgymnasium,,,,,,
holländische Regierung,,,,,,
Gasfeld Groningen,,,,,,
Provinz Groningeneingestellt,,,,,,
Klimaschutz-Pläne,,,,,,
Krankenkassenpolice,,,,,,
Endstation Hütte,,,,,,
Ganzes Hotel,,,,,,
Dornbirner,,,,,,
Kappen-Skandal,,,,,,
Nagornyj Karabach,,,,,,
ü…,,,,,,
nature-friends,,,,,,
Herrenbereich,,,,,,
Südhalbkugel z…,,,,,,
Hornissenschwarm,,,,,,
Hornissen,,,,,,
Heizspiegel,,,,,,
terroristischen Staat,,,,,,
Faktor,,,,,,
Nat…,,,,,,
Gärtnerns,,,,,,
Adriatic Line,,,,,,
Adriatic Line ,,,,,,
Weitra,,,,,,
Gas-Mehrwertsteuer,,,,,,
Przemysl,,,,,,
Borkum Erdgas,,,,,,
Wohngebäude,,,,,,
Ahrtal-Hochwasser,,,,,,
Polregionen,,,,,,
Islands Südküste,,,,,,
Stadt Koblenz,,,,,,
Laura,,,,,,
Zugmaschine,,,,,,
Duisburger Hafen,,,,,,
F.A.Z.-Informationen,,,,,,
Wasserlast,,,,,,
Tagein,,,,,,
Bahn-Extremtest,,,,,,
Klimatunnel,,,,,,
Pelletgrill,,,,,,
Steuersenkungen,,,,,,
Regierungslinie,,,,,,
Thüringer Kindergärten,,,,,,
Circus Roncalli,,,,,,
Meinungsforschungs-Agentur Pollytix,,,,,,
Pazifik,,,,,,
Südost-Europa-Risiko,,,,,,
Bauteile-Not,,,,,,
Konzernangaben,,,,,,
Weltmeeren,,,,,,
Europa</li><li,,,,,,
Hohe Wassertemperaturen,,,,,,
Wolfsburg/Hannover,,,,,,
Rau…,,,,,,
Spandauer Forst,,,,,,
Zimmerpflanzen,,,,,,
Behala,,,,,,
Fernwärme,,,,,,
Landes Tirol,,,,,,
Stadt R…,,,,,,
Ski,,,,,,
Tauchsieder,,,,,,
Werder-Abgang,,,,,,
Gebirgsgewässern,,,,,,
KI-Bilder,,,,,,
Gaslecks,,,,,,
Bayerns gi,,,,,,
Panorama-Nachrichten,,,,,,
Steuerportal Elster,,,,,,
Garage,,,,,,
Defekt am Akku,,,,,,
Energieriese Total,,,,,,
Bru…,,,,,,
Selbstzerstörungsknopf,,,,,,
Schweriner Landesregierung,,,,,,
Berliner Westhafen,,,,,,
Erdgasleitun…,,,,,,
Gewächsen,,,,,,
Schmoll-Ecke,,,,,,
Taurus-Lieferungen,,,,,,
Clay-Oberschule,,,,,,
Berlin/München,,,,,,
Höhle in Türkei,,,,,,
Horror-Flut,,,,,,
Geschlechtern,,,,,,
Naturpark Hohes Venn,,,,,,
Bra…,,,,,,
Frankfurt-Höchst,,,,,,
Beelen,,,,,,
Telegram-Channel,,,,,,
S. Tappe,,,,,,
Erdbebens,,,,,,
Arznei-Lieferengpässen,,,,,,
West-Nil-Virus,,,,,,
Iranerin,,,,,,
Frauenrechte,,,,,,
Kinderarzneien,,,,,,
Asylbewerbern,,,,,,
Treibhausgasemissionen,,,,,,
Chemnitzer Park,,,,,,
Energie-Deals,,,,,,
Garten…,,,,,,
Baugeländes,,,,,,
Volland-Rot,,,,,,
Sherpa,,,,,,
Zucker,,,,,,
Wolfsburg/München,,,,,,
"Sturmtief ""Daniel"" hat in Griechenland",,,,,,
Volos,,,,,,
Kevin,,,,,,
Köln-Neubrück,,,,,,
chilenische Regierung,,,,,,
Unwetter in,,,,,,
Scanno,,,,,,
Greenpeace-Angaben,,,,,,
Ausmaß aller Schäden,,,,,,
Klima-Gesetze,,,,,,
Palamas,,,,,,
Karditsa,,,,,,
Mittelgriechenlands,,,,,,
Wunsches hapere,,,,,,
Ex-Heimkinder,,,,,,
Potsdam Museum,,,,,,
Berliner Vorstadt,,,,,,
Luftve…,,,,,,
Berlin/Hamburg,,,,,,
Hochwasser-Höhepunkt,,,,,,
Que…,,,,,,
Rendsburg…,,,,,,
Millionen-Schäden,,,,,,
Hochwasser-Nacht,,,,,,
Strandpromenade,,,,,,
Hohe Millionenschäden,,,,,,
Millionenschäden,,,,,,
Mecklen…,,,,,,
Sturm-Bilanz,,,,,,
Bodden-Damm,,,,,,
Wieck,,,,,,
Landkreises Vorpommern-Rügen,,,,,,
Juden-Hass,,,,,,
Grauens,,,,,,
Heilerziehungsanstalt Kalmenhof,,,,,,
Zwönitz,,,,,,
Schock-Bilder,,,,,,
Hafenkräne,,,,,,
Burgenländerinnen,,,,,,
Lübecker,,,,,,
Millionenschaden,,,,,,
Lübecker Altstadt,,,,,,
Stauden,,,,,,
Bützow,,,,,,
Matzlow,,,,,,
Reifenwechsel-Terminen,,,,,,
Hohen Wand,,,,,,
Wiener Skiverband,,,,,,
Grünes Licht für Gletscherrennen,,,,,,
Trave,,,,,,
Stadt Lübeck,,,,,,
Dagebüll/Schlüttsiel,,,,,,
Eckernförde,,,,,,
Shopping-Deal sic… <ul><li,,,,,,
Skadi Skijacke von…,,,,,,
Podolski-Gehalt,,,,,,
Flensburg ber…,,,,,,
Bodden,,,,,,
Petition,,,,,,
A61,,,,,,
Hochwasserschotts,,,,,,
Fahrerk…,,,,,,
Kohlekraftwerk Neurath,,,,,,
Luhansk,,,,,,
Klageschriften,,,,,,
Rote Nasen,,,,,,
Krankenhauses der Barmherzigen Brüder,,,,,,
Clowns,,,,,,
Sommerhaus,,,,,,
Leipzigs,,,,,,
E45,,,,,,
Kolding,,,,,,
Holstebro,,,,,,
Ulfborg,,,,,,
Thorsminde,,,,,,
Unfallgegner,,,,,,
Warmes Essen,,,,,,
wohnungslo…,,,,,,
Chark…,,,,,,
Wasmeiers,,,,,,
Jahrtausend-Hochwasser,,,,,,
Marinas,,,,,,
Skipper,,,,,,
Lieferengpasses,,,,,,
KH Eisenstadt,,,,,,
Fracking-Verbot,,,,,,
Winterreifen-Wechsel,,,,,,
Ski-Vorfreude,,,,,,
ktober,,,,,,
stern,,,,,,
Hotel The Mandala,,,,,,
Bestien,,,,,,
Landeshilfe,,,,,,
Gebiet Cherson,,,,,,
Drohnen-Trümmern,,,,,,
Fußbodens,,,,,,
Hotel Hafen Flensburg,,,,,,
Lyngdalsfjord,,,,,,
Midcentury,,,,,,
Pipeline-Schäden,,,,,,
UN-Kinderhilfswerks 2360 Kinder,,,,,,
S. Blume,,,,,,
Zimtsterne,,,,,,
Lebkuchen,,,,,,
Schoko-Weihnachtsmänner,,,,,,
Dominosteine,,,,,,
Kirsch-Marzipan-Tees,,,,,,
Blumenzwiebeln,,,,,,
Kanone,,,,,,
Tagen w…,,,,,,
schmecken,,,,,,
Nature Igloo,,,,,,
Du,,,,,,
Energiearmut,,,,,,
Mörbisch,,,,,,
Wintermonate,,,,,,
Berliner Wuhlheide,,,,,,
Jugend-Aliyah,,,,,,
Militärattacke,,,,,,
Söldner Bergbahnen,,,,,,
winterlichen Alpen,,,,,,
Salvador-Allende-Brücke,,,,,,
Haninge,,,,,,
Golf von Finnland,,,,,,
Synergien,,,,,,
Seilbahnen,,,,,,
Balticonnector-Gaspipeline,,,,,,
Kfar Azza,,,,,,
Herat,,,,,,
Hamas-Kämpfern,,,,,,
Flügen,,,,,,
Hentern,,,,,,
Wetter-Krimi,,,,,,
Kerneuropäer,,,,,,
Kie,,,,,,
Friedemann Kohler/dpa,,,,,,
KI-Funktionen,,,,,,
Frage</li><li,,,,,,
Befall,,,,,,
Donaustadt,,,,,,
Charkiw e…,,,,,,
SPERRY Cold Bay H,,,,,,
Körperöffnungen,,,,,,
Raynaud-Syndrom,,,,,,
Salzlake,,,,,,
Wassertöpfe,,,,,,
(55,,,,,,
(43,,,,,,
Winter-Schutzschirm,,,,,,
Kraftwerk Simmering,,,,,,
Kraftwerk,,,,,,
Sotschi,,,,,,
Warmer,,,,,,
Winterhilfe,,,,,,
Nato-Staaten,,,,,,
Nato-Treffen,,,,,,
Nikopol,,,,,,
Insel Wangerooge,,,,,,
Problemgas,,,,,,
Kanonenrohr,,,,,,
Ca,,,,,,
Buchmesse-Gastland-Slowenien,,,,,,
Gasdruck,,,,,,
Autodächern od…,,,,,,
Betriebs-Kitaplätze,,,,,,
EU-Ebene,,,,,,
Volterra,,,,,,
Schnee-Peitsche,,,,,,
städtischen Straßen- und Brückenamts,,,,,,
Nebel-Crash,,,,,,
Patriarch von Jerusalem,,,,,,
Einzelfällen,,,,,,
Optimismus,,,,,,
Höhle der Löwen,,,,,,
Statistische L… Schnee,,,,,,
künfti…,,,,,,
Inselbahn,,,,,,
Bahnhof Wangerooge,,,,,,
Eberswalde/Frankfurt,,,,,,
Skischuhe,,,,,,
Liveblog Großbritannien,,,,,,
Air-Berlin-Zentrale am Saatwinkler Damm,,,,,,
Guineastraße warte…,,,,,,
Flüssiggaste…,,,,,,
Erdbeben: Afghanistan,,,,,,
Braunkohle-Reserve,,,,,,
Pipeline-Leck,,,,,,
Land h…,,,,,,
Wintercamping,,,,,,
Afghanistan-Beben,,,,,,
Heiligenblut feh…,,,,,,
Großglockner Bergbahnen,,,,,,
Hertha-Wechsel,,,,,,
Amtsgericht Hamburg,,,,,,
Diesel-Engpässen,,,,,,
Do…,,,,,,
IOC-Präsident Bach,,,,,,
Ludwigshafen am Rhein,,,,,,
Alpine-Auto,,,,,,
GdB 100,,,,,,
Preisschwankungen,,,,,,
Quellenstudium,,,,,,
Lateinische Patriarch,,,,,,
Lateinischer Patriarch von Jerusalem,,,,,,
Inde,,,,,,
Rur,,,,,,
Flut-Ereignisse,,,,,,
Mittelmeerüberquerungen,,,,,,
Hornberg,,,,,,
Heim,,,,,,
Teufelsee,,,,,,
Polizeipräsidium Freiburg,,,,,,
Gottenheim,,,,,,
Glasgow,,,,,,
Kran,,,,,,
abzahlte,,,,,,
Rentenal…,,,,,,
Warnsignale,,,,,,
Velbert,,,,,,
Haus Stemberg,,,,,,
Kochens,,,,,,
Kindesunterhalts,,,,,,
… Potsdam,,,,,,
Standortes Österreich,,,,,,
Zentrum von Bogotá,,,,,,
Gauteng minus 2 Grad Celsius,,,,,,
Elektronik-Markt,,,,,,
Bluetooth-Kopfhörern,,,,,,
Handball-Beben,,,,,,
Kohle-Krise,,,,,,
Trondheimer Fjord,,,,,,
Grenze,,,,,,
Preissteigerungen,,,,,,
Landesjugendring Berlin,,,,,,
Nord-Stream-Ermittler,,,,,,
Kohlemeiler,,,,,,
Landgericht Cottbus,,,,,,
Altenburg,,,,,,
Wörgler Innenstadt,,,,,,
Bahnhofstraße,,,,,,
Hohe Preislast,,,,,,
Laufpass,,,,,,
Dschungelkinder,,,,,,
Macao,,,,,,
Netfonds,,,,,,
Sensationswechsel,,,,,,
Saarbrück…,,,,,,
Getreideabkommens,,,,,,
Anna-Lindh-Grundschule,,,,,,
Flüssiggas-Transport,,,,,,
Geburtenziffer,,,,,,
Statistische Bundesamt am Freitag,,,,,,
Heizungsbauer-Verband,,,,,,
Skisport-Nachwuchs,,,,,,
Kinder-Forscher-Tag,,,,,,
Kanye West,,,,,,
Holocaustleugner,,,,,,
Tchibo,,,,,,
Tscheche Daniel Křetínský,,,,,,
Kraftwerk Buschhaus,,,,,,
Disneyland,,,,,,
Energiehunger,,,,,,
Bundesgerichtshofs,,,,,,
Gas-Lobby,,,,,,
Gas-Exit,,,,,,
Notaufnahme,,,,,,
Familien-Schock,,,,,,
Belchatow,,,,,,
Ukraine-Pipelines,,,,,,
Siemens-Boss,,,,,,
Quetame,,,,,,
Räder,,,,,,
Conrad,,,,,,
Pennsylvania,,,,,,
E…,,,,,,
Problemzonen,,,,,,
Norwege…,,,,,,
Home-Treatment,,,,,,
Siemens-Chef,,,,,,
Dehoga-Chef,,,,,,
Sieben-Prozent-Mehrwertsteuersatz,,,,,,
Mehrwertsteuersatzes,,,,,,
Erne…,,,,,,
Teamgeist,,,,,,
Betriebsdauer,,,,,,
Großauheim,,,,,,
Großauheim-Kaserne,,,,,,
Iglo,,,,,,
Zuckerangst,,,,,,
Amoklauf,,,,,,
kältest…,,,,,,
Raubkatzen,,,,,,
Heuschrecken,,,,,,
Weltenergiebericht de…,,,,,,
Küchenschaben,,,,,,
Gastro-Betrieben,,,,,,
Villingen-Schwenninge…,,,,,,
Hm,,,,,,
Mineralwasser-Flaschen,,,,,,
Santiago de Chile,,,,,,
Zentrum von Chile,,,,,,
Sommer-Skispringen,,,,,,
Wohnhäusern,,,,,,
Jens Kalaene/dpa-Zentralbild/dpa,,,,,,
Kohle-Arbeiter,,,,,,
Kraftwerk Jänschwalde,,,,,,
IMAGO/Rainer Weisflog,,,,,,
Meteogroup,,,,,,
Alpsee Coaster,,,,,,
"Immenstadt
",,,,,,
Jahrhundert-Flut,,,,,,
Ostösterreich,,,,,,
schneeärmer,,,,,,
Wohnungsbau-Schlamassel,,,,,,
Weltenergie-Bericht,,,,,,
Chamäleons,,,,,,
Toppenstedt in,,,,,,
Nachwuchssorgen,,,,,,
Notenskala,,,,,,
Examina,,,,,,
Badetod,,,,,,
Lebensmittelkrisen,,,,,,
Küstenwache,,,,,,
Krim Kampfdelfine,,,,,,
Nachbarschaftsgefühl,,,,,,
Santjago,,,,,,
Saugroboter,,,,,,
Sand am Meer,,,,,,
Freo,,,,,,
Toppenstedt,,,,,,
Energie-Härtefallhilfen,,,,,,
Kulturfestival,,,,,,
Extraschicht,,,,,,
Dunkelhei,,,,,,
Radlader-Unglück,,,,,,
Samtgemeinde Salzhausen,,,,,,
Nachthimmel,,,,,,
Rech an der Ahr,,,,,,
Teide,,,,,,
Playa do Fanabé,,,,,,
Murmansk,,,,,,
Großer Kran,,,,,,
Spitzenausgleich,,,,,,
Appellen,,,,,,
Lega,,,,,,
Ewige Stadt,,,,,,
Schlach…,,,,,,
Berliner Waldsee,,,,,,
Kinderreispass,,,,,,
Bahnhof Zoo“,,,,,,
Njuuxpdibcfoe,,,,,,
Bad-Regal,,,,,,
Diözese St. Pölten,,,,,,
Diözese St. Pölt…,,,,,,
Vika,,,,,,
Erdmond,,,,,,
Haus zu singen,,,,,,
Labore,,,,,,
Paare Elterngeld,,,,,,
ka…,,,,,,
Jamal-Halbinsel,,,,,,
Wirtschaftsforscher,,,,,,
Frauenkleidern,,,,,,
Nachmi…,,,,,,
Spracherwerb,,,,,,
hohen Preisen,,,,,,
Saubere Fernwärme,,,,,,
Dallas-Fort Worth,,,,,,
Kane-Kohle,,,,,,
Perwomajskyj,,,,,,
Drag,,,,,,
Müslis,,,,,,
Energiekosten-Sorgen,,,,,,
Limonaden,,,,,,
Fertigprodukten,,,,,,
Kinderprodukten,,,,,,
Faktenlage,,,,,,
Kinderherzzentrum Linz,,,,,,
Letzte-Meile-Option,,,,,,
S3,,,,,,
S-Bahn-Rings,,,,,,
Billbrook,,,,,,
Fürth au…,,,,,,
Samnaungruppe,,,,,,
Ringstraße,,,,,,
Kohle-Chaos,,,,,,
Sunken City,,,,,,
Wiener Donauinsel,,,,,,
Brady,,,,,,
Nahrungsergänzungsmittel,,,,,,
Eisenkappel,,,,,,
Klein St. Veit,,,,,,
Globasnitz,,,,,,
Poggersdorf,,,,,,
Eo,,,,,,
Kleinkirchental,,,,,,
Dürrnberg,,,,,,
kapverdischen Küste,,,,,,
Stormarn,,,,,,
Reinbek,,,,,,
Klima-Professor,,,,,,
Gastronomie,,,,,,
Sandbank,,,,,,
Uros…,,,,,,
vi…,,,,,,
verfüg…,,,,,,
Unwetter-Ereignis,,,,,,
Wiener Kinderbetreuungseinrichtungen,,,,,,
Mayafamilien,,,,,,
Online-Informationen,,,,,,
Deutschen-Hochburgen,,,,,,
Rückhaltebecken am Zollfeld,,,,,,
Lagen,,,,,,
Hochwasser-Ereignissen,,,,,,
Denkmälern,,,,,,
Fachkraft-Kind-Quote,,,,,,
Nachhall,,,,,,
Schneepflugmeisterschaften,,,,,,
Grundwasserspiegel,,,,,,
Unterkärnten,,,,,,
Montanas,,,,,,
Leibnitz,,,,,,
Deutschlandsberg,,,,,,
Südoststeiermark Katastrophengebiet,,,,,,
Assistenzeinsatz,,,,,,
Statistische Bundesamt am Mi…,,,,,,
Dating-Format,,,,,,
Bezirk Bruck-Mürzzuschlag,,,,,,
Kohle-Dampf-Licht-Radroute,,,,,,
Begehrlichkeiten,,,,,,
dÃ¼rfen,,,,,,
SPD-Chefin Esken,,,,,,
Grünen-Chefin,,,,,,
Akademie der Künste eindrücklich …,,,,,,
Kanalnetzes,,,,,,
Rheinisch-Bergischen Kreises,,,,,,
Golf ☀️,,,,,,
Bachbett,,,,,,
Fritzbox,,,,,,
ORF-Sender,,,,,,
Gasteiner Tal,,,,,,
Pongaues,,,,,,
UKW-Funkverbindu…,,,,,,
Mandel-Zitronen-Tarte,,,,,,
Klimawa…,,,,,,
Bezirks Spittal an der Dra…,,,,,,
Xiongan,,,,,,
bestehe am Inn,,,,,,
Ötztaler Ache,,,,,,
Vortag,,,,,,
GefÃ¤ngnis,,,,,,
Lehrstellen,,,,,,
ARD-Doku,,,,,,
Ratingen/Heidelberg,,,,,,
Guntschach,,,,,,
Notweg,,,,,,
Kraftwerks Schwarze Pumpe,,,,,,
Glaswand,,,,,,
Feuerweh…,,,,,,
KW 33,,,,,,
Pfefferspray,,,,,,
Flüssigerdgas-Lieferanten,,,,,,
Spremberg/Cottbus,,,,,,
Kohle-Konzern,,,,,,
Rekabach,,,,,,
Bezirk Leibnitz,,,,,,
Grundwasserbrunnen,,,,,,
Lichendorf,,,,,,
Oberschwarza,,,,,,
Unterschwarza,,,,,,
Weitersfeld,,,,,,
Hitze-Sommer,,,,,,
Wa…,,,,,,
Gasthaus zur Henne,,,,,,
Thuy,,,,,,
Huyen,,,,,,
Traumkulissen,,,,,,
Vorfälle,,,,,,
Reuters,,,,,,
Sloweniens,,,,,,
Dolnja Bistrica,,,,,,
Katastrophenschutzkommandant,,,,,,
Sestan,,,,,,
Hangrutschungen,,,,,,
Grüner Rauch,,,,,,
Düs­sel­dorfer Arena,,,,,,
römi­sche Lichter,,,,,,
Landeskommunikation,,,,,,
Cottbus/Senftenberg,,,,,,
Sammeltoilette,,,,,,
Technischen Hilfswerks,,,,,,
Sturmtief Zacharias,,,,,,
Berkshire Hathaway,,,,,,
Star-Investor,,,,,,
Wasserstoff-Leitungstechniker,,,,,,
Energoatom-Chef,,,,,,
Dunedin,,,,,,
St. Paul,,,,,,
Schwab,,,,,,
Kraftwerk Naughton,,,,,,
Ruhrpott,,,,,,
Dortmund-Großholthausen,,,,,,
Kanaren-Insel,,,,,,
San Sebastián de la Gomera,,,,,,
Förder-Leitplanken,,,,,,
kunterbunte-gefuehle-teaser,,,,,,
Villa «Am Römerholz,,,,,,
Mohnfeld,,,,,,
Bergbahn Sattel-Hochstuckli,,,,,,
Kanton Schwyz,,,,,,
Finanzminister von Baden-Württemberg,,,,,,
Staat Krisen,,,,,,
Servicebetrieb Öffentlicher Raum Nürnberg,,,,,,
Saudis,,,,,,
Wassers,,,,,,
Medikamenten,,,,,,
Energieschock,,,,,,
Canberra Zugeständnisse,,,,,,
Mini-Akw-Pläne,,,,,,
Hausbewohner,,,,,,
Rote Meer,,,,,,
Hopfen,,,,,,
Malz,,,,,,
Schwarzenbruck,,,,,,
E-Roller,,,,,,
Treppenhaus,,,,,,
Strohhalm,,,,,,
Lippen,,,,,,
Völkermarkt,,,,,,
Juli-Statistik,,,,,,
Internetkonsum,,,,,,
Hitzeschutz-Kampagne,,,,,,
Chöre,,,,,,
Nachwuchs,,,,,,
… We use cookies and data to<ul><li,,,,,,
St. Galler,,,,,,
El Colorado,,,,,,
La Parva,,,,,,
Luftdruckpistole,,,,,,
Ungenutzes Potenzial,,,,,,
Russla… We use cookies and data to<ul><li,,,,,,
Schadenausmaß,,,,,,
Rummelsberg,,,,,,
Aufholjagd,,,,,,
Deutschen Pre…,,,,,,
Industrie-Prozessen,,,,,,
Kinder-Notdienst,,,,,,
Milliardenschaden,,,,,,
Rekordergebnissen,,,,,,
Krafwerkskohle,,,,,,
Besserer Hochwasserschutz,,,,,,
Schwarzwassers,,,,,,
Strompreis in Deutschland,,,,,,
Kraftblock-Gründer,,,,,,
Erdrutschen,,,,,,
Unternehmern,,,,,,
Flocke,,,,,,
Staudamm,,,,,,
Wasserkraftwerks Braskereidfoss,,,,,,
"Schwarzen Meer
",,,,,,
Neto,,,,,,
Lebensgefährliche KI -,,,,,,
Kinderärzte-Verband,,,,,,
AfD-Fraktionschef,,,,,,
Energie-Abschlägen,,,,,,
Infoschreiben,,,,,,
Kebab,,,,,,
Gastspiel,,,,,,
Ostsee-Pipeline Nord Stream,,,,,,
Atomkraftwerks Emsland,,,,,,
Dezember-Gashilfe,,,,,,
Corona-Beschränkungen,,,,,,
Gas-Soforthilfen,,,,,,
Preis-Chaos,,,,,,
Hilfen-Dschungel,,,,,,
Millionen-Hilfe,,,,,,
m…,,,,,,
Abgasen,,,,,,
Jahr Preiserhöhungen,,,,,,
Mariä Empfängnis,,,,,,
Semmering,,,,,,
Donezk Foto,,,,,,
Kampfgeschehen,,,,,,
Gudiberg,,,,,,
Gesetzes,,,,,,
Wintersternbilder,,,,,,
echo24.de,,,,,,
Top-Wallbox,,,,,,
Stadtzürcher,,,,,,
Sternhaufen,,,,,,
Belastungslimit,,,,,,
Normalwert,,,,,,
Gas-Lieferstopp,,,,,,
m… Oft,,,,,,
Handelspartner,,,,,,
Böllerverbot,,,,,,
Schneller Kohleausstieg,,,,,,
Aurora,,,,,,
Munitionsnachschub,,,,,,
regne,,,,,,
Campus Mühldorf,,,,,,
Bür…,,,,,,
Brownout,,,,,,
Pflegepersonal,,,,,,
Ärzt,,,,,,
Luftalarm,,,,,,
Land herrs…,,,,,,
Ausnahmezustand bei Kinderärzten,,,,,,
katastrophal,,,,,,
Kinderstation,,,,,,
Sternschnuppen,,,,,,
echo24</li><li,,,,,,
Riverside,,,,,,
Trafigura,,,,,,
Weserbergland,,,,,,
Betrie…,,,,,,
Polizeiinspektion 3,,,,,,
Mainzer Lerchenberg,,,,,,
Ampel-Bürokratie-Monster,,,,,,
Nikolausdorf,,,,,,
Kattowitz,,,,,,
zerfahrener,,,,,,
rabenschwarz,,,,,,
Zeche Staczic,,,,,,
Sirenen,,,,,,
Tierh…,,,,,,
Kohlekraftwerken,,,,,,
Statistischen Bundesamt auf Jahressicht,,,,,,
Platz an der Sonne,,,,,,
Geldnöte,,,,,,
Kohle-Spagat,,,,,,
BaWü,,,,,,
Mega-Bau,,,,,,
Auftrag de,,,,,,
Energiehändler Trafigura,,,,,,
Leben</li><li,,,,,,
Milliarden-Garantie,,,,,,
UNHCR-Chef,,,,,,
Haie-Triumpf,,,,,,
Müngersdorf,,,,,,
Stromkonzerne,,,,,,
Landkreises in Gefahr,,,,,,
Chefkoch-Bewertungen,,,,,,
Eishockeytrainer,,,,,,
Langzeiturlaub,,,,,,
Mittelstand,,,,,,
Bundestagshaushaltsausschuss,,,,,,
Sonderzahlungen,,,,,,
Festgehalt,,,,,,
Zufallsgewinne,,,,,,
Krabbelstuben,,,,,,
Ganztagsplätze,,,,,,
Landes Fro…,,,,,,
Kön…,,,,,,
Bio-Lebensmittel,,,,,,
nup enek,,,,,,
Harrison,,,,,,
Malibu,,,,,,
Leipziger Südvorstadt,,,,,,
Kinder-Wut,,,,,,
Rijeka,,,,,,
verursach…,,,,,,
Bioabfall,,,,,,
Königspaar fü…,,,,,,
Ostholstein,,,,,,
Bundesnetzagentur Bild,,,,,,
verschneiten Bergen,,,,,,
Westens,,,,,,
Auswärtigem Amt,,,,,,
Fachbetrieben,,,,,,
Leiferde,,,,,,
gegenan,,,,,,
Erding,,,,,,
Haus ohne Gas,,,,,,
Härtefallregeln,,,,,,
Übergewinnen,,,,,,
Liter,,,,,,
Wahnsinns,,,,,,
Kita-Misere,,,,,,
Misserfolg,,,,,,
Guantánamo,,,,,,
Malakal,,,,,,
Schweinegesi…,,,,,,
Winterwelle,,,,,,
Coronavirus-Blog,,,,,,
üb…,,,,,,
Internet-Anwender,,,,,,
App-Ausgaben,,,,,,
Hornbach,,,,,,
Miliarden,,,,,,
Kältetod,,,,,,
Lebensphase,,,,,,
Verf…,,,,,,
Solarpark,,,,,,
Nordrhein-WestfalenViele,,,,,,
Verwaltungsgericht Schwerin,,,,,,
C&A.,,,,,,
C&amp;A.,,,,,,
Gutscheincode kön…,,,,,,
Meloni,,,,,,
Apotheken,,,,,,
Borodjanka,,,,,,
Bel b0-lokllae Geleplluokeupeknlepeentlleale pep Ueupep,,,,,,
Gutverdienenden,,,,,,
Hidden Hills,,,,,,
Rentner-Energiepauschale,,,,,,
Swissoil,,,,,,
Holzöfen,,,,,,
Leitbaken,,,,,,
Markierungen,,,,,,
Orafol,,,,,,
Energiekosten-Explosion,,,,,,
Intensivpfleger,,,,,,
Gas-Falle,,,,,,
Nowaja Gaseta Europa,,,,,,
Wyschhorod,,,,,,
Schwule,,,,,,
Gas-Abschlag,,,,,,
Bahn-Preise,,,,,,
Alarm-Tag,,,,,,
uuO,,,,,,
pel Onpp uleklp vellel lnu,,,,,,
Wochenmitt…,,,,,,
Konfliktregion,,,,,,
Konfliktregionen,,,,,,
Volketswil,,,,,,
Getränkehersteller,,,,,,
Platz bei,,,,,,
Gasförderpläne,,,,,,
Großraum Kiew,,,,,,
… Russland,,,,,,
Hogwarts,,,,,,
Managern,,,,,,
Aktionären,,,,,,
Messeturm,,,,,,
Treppe,,,,,,
Handstand,,,,,,
Messeturms,,,,,,
Haushalt Dachau,,,,,,
Borsdorf,,,,,,
wummsig,,,,,,
Krankenhausgesellschaft Sachsen,,,,,,
Stoßzeiten,,,,,,
Lieferando-Fahrer,,,,,,
Sankt Augustin,,,,,,
Schwarze Meer,,,,,,
Valorant,,,,,,
Niederländern,,,,,,
Bad Hofgastein,,,,,,
Gasteiner Ache,,,,,,
Königreichs,,,,,,
Ismaik,,,,,,
Kriegt Köllner,,,,,,
Genussscheine,,,,,,
Arzneimittel-Not,,,,,,
Grippezeit,,,,,,
Weddinger,,,,,,
Ukraine-Hilfen,,,,,,
Sanktionen,,,,,,
Deutschlands…,,,,,,
A96,,,,,,
Hooligan-Tatort,,,,,,
Kohleverbrauch,,,,,,
Stmk,,,,,,
Eislaufplätze,,,,,,
steiermark,,,,,,
Skyline-Blick,,,,,,
Nachbarschaftshilfe,,,,,,
Deutschlands Milliardengrab,,,,,,
Schneeband,,,,,,
Freitag i…,,,,,,
Löwen-Zukunft,,,,,,
Glitzerschmuck,,,,,,
Last-Minute-GesetzesentwürfeCDU,,,,,,
Pistenspaß,,,,,,
W… Verbraucher,,,,,,
Antidiskriminierungsbeauftrage Ferda Ataman…,,,,,,
MainzSchlecht,,,,,,
Dezember-Abschlagszahlungen,,,,,,
regional,,,,,,
regional j…,,,,,,
Zllle BeeeOpel heO,,,,,,
Erdgasgas,,,,,,
Notlagen,,,,,,
Spezialschiff,,,,,,
Härtefälle,,,,,,
EU-Spitzen,,,,,,
Landkreis in der Nacht,,,,,,
Telsa,,,,,,
Supercharger,,,,,,
Weinzierl-Ansage,,,,,,
Vollgas-Test,,,,,,
Freitag  ,,,,,,
Eisblumen,,,,,,
Änderungsanträge,,,,,,
Großer Kahn,,,,,,
Südosteuropas,,,,,,
zwischenzeitiger,,,,,,
Nordwestmecklenburg,,,,,,
Wismarer,,,,,,
Innenministeriums,,,,,,
Wetter-News,,,,,,
A 27,,,,,,
rbb24,,,,,,
"Brandenburgs
",,,,,,
Gas-Infrastruktur,,,,,,
Glatteis.</li><li,,,,,,
Alla Varlamova,,,,,,
Crashs,,,,,,
Stürze  ,,,,,,
Hamburg am Montagmorge,,,,,,
Notaufnahmen,,,,,,
Neubrandenburger Weberglockenmarkt,,,,,,
Uniper-Eigentümer,,,,,,
Waffeln,,,,,,
Kinderpunsch,,,,,,
Mutmaßungen,,,,,,
Kiew will Berlin,,,,,,
Bildungsministeriums am Montag s…,,,,,,
Zossen,,,,,,
Zoo Rostock,,,,,,
Insiderhandel,,,,,,
Marktmanipulation,,,,,,
Bezirk Murau,,,,,,
EVP-Chef,,,,,,
Rostocker Zoo,,,,,,
Rostocker Zoo z,,,,,,
Briketts,,,,,,
Brikettschlepper,,,,,,
Intel-ChipfabrikEine Computergrafik,,,,,,
US-Konzerns,,,,,,
Grimsel,,,,,,
Straß…,,,,,,
Begegnungsraum,,,,,,
Kreis Alzey-Worm…,,,,,,
CFC-Sportchef Arnold,,,,,,
Liebesbeweisen,,,,,,
Rettungsplan,,,,,,
Gefährliche Wetterlage,,,,,,
Landes gefrierenden Regen,,,,,,
Bergsportschulen,,,,,,
Bay St. Louis,,,,,,
Trump-Hochburg Bay St. Louis,,,,,,
Corona-Infektionswelle,,,,,,
Beppu,,,,,,
Naturquellen,,,,,,
Ba-Wü,,,,,,
Holländischen Viertel,,,,,,
elsässischen Kapitale besonde…,,,,,,
Autobahn kracht,,,,,,
Berlin/Odessa,,,,,,
Renteneintrittsalter,,,,,,
Kambundji,,,,,,
Eiswein,,,,,,
Korruptionsvorwürfen,,,,,,
EU-Parlament2,,,,,,
Maschinenbau-Gipf…,,,,,,
Kay Nietfeld/dpa,,,,,,
Neue Kohlemine,,,,,,
Heizlüfter-Boom,,,,,,
Deutschen Maschinenbaugipfel,,,,,,
Bundesregi…,,,,,,
Proteste,,,,,,
Chinesinnen,,,,,,
Jobcentern,,,,,,
Querulant Ungarn,,,,,,
Wilhelmshaven/Düsseldorf,,,,,,
Flüssiggas-Station,,,,,,
GriechenlandImmer,,,,,,
Uni-Lockdowns,,,,,,
Grafschaft Cumbria,,,,,,
Evina,,,,,,
Klimafragen in Gefahr,,,,,,
Valeria-Tagebaumine,,,,,,
Mount Owen,,,,,,
Wirtschafts-,,,,,,
Stabilisierungsfonds,,,,,,
Wirtschaft</li></ol,,,,,,
Sturzbächen,,,,,,
Unternehmensinitiative,,,,,,
Wintergewand,,,,,,
Glühweinmüden,,,,,,
Extrem-Winter,,,,,,
AfD-Debatte,,,,,,
Reichsbürger-Razzia,,,,,,
Milieu,,,,,,
steirischen Bergen,,,,,,
Regierungen,,,,,,
Geberkonferenzen,,,,,,
Malaria,,,,,,
Unwetterw…,,,,,,
Baden-Württ…,,,,,,
Kreis Ludwigsb…,,,,,,
Ampelfraktionen,,,,,,
Brexit-Fond,,,,,,
Coronavirus-Newsblog,,,,,,
bayerischen Kliniken,,,,,,
Autofahrer-Horror,,,,,,
Blitzeis-Alarm,,,,,,
br.de,,,,,,
Risiko von Zahlungsausfällen,,,,,,
Messehalle,,,,,,
Weihnachtsgeschenk,,,,,,
Dekor,,,,,,
Weihnac…,,,,,,
badische-zeitung.de,,,,,,
Freiburg  ,,,,,,
Freiburgs,,,,,,
Westbalkan-Staaten,,,,,,
Schwäbische,,,,,,
Unglücksfall,,,,,,
Grenznähe,,,,,,
Ölheizungen,,,,,,
Daunenjacke,,,,,,
Moonboots,,,,,,
Crashtest,,,,,,
Babbs Mill Park,,,,,,
Mill Park,,,,,,
Eiskratzen,,,,,,
Strominfrastruktur</li><li,,,,,,
Mumbai,,,,,,
Winterberg-Fans,,,,,,
Oberpfalz  ,,,,,,
Brabander,,,,,,
Theke,,,,,,
Winterberger,,,,,,
Kohlekraftwerks Moorburg,,,,,,
Statistikamt Nord,,,,,,
Gas-Deals,,,,,,
Land Burgenland,,,,,,
Nordbayern.de,,,,,,
Freitesten,,,,,,
Tagesspiegel-Newsletter Checkpoint,,,,,,
Black-Friday-Sales,,,,,,
Räumdienste,,,,,,
Stadt Linz,,,,,,
wohlh…,,,,,,
Gutverdiener,,,,,,
<ol><li>(S+,,,,,,
Ostsee-Pipelines,,,,,,
Verschärfungen,,,,,,
Kältekammer,,,,,,
Wirtschaftsministerium gefroren,,,,,,
Laterne,,,,,,
G7-Staatengeme…,,,,,,
Pressekonferenzen,,,,,,
Podien,,,,,,
Ostasiens,,,,,,
Slowjansk,,,,,,
Gas-Speicherstand,,,,,,
Wisła,,,,,,
Nordstream-Pipeline,,,,,,
geradebügeln,,,,,,
"Peking
",,,,,,
Klimakatastrophen,,,,,,
Deutschen-Krankenhaus-Instituts,,,,,,
Scharm el-Scheich,,,,,,
Sparkampagne,,,,,,
Chemiekonzerns BASF,,,,,,
Holzklau,,,,,,
Kohle-Zeitalter,,,,,,
Wärmerekord,,,,,,
Rotweinstraße,,,,,,
enge Tal,,,,,,
Alina,,,,,,
Komfort,,,,,,
Betreiberin,,,,,,
Gaspipeline Nord Stream 1,,,,,,
Geflüchtetenhilfe,,,,,,
Dezemberhilfen,,,,,,
Weihnachtsgeld,,,,,,
Pfändungsschutzkonto,,,,,,
Deutschlandweit,,,,,,
Metern Schnee,,,,,,
Skihalle,,,,,,
Flüssiggas-Tanker,,,,,,
Kramatorsk,,,,,,
Menschenrechten,,,,,,
Sinai-Halbinsel,,,,,,
Ron DeSantis,,,,,,
Arbeitgeberv…,,,,,,
Spielpause,,,,,,
Bitkom-Umfrage,,,,,,
Versorger Abzocke,,,,,,
Kreis … Skifahrerinnen,,,,,,
Preissignale,,,,,,
moldauischen Hauptstadt,,,,,,
Energienot,,,,,,
Kruse-Lösung,,,,,,
Russisches Munitionsdepot,,,,,,
Sharm El,,,,,,
Milliarden-Entlastungen,,,,,,
Milli…,,,,,,
Rückgang bei Gasfüllstand,,,,,,
<em>,,,,,,
Lui Knoll.</em,,,,,,
Bep BlupteO,,,,,,
Polarwirbel,,,,,,
Geologen-Verbandes,,,,,,
Gegner,,,,,,
Klimakonferenz,,,,,,
Vorbereitungsklassen,,,,,,
Mützenich,,,,,,
Tisch si,,,,,,
Milder,,,,,,
Kurzstreckenflügen,,,,,,
Gastronom,,,,,,
Grüntal,,,,,,
Shavasana,,,,,,
Flugzeug-Verluste,,,,,,
Schreibtischen,,,,,,
Gasrabatt,,,,,,
Abschlag,,,,,,
Sentix-Investmentbarometer,,,,,,
Soforthilfen,,,,,,
Vorachstraße,,,,,,
Ankuscheln,,,,,,
Buch,,,,,,
Westeuropas,,,,,,
Bloomberg Finance LP,,,,,,
Gaspreis-Unterschiede,,,,,,
Greece,,,,,,
Paradeuniform,,,,,,
Schwarzheide,,,,,,
Grundschul-Ländervergleich,,,,,,
Kanzleramt,,,,,,
Düsseldorfer Konzernzentrale,,,,,,
Neukundenstopp,,,,,,
Vorj…,,,,,,
Ifo-Index,,,,,,
Winter″,,,,,,
Stahlwerks,,,,,,
Deckel,,,,,,
Huawei-Spionage,,,,,,
Open-RAN,,,,,,
Guerilla-Aktion,,,,,,
Atomstrom,,,,,,
Idealo-Preisstudie,,,,,,
Alltagsleben,,,,,,
Thanksgiving,,,,,,
Kurzarbei…,,,,,,
Kraftwerk Bexbach,,,,,,
Statistischen…,,,,,,
OP-Utensilien,,,,,,
Hotelgäste,,,,,,
Winkl,,,,,,
Blumentopf los,,,,,,
Feste Arbeitsplätze,,,,,,
Bildungsstudie,,,,,,
Schneckentempo,,,,,,
Energielieferant Norwegen,,,,,,
Wasserfreunde Spandau,,,,,,
Flüchtlingsheim,,,,,,
Amt…,,,,,,
Discounter-Riese Aldi Nord,,,,,,
Balmoral,,,,,,
Minimalkonsens,,,,,,
Lieferengpässe,,,,,,
Holzresten,,,,,,
Overbooking,,,,,,
Gaspreis…,,,,,,
Kleinverbrauchern,,,,,,
Bestandsgebäuden,,,,,,
Nachbesserungsbedarf,,,,,,
Corona-Maskenpflicht,,,,,,
Rezessionsgefahr,,,,,,
Baiersbronn,,,,,,
Landkreis Starnberg,,,,,,
lang,,,,,,
Online-Hetze,,,,,,
Wärme-Kunden,,,,,,
Erdgas-Paradoxon,,,,,,
dunklen Bad,,,,,,
Energie-Beratungsbedarf,,,,,,
Seepferdchen,,,,,,
Gaertner,,,,,,
Energiekrisen-Winter,,,,,,
Pattex am Porsche,,,,,,
Härtefällen,,,,,,
hei…,,,,,,
Gaspreissteigerungen bergen,,,,,,
Wintermonaten,,,,,,
Existenzangst,,,,,,
griechische Regierung,,,,,,
Fracking-Gas,,,,,,
Kommenta…,,,,,,
Mietverträgen,,,,,,
Klimaschutz-Sofortprogramm,,,,,,
Wilhelmshavener LNG-Terminal,,,,,,
Kieler Land…,,,,,,
Gas-Entzug,,,,,,
Wettbewerbsregeln,,,,,,
Grundwasserstände,,,,,,
Chalkida,,,,,,
Nord-Stream-Pipeline,,,,,,
Vorkasse,,,,,,
Print-Ausgaben,,,,,,
Druck-Ausgabe,,,,,,
Mega-Gewinne,,,,,,
Öl-Riesen,,,,,,
Clariant,,,,,,
Pratteln,,,,,,
Küchenzeilen,,,,,,
Budg…,,,,,,
Krummnußbaum,,,,,,
Corona-Winter,,,,,,
Flüssiggas-Terminalschiff,,,,,,
Wasserboiler,,,,,,
Österr…,,,,,,
Sonder-Einheiten,,,,,,
US-Firma,,,,,,
Hitze-Herbst,,,,,,
Schimmel-Falle,,,,,,
Kita-Pflicht,,,,,,
Bürokratenhölle,,,,,,
US-Konservativen,,,,,,
Kilowattstunden,,,,,,
Drei-Monats-Tief,,,,,,
Motivation,,,,,,
Rekordhöhen,,,,,,
A71,,,,,,
Öfen,,,,,,
Heizschüsseln,,,,,,
Güterzugunfall,,,,,,
Kleinbus,,,,,,
Gas-As,,,,,,
Zugunfall,,,,,,
Fracking-Problem,,,,,,
Wüstenwind,,,,,,
Kühlanlagen,,,,,,
Winkeln,,,,,,
heißersehnt,,,,,,
Hochhaus,,,,,,
Gas-Abfackeln,,,,,,
Bezirk Wärmeräume,,,,,,
Lagenunenstadt,,,,,,
Fakten-Check,,,,,,
Oppositi…,,,,,,
Provinz Baghlan,,,,,,
Röntgenquellen,,,,,,
Chinarak,,,,,,
Bel elueu petppl lelekl,,,,,,
Liegnitzer Straße,,,,,,
Landkreises Erie County,,,,,,
Gladbachs Sportdirektor,,,,,,
Strom-Totalausfall,,,,,,
Steuersenkungspläne,,,,,,
Katastrophenschützer,,,,,,
Isjum i…,,,,,,
Isjum,,,,,,
Kohlemine am Schwarzen Meer,,,,,,
Ise,,,,,,
Kabeljauzungen-Schneider,,,,,,
Lofoten,,,,,,
Uno-Klimakonferenz,,,,,,
Japanern,,,,,,
Fukushima,,,,,,
Kernkraftwerk Fukushima Daiichi,,,,,,
Reportagen,,,,,,
Kiew Foto,,,,,,
gofeminin,,,,,,
Schönefeld,,,,,,
Daggi,,,,,,
Heizpilz,,,,,,
Polizeipräsidium Oberfranken a…,,,,,,
Rettungspläne,,,,,,
Kälteeinbruch,,,,,,
Vorfällen,,,,,,
Uniper-Vorstandsvorsitzenden,,,,,,
Deuschland,,,,,,
Erster Staat,,,,,,
Lokale,,,,,,
Shisha-Bar,,,,,,
BQ.1.1,,,,,,
Deutsche R,,,,,,
Pandemie-Pause,,,,,,
Großen Festspielhaus am Freitag,,,,,,
Fatima,,,,,,
Haus in Berlin,,,,,,
Haus in Berlin-Oberschöneweide,,,,,,
Ifo-Institut am,,,,,,
Winterfestival,,,,,,
Tollwood,,,,,,
Gasverteilzentrum,,,,,,
Daniil,,,,,,
Staatsfernsehens,,,,,,
St. Gallen,,,,,,
TTF,,,,,,
Unmut,,,,,,
Sanktionsregimes,,,,,,
Waschen,,,,,,
russischen Besatzern,,,,,,
Leb…,,,,,,
Billigfluglinie Ryanair,,,,,,
Erdbeben auf der indonesischen Insel,,,,,,
Java,,,,,,
Selenskij,,,,,,
Vitali Klitschko,,,,,,
Vordermanns,,,,,,
Innenraumallergien,,,,,,
Leiden,,,,,,
Gasrechnung,,,,,,
ZAMG,,,,,,
Brandberger Kolmhaus,,,,,,
Nordpol,,,,,,
Vättis,,,,,,
Hellabrunn,,,,,,
Tölzer,,,,,,
Verbandes,,,,,,
Indonesiens,,,,,,
Pillenbox,,,,,,
Pulsoxymeter,,,,,,
Blutsauerstoffgehalts,,,,,,
Europa-ParkDeutschlands,,,,,,
Rückgang,,,,,,
dam…,,,,,,
Heizungsalternativen,,,,,,
Klimaschutz-Ranking,,,,,,
Politiker*innen,,,,,,
Gas-Importeur,,,,,,
Ukraine-Konflikt,,,,,,
könnenNach,,,,,,
Portal Heizöl24,,,,,,
Klima-Heuchelei,,,,,,
Dezember-Hilfe,,,,,,
Nord Stream-Leck,,,,,,
Satelliten-Firma,,,,,,
Demonstrationen,,,,,,
Corona-Infektion,,,,,,
Bhutans,,,,,,
Widodo,,,,,,
Rothenburg ob der Tauber,,,,,,
Thronjubiläum,,,,,,
Gas-Einmalzahlung,,,,,,
Gas-Pläne,,,,,,
Staatsgeld,,,,,,
Münsterländern,,,,,,
Krankenkassen-Daten,,,,,,
global,,,,,,
10-Prozent-Marke,,,,,,
Gasunternehmen,,,,,,
Neckarwestheim,,,,,,
Extra-Duschtarif,,,,,,
Herner,,,,,,
Berlin</em,,,,,,
Ista-Umfrage,,,,,,
hohen Strom- und Gaspreisen,,,,,,
Guineastraße,,,,,,
Peloponnes,,,,,,
Energiecharta,,,,,,
Nulltarif,,,,,,
Braunkohletagebau Garzweiler im Rheinland,,,,,,
Pelletspreis,,,,,,
Jahrtausenden,,,,,,
Neues Terminal,,,,,,
Gasspeicherbetreibern,,,,,,
Langzeiturlauber,,,,,,
Sor…,,,,,,
Rathaus Zehlendorf,,,,,,
Marodes Rathaus,,,,,,
Herbst-Statement,,,,,,
Sozialausschusses,,,,,,
Landeshand,,,,,,
Covid,,,,,,
Luftnummer,,,,,,
Auswärtigen Amtin,,,,,,
Telefon-Aktion,,,,,,
Graz-Umgebung,,,,,,
Wintershall-Chef,,,,,,
Till Bücker.</em,,,,,,
Nord-Stream-Explosionen,,,,,,
Lebensverhältnisse,,,,,,
Einsparungen,,,,,,
MünchenDie Szenarien,,,,,,
Homeoffice-Kälte,,,,,,
Pauschale in Höhe,,,,,,
Komm…,,,,,,
Ukraine+++,,,,,,
Brauneck,,,,,,
Goretzka,,,,,,
Online-Vorlesungen,,,,,,
Wagner«-Söldner,,,,,,
Frankreichs Öl-,,,,,,
Gasriese,,,,,,
Total-Chef,,,,,,
Pipelineprojekte,,,,,,
Oberg…,,,,,,
Irlands,,,,,,
polnische Regierung,,,,,,
Dienstag vo,,,,,,
Eugowra,,,,,,
Sidney,,,,,,
Bundeswirtschaftsminister,,,,,,
Tobias,,,,,,
Gas-Havarie,,,,,,
Energiefalle,,,,,,
Gdansk,,,,,,
Minsk,,,,,,
Minsker Flughafens,,,,,,
Bomben-Schaden,,,,,,
Penzberger Naherholungsgebiet,,,,,,
Weiher,,,,,,
Kirnbergsee,,,,,,
Strangenweiher,,,,,,
Inselweiher,,,,,,
Jungunternehmens,,,,,,
Alarm im Harz,,,,,,
Oleg,,,,,,
De…,,,,,,
Strom-Kunden,,,,,,
vorläu…,,,,,,
US-Murmeltier,,,,,,
St. Johann am Wimberg,,,,,,
(29,,,,,,
Ostens,,,,,,
Strecke,,,,,,
gesperr…,,,,,,
Zugunglück,,,,,,
Kindeswillen,,,,,,
Bitcoin-Kurs,,,,,,
Huberer,,,,,,
Herzinfarkt,,,,,,
Heizgeschenk vom Staat,,,,,,
Ski- und Rodelgebiet,,,,,,
Alexa,,,,,,
dreh,,,,,,
Mehrwegpflicht,,,,,,
Halberstadt,,,,,,
Landkreis am Vormi…,,,,,,
Luxus-Uhr,,,,,,
Heizkörper,,,,,,
Black-Out,,,,,,
Fernseher,,,,,,
Erneubaren,,,,,,
Schimmelflecke,,,,,,
Regal,,,,,,
Bauklötze,,,,,,
Angelspiele,,,,,,
Spardosen,,,,,,
Eimer für de,,,,,,
Nordsee-Flut,,,,,,
Hightech-Küstenschutz,,,,,,
Spaziergang im Winter,,,,,,
Darknet-Plattformen,,,,,,
HeizÃ¶l,,,,,,
LubminPipeline-Gas,,,,,,
reißenden Lahn,,,,,,
Iskenderun,,,,,,
Erdbeben in der türkischen Pro…,,,,,,
Wade,,,,,,
Blum,,,,,,
Energiespar-Tipps,,,,,,
Clinch,,,,,,
Foyers,,,,,,
Ölmultis,,,,,,
Hallenbäder,,,,,,
Finanznöten,,,,,,
Stöpsel,,,,,,
Landes Oberösterreich,,,,,,
Erdbeben in Syrien,,,,,,
Pik Dame,,,,,,
Taunusstraße,,,,,,
Verlusts,,,,,,
Tourismus-Zentrale,,,,,,
Klimaministeriums,,,,,,
Winterbettdecke,,,,,,
skenderun,,,,,,
Schlauchboot-Drama auf der Lahn,,,,,,
Brennholz,,,,,,
Westpark,,,,,,
Marrakesch,,,,,,
Radentscheid,,,,,,
Studi-Anliegen,,,,,,
Gewerkschaftskämpfen,,,,,,
Stunden am Tag ke,,,,,,
Lautsprechern,,,,,,
Münchner Spielzeugmuseum,,,,,,
Einkaufstour,,,,,,
Das Spielzeugmuseum,,,,,,
Kloake,,,,,,
Etat defizit,,,,,,
Devisen,,,,,,
Mitteln,,,,,,
notes@notesofberlin.com,,,,,,
Maie,,,,,,
Ostkreuz,,,,,,
Grafenau,,,,,,
Schlagloch-Gefahr,,,,,,
Selbstzweck,,,,,,
Humboldt-Uni,,,,,,
Nullmarke,,,,,,
Trübsal,,,,,,
Alpen vo…,,,,,,
Dordrecht,,,,,,
Südhollan…,,,,,,
Koblenz/Worms,,,,,,
Koblenz/Worms - Schnee,,,,,,
Mainz/Schuld,,,,,,
Flusstal,,,,,,
Kreis Böbingen,,,,,,
Internetseekabel,,,,,,
Horrorszenarien,,,,,,
Dachgeschoss,,,,,,
BW  ,,,,,,
überfrierender Nässe,,,,,,
Troyer,,,,,,
Mittelmeer-Land,,,,,,
Lahore dara,,,,,,
Gasleitungen,,,,,,
Starkregen an der Adria,,,,,,
Apulien…,,,,,,
Gas-Fragen,,,,,,
A-Rosas Familienkreuzfahrten,,,,,,
Babyboomer-Blackout,,,,,,
Spielzeugs,,,,,,
Skiliften,,,,,,
nulel plek ple uelpekuelle,,,,,,
Oeupekeuteele,,,,,,
uuu helueO Ulekl elkettle Inuple,,,,,,
Ble Zepeklue pelel ent eluel pnuhteu,,,,,,
Gastro,,,,,,
ländlic…,,,,,,
West Hills-Krankenhaus,,,,,,
"Eck
",,,,,,
Hightech-Klimaretter,,,,,,
Kraftwerk Mellach,,,,,,
Kohlekraftwerk Mellach,,,,,,
Kohlekraftwerkes Mellach,,,,,,
Wetter-Warnung,,,,,,
Bundesgebiet,,,,,,
Europäer,,,,,,
Rhodos,,,,,,
Ortsweise,,,,,,
Schneegestöber,,,,,,
Couscous,,,,,,
Bundesumweltamt,,,,,,
Haushâ€,,,,,,
Geräteschublade,,,,,,
Olympiaberg,,,,,,
Schimmel-Schock,,,,,,
Öko-Test,,,,,,
Frührentnern,,,,,,
Bau-Halbzeit,,,,,,
Berliner S-Bahn,,,,,,
infernalisch,,,,,,
Alpenschneehühner,,,,,,
Schneehasen,,,,,,
Murmeltiere,,,,,,
Tourengängern,,,,,,
FritzDECT 302,,,,,,
Rüdiger Eichhorn,,,,,,
Formenter…,,,,,,
Harzer Kultur-Winter,,,,,,
Nasser Wochenauftakt,,,,,,
Energie-Stresstest,,,,,,
Sneaker,,,,,,
Pendants,,,,,,
Sonne am Sonntag,,,,,,
pel Pleel,,,,,,
6telekeellla,,,,,,
Schleißheimer Straße,,,,,,
Hacker-Serie,,,,,,
Dienstag ver,,,,,,
Sonneninsel,,,,,,
Pjöngjang,,,,,,
Düsseldorf/Erkner,,,,,,
Recycling-Branche,,,,,,
Wallern,,,,,,
Zimmerecken,,,,,,
Landes d…,,,,,,
Monatsende,,,,,,
Schlachtfeld,,,,,,
Nachrichten,,,,,,
Biarritz,,,,,,
Nordostasien,,,,,,
Nordstream-Pipelines,,,,,,
Zählaktion,,,,,,
Gasteiner Ta,,,,,,
Sturmflut-Gefahr an der Küste,,,,,,
Energieberatern,,,,,,
Schwimmendes LNG-Terminal Neptune,,,,,,
Fernleitungsnetz,,,,,,
Country House Hotel,,,,,,
Alligator,,,,,,
Brooklyn,,,,,,
Park Ranger,,,,,,
Gesobau-Wohnhöfe,,,,,,
Standortsuche,,,,,,
Produktplatzierungen,,,,,,
Sponsorings,,,,,,
Milliarden-Einsparungen,,,,,,
Gasimport,,,,,,
Rekordmenge,,,,,,
Batterie-Pläne,,,,,,
Barcelona Spanien,,,,,,
Bauwagen-Hotel an der Mintarder Straße,,,,,,
Migrationsbeauftragte,,,,,,
Gesundheitsgefahr,,,,,,
Feinstaub,,,,,,
Neuware,,,,,,
Pfiat di,,,,,,
Skiparadies,,,,,,
Bahn-Betreiber,,,,,,
Park Rangern,,,,,,
(36,,,,,,
Landgerichts Hannover,,,,,,
Blackout-Mann,,,,,,
Forchheim,,,,,,
Côte d’Azur,,,,,,
Grundversorger-Angeboten,,,,,,
Buelaleevoelle pel Uelplenekeleeullete Bkeluteup-Btete,,,,,,
Veekpetu houue plek tukueu,,,,,,
Ppel uuek,,,,,,
lu lepel Bealuu,,,,,,
uuek ulekl tel lepeu Gnupeu,,,,,,
Gasspeicherstand,,,,,,
Nationalpark Berchtesgaden,,,,,,
Dagmar,,,,,,
Recka,,,,,,
D,,,,,,
Wasserspielplatzes,,,,,,
Blütenachse,,,,,,
Konsument,,,,,,
Energiesparmaßnahmen,,,,,,
Kinderzuschlag,,,,,,
Bauvorschriften,,,,,,
Montelino-Kurse,,,,,,
Hamburg ei…,,,,,,
Kuppel-Show,,,,,,
Krebs Hamburg,,,,,,
Peršmanhof,,,,,,
Bad Eisenkappel,,,,,,
Trockenheitsalarm,,,,,,
Heizdecken-Brand,,,,,,
Haibach,,,,,,
hohen See,,,,,,
hohe See,,,,,,
Kanaldeckel,,,,,,
Polizei-Großeinsatz,,,,,,
Grillpfannen,,,,,,
Bierpreise,,,,,,
Jetset Luxus,,,,,,
Gucci-Gondeln,,,,,,
Sternerestaurants,,,,,,
Wintersportrevier,,,,,,
Skistiefeln,,,,,,
Wermelskirchen,,,,,,
Autobahn 98,,,,,,
Geywitz,,,,,,
Peršmanhofs,,,,,,
Kinderkrebs-Station,,,,,,
Brexit,,,,,,
Wadenhöhe,,,,,,
Grossbritannien,,,,,,
Teuerungen,,,,,,
Lebensmittelpreisen,,,,,,
US-Westküste,,,,,,
Pipeline-Druck,,,,,,
KELAG,,,,,,
Kohlenmonoxid-Gefahr,,,,,,
Pelletslagern,,,,,,
Lech am Arlberg,,,,,,
Feuerwehrkommandant de…,,,,,,
Fettsäuren,,,,,,
Schnee-Engel,,,,,,
Stadt Los Angeles,,,,,,
Roßhaupten,,,,,,
Tor von Zauberfuß Vincenzo Grifo,,,,,,
Badener,,,,,,
Champions-League-Platz,,,,,,
Rideau Canals,,,,,,
Schlüsselloch,,,,,,
Händlern,,,,,,
Landhaus von meiner Frau Olena,,,,,,
Butscha,,,,,,
Schwimmen,,,,,,
Suchtfamilien,,,,,,
Winterjacke auf Kredit,,,,,,
E ine Kilowattstunde,,,,,,
Erdbeben vor den Ruinen,,,,,,
Ruinen,,,,,,
gef…,,,,,,
Zuckerkonsum bei Kindern,,,,,,
Ruin,,,,,,
Aus,,,,,,
Winter-Zahlen,,,,,,
Schimmels,,,,,,
Gehirns,,,,,,
Max Delbrück Center,,,,,,
Zuschüsse</li><li,,,,,,
Molde,,,,,,
Karlstein am Main,,,,,,
Karlstein,,,,,,
Rohre,,,,,,
Straftraining,,,,,,
Fluren,,,,,,
Bäderland,,,,,,
Hostomel,,,,,,
Maden,,,,,,
Detektiven,,,,,,
Planetarium in Berlin,,,,,,
3D.,,,,,,
Erdbeben: Zerstörung,,,,,,
Wiener Wärmestuben,,,,,,
Wärmestube,,,,,,
Pfarre Rossau,,,,,,
Alt Simmering,,,,,,
Erdbeben im türkisch-syrischen Grenzgebiet,,,,,,
Rollei,,,,,,
Kiewer Hauptbahnhof,,,,,,
Lietzensee,,,,,,
Elfenbeinküste,,,,,,
Heimatorts Mabéhiri,,,,,,
Elfenbeinkü…,,,,,,
Golf R 20 Years,,,,,,
Nordschleife,,,,,,
Golf R,,,,,,
Studierenden-Pauschale,,,,,,
Energie-Leitungen,,,,,,
Energie-Fragen,,,,,,
Gedimmtes,,,,,,
Free-Play-Phasen,,,,,,
Energiepreis-Vergleich,,,,,,
gendern,,,,,,
Klimademos,,,,,,
Tourismus-Insel,,,,,,
Führerschein-Check,,,,,,
Hemadlenzen-Umzug,,,,,,
Karnevals-Wochenende,,,,,,
Krömer-Podcast,,,,,,
Gardasee,,,,,,
Ve…,,,,,,
Gasmangel,,,,,,
Stadt Dortmund,,,,,,
Erdgas-Terminmarkt,,,,,,
Haidach,,,,,,
Tennengauer,,,,,,
Puch,,,,,,
Tauernautobahn e,,,,,,
Leugna 24,,,,,,
Energieversorgung Offenbach,,,,,,
Fahrübungen,,,,,,
Schacht,,,,,,
Theater,,,,,,
Misthaufen,,,,,,
Waschgang,,,,,,
Museum der Moderne  ,,,,,,
Altona,,,,,,
Elbchaussee,,,,,,
Olympia-Einkaufszentrum,,,,,,
Olympia-Einkaufsz…,,,,,,
Brieftauben,,,,,,
AusweisApp2,,,,,,
Händeloratorium,,,,,,
ba…,,,,,,
Landgericht Hanau,,,,,,
Eminenzen am Kabinettstisch,,,,,,
Ampelkoalition,,,,,,
Gaslobby,,,,,,
"Bad Lauchstädt
BE…",,,,,,
Wien-Ottakring,,,,,,
Reflexionsfolien,,,,,,
HeizkÃ¶rper,,,,,,
Kremlchef,,,,,,
Jagdschlösschen,,,,,,
Büroflur,,,,,,
Nebelfelder,,,,,,
Gressel,,,,,,
Dreifach-Mutter,,,,,,
Hausbrand,,,,,,
Offenbacher Klingspor Museum,,,,,,
Niagara,,,,,,
Niagarafällen,,,,,,
Obstplantagen,,,,,,
Weingärten,,,,,,
Niagara River,,,,,,
Ballungszentren,,,,,,
Orkan-Böen,,,,,,
Tabaksteuer,,,,,,
ä…,,,,,,
Steuerzahlerkosten,,,,,,
Einkommensvergleich,,,,,,
Spitzen-Verdienern,,,,,,
Bilderbüchern,,,,,,
Regelmodus,,,,,,
Fahrbericht Moonbike,,,,,,
Phantasien,,,,,,
Deckung,,,,,,
Moonbike,,,,,,
Lawinen-Abgang,,,,,,
Lech Zürs am Arlberg,,,,,,
Landespolizeidirektion Vorarlberg,,,,,,
Balaklava,,,,,,
Balaklava-Mütze,,,,,,
Braunkohleblöcken,,,,,,
Bergheim-Niederaußem,,,,,,
Winterstürmen,,,,,,
Amerikas Ausnahmezustand,,,,,,
Eiszapfen,,,,,,
Bezirk Erie County,,,,,,
Vll puttleu ulekl pu lnu,,,,,,
Kälte-Horror,,,,,,
Welt</li></ol,,,,,,
Strombörsen,,,,,,
Kloster Benediktbeuern,,,,,,
Brenners,,,,,,
Südtirol-Urlauber,,,,,,
Ratschings,,,,,,
Schneesturm des Jahrhunderts,,,,,,
Gummi,,,,,,
Schneemobile,,,,,,
Schulleitern,,,,,,
grüne Tal,,,,,,
Energiezufuhr,,,,,,
Souterrain,,,,,,
Flumserberg,,,,,,
Pizol,,,,,,
Churfirsten,,,,,,
stotzig,,,,,,
Walensee,,,,,,
Jimmi-Hütte,,,,,,
Bad Dürkheim,,,,,,
Eishaus,,,,,,
Winterzauber,,,,,,
Celeste,,,,,,
U-Ba…,,,,,,
Parkgebühren,,,,,,
Tattoofarben,,,,,,
Watteschnee,,,,,,
Street Credibility,,,,,,
Jahrmarkt,,,,,,
Niederlände…,,,,,,
Brunnalm,,,,,,
Kitzbüheler Horn,,,,,,
Ski-Doos,,,,,,
New York s,,,,,,
Saint-Nicolas de Véroce,,,,,,
Ã–sterreicâ€,,,,,,
Ausblick,,,,,,
Wanderschuhen,,,,,,
Winterstiefeln,,,,,,
Ampel-Murks,,,,,,
Thunfisch-Ladung,,,,,,
Brasilien …,,,,,,
Himmlische Berge,,,,,,
Flughafen st…,,,,,,
Berliner Botanischen Garten,,,,,,
Lasershow im Winterwunderland,,,,,,
Zauberteppich-Skilift,,,,,,
Quali-Sieger,,,,,,
Gasmarkt richtu…,,,,,,
TRENDYone,,,,,,
Lifestylemagazin,,,,,,
Konjunktur-Jahresgutachten,,,,,,
New York s…,,,,,,
Weihnachtsansprache,,,,,,
Urbi et Orbi,,,,,,
Kleine Grosz Museum,,,,,,
Urengoi-Pomary-Uschhorod-Pipeline,,,,,,
Wärmer,,,,,,
Teilrepublik Tschuwaschien,,,,,,
europäischen Teil Russlands,,,,,,
Energiekonzern,,,,,,
Urner Berge,,,,,,
Bollywood-Filmer,,,,,,
Lawinenopfern,,,,,,
Skitourengänger,,,,,,
kanadischen Stadt,,,,,,
Vancouver,,,,,,
Pazifikküste,,,,,,
Kerzenlicht,,,,,,
GfK-Umfrage,,,,,,
Klimaumbau,,,,,,
Leidwesen der …,,,,,,
Uniper-Manager,,,,,,
Planena,,,,,,
Herbstwelle,,,,,,
Bocksbeutelkrise,,,,,,
Stadt Uschhorod,,,,,,
Mündelheim,,,,,,
Schöneberger,,,,,,
Zeitdruck,,,,,,
US-Gefängnis,,,,,,
Untersuchungsgefängnis Bexar County,,,,,,
San Antonio,,,,,,
Berghöhe,,,,,,
Suhl mitte…,,,,,,
(g+) Energiespartipps,,,,,,
Tharandt,,,,,,
Säch…,,,,,,
Winterthurer,,,,,,
Kleintierpraxen,,,,,,
Ukraine-News,,,,,,
Weihnachts…,,,,,,
Kilogramm,,,,,,
Reise-News,,,,,,
Landratsamt,,,,,,
Naturschutzgebiet öffnen Landratsamt,,,,,,
Oberallgäuer Rappenalptal,,,,,,
Unterlieger,,,,,,
Rutschgefahr,,,,,,
Landeshauptstädten,,,,,,
Corona-Herbstwelle,,,,,,
Fotostrecke,,,,,,
Salzburger Schloss Leopoldskron,,,,,,
BPU-lutehlluueu,,,,,,
Ursula von der Leyen,,,,,,
Schnarch-Laden,,,,,,
Regenwolken,,,,,,
Weihnachtshimmel,,,,,,
KiewIn Kiew,,,,,,
Geschenkwünsche,,,,,,
Waldbaden,,,,,,
Windeseile Terminals,,,,,,
Geistern,,,,,,
Nowomoskowsk,,,,,,
Stadt Nowomoskowsk,,,,,,
Elliott,,,,,,
US-Meteorologen,,,,,,
Gebäudesanierungen,,,,,,
Eschborn/Berlin,,,,,,
Wald Holz,,,,,,
Sowjetrussland,,,,,,
Kleine Grosz Museum“,,,,,,
Bnup 09 Blueeul pel Glupel pnlektenteu,,,,,,
Santa Claus auf s…,,,,,,
Heizkosten-Vergleich,,,,,,
Gastfamilien,,,,,,
Frankfurter Rebstockgelände,,,,,,
­Klinikum Stuttgart,,,,,,
Tempelhof-Schönebergs Gesundheitsamt,,,,,,
Vorsorgetermine,,,,,,
Wintersport-Handel,,,,,,
Sporthandel,,,,,,
Regalen,,,,,,
Sprungtrainer,,,,,,
Reisechaos,,,,,,
Weihnachtsumsatz,,,,,,
nadeln,,,,,,
Wasserschale,,,,,,
Ständer,,,,,,
Milwaukee Mitchell International Airport,,,,,,
Kinderbüchern,,,,,,
Grünen-Ministerin Neubaur,,,,,,
Lützeraths,,,,,,
Industrie-Bundesverbands,,,,,,
Allwetterbahn Brockencoaster,,,,,,
weglüften,,,,,,
Immoscout,,,,,,
Schulfach,,,,,,
Autolenkerin,,,,,,
Fussgängerstreifen,,,,,,
Winterthur Wülflingen,,,,,,
Unwetter-Alarm,,,,,,
Hochwassergefahr,,,,,,
Ptuj,,,,,,
Bad Tölz eröffne…,,,,,,
Washington/Monterey,,,,,,
Monterey,,,,,,
Fünfjährigem,,,,,,
Ölkonzern-Chef,,,,,,
Dosen,,,,,,
Rotwein,,,,,,
Kindergriffelhöhe,,,,,,
Lebensmittelkontrolleuren,,,,,,
Lautsprecher,,,,,,
Start-up Equium,,,,,,
Ketten,,,,,,
hohen Norden,,,,,,
Informatik-Unterricht,,,,,,
Scharlach v…,,,,,,
B54,,,,,,
Umsätzen,,,,,,
Kaiserwinkl,,,,,,
Gasbrenner,,,,,,
Blackout-Broschüre,,,,,,
Blackouts Notrufmeldestellen,,,,,,
Weißer Strand,,,,,,
Strompreis am 10,,,,,,
Schneedepot,,,,,,
Snow-Farming,,,,,,
Stromausfalles,,,,,,
Experten da…,,,,,,
Dienstagabend  ,,,,,,
Buckingham Palace,,,,,,
Engländer,,,,,,
Kandahar stei…,,,,,,
Gärtnereien,,,,,,
Fahrrad,,,,,,
Umgang,,,,,,
Rangelei,,,,,,
Rückzug,,,,,,
Biathlon-Kalender,,,,,,
Oberbrügge,,,,,,
Geldwesens,,,,,,
Braunkohle-Revier,,,,,,
Inden/Neurath,,,,,,
Stadt Winterthur,,,,,,
Lützerath-Proteste,,,,,,
Braunkohletagebau Ind…,,,,,,
Knochen,,,,,,
Busunfall,,,,,,
Lützerath-Räumung,,,,,,
Lützerath-Protest,,,,,,
BW-Ministerpräsident,,,,,,
Bildungslücken,,,,,,
Wärtern,,,,,,
Tagebauen,,,,,,
(24),,,,,,
(24) aus Oldenburg,,,,,,
Werder-Kader,,,,,,
Kohledorfs Lützerath,,,,,,
Aktivisten-Kreise,,,,,,
Orange County,,,,,,
Mietpreise,,,,,,
Kreis Dür…,,,,,,
Tagebau Inden,,,,,,
Büroräumen,,,,,,
Städtetag Rheinland-Pfalz,,,,,,
Fichtelberg-Schwebebahn,,,,,,
Wohngeldberechtigte,,,,,,
Schnee-Winter,,,,,,
Rentenansprüche,,,,,,
Strom-Problem,,,,,,
Blackout-Problem,,,,,,
Gemeinde Heuchelheim,,,,,,
Sonntag punktue…,,,,,,
Gießen-Klärwerk,,,,,,
Zustands der Böden,,,,,,
Regional,,,,,,
Medizinern,,,,,,
Hochwass…,,,,,,
Trier/Eifel/Mosel,,,,,,
Vormit…,,,,,,
E-Bikes,,,,,,
Län…,,,,,,
Mittelmeer-Gas,,,,,,
Dn…,,,,,,
Tauwetterphase,,,,,,
ARD-Hauptstadtstudios</em,,,,,,
Kinder-Arzneimittel,,,,,,
Ruhe,,,,,,
Dschungelcamp-Kohle,,,,,,
cosimoofficial/Instagram,,,,,,
Busch-Lagerfeuer,,,,,,
Energiesektor,,,,,,
Bahnbeauftragter,,,,,,
Agora,,,,,,
Wasserstoff-Netze,,,,,,
Strombilanz,,,,,,
vorknöpft,,,,,,
Bad Tölz-Wolfratshausen,,,,,,
Rückschnitt an Isar,,,,,,
Loisach,,,,,,
eben­falls Strom,,,,,,
Sat.1-Programm,,,,,,
Fürstentum Regierung,,,,,,
Vaduz,,,,,,
Krankenhauseinweisungen,,,,,,
Österreichs-Pisten,,,,,,
Ski-Pisten,,,,,,
Busch-Kohle,,,,,,
Sylt-Urlauber,,,,,,
Kopenhagener,,,,,,
Nordfrieslands,,,,,,
Urprodukt,,,,,,
wertbeständiger,,,,,,
Schuldtitel,,,,,,
Rheinischen Braunkohlereviers,,,,,,
Wirtschaftsministeriums am Düsseldorfer Rheinufer,,,,,,
Kölner Dom,,,,,,
Kienbach,,,,,,
Germeringer,,,,,,
Neujahrs-Mochi,,,,,,
Pnt peu etleu Ulpleu,,,,,,
Hooksiel,,,,,,
"Kindergeld  fr.de
",,,,,,
wa.de</li><li,,,,,,
Sternsinger,,,,,,
Anträge,,,,,,
Hilfsza…,,,,,,
Importterminals,,,,,,
Vorkriegs-Niveau,,,,,,
Börsen-Strompreis,,,,,,
blic…,,,,,,
Bahnhof Zoo am Kurfürstendamm,,,,,,
d… Aileen,,,,,,
al…,,,,,,
Landkreis Freising,,,,,,
Vorzeigedorf,,,,,,
Adelboden,,,,,,
Pokljuka,,,,,,
Google Building Gordon House,,,,,,
D04 E5W5,,,,,,
"Ireland
",,,,,,
Landes Salzburg,,,,,,
leidgeprüft,,,,,,
Klimaschutzes,,,,,,
Seegras,,,,,,
Kiew</li><li,,,,,,
Dingelstädt,,,,,,
Hüpstedt,,,,,,
Küllstedt,,,,,,
Meiningen,,,,,,
Haus Dacher…,,,,,,
Kinderkrankengeld-Anträgen,,,,,,
Noma-Team,,,,,,
Sturmtiefs übe…,,,,,,
Stahnsdorf,,,,,,
Südwestkirchhof,,,,,,
Abenteuern,,,,,,
kritisc…,,,,,,
Ölgeschäfte,,,,,,
Präsidialamts,,,,,,
Landes zu …,,,,,,
St. Veit/Glan,,,,,,
Metnitztal Landesstraße,,,,,,
L62,,,,,,
Kunstschnee,,,,,,
Pisten-Vergnügen,,,,,,
Außenwelt,,,,,,
Alex Txikon,,,,,,
Mit-Organisator,,,,,,
Notfall-Vorsorge,,,,,,
Energieverbrauchs,,,,,,
Obstbäumen,,,,,,
Westaustr…,,,,,,
Haselnussbraun,,,,,,
Kimberley,,,,,,
Winterplan,,,,,,
Küstennähe,,,,,,
Moldaus Hau…,,,,,,
Südtiroler Vinschgaus,,,,,,
Sommerspielen,,,,,,
Olympia-Komponisten,,,,,,
Neuburg,,,,,,
Bremer Bildungsbehörde,,,,,,
Haus im Maggiatal,,,,,,
Klebeblockaden,,,,,,
Herz-Kreislauf-System,,,,,,
Bachs Heimat,,,,,,
Profisportlern,,,,,,
"Sams""-Erfinder",,,,,,
Akkord des Sommers,,,,,,
Wespenschwarm,,,,,,
Fidschi,,,,,,
Bad Homburg“,,,,,,
Syna,,,,,,
Drusen,,,,,,
Golan,,,,,,
Koné-Kohle,,,,,,
Sommer-Rodelbahn,,,,,,
Vinschgau,,,,,,
Vinschger,,,,,,
Natur-Bobbahn,,,,,,
Tegel,,,,,,
Boden,,,,,,
Kantonsstraße,,,,,,
Grimselpass,,,,,,
Tal…,,,,,,
Blitzschlag,,,,,,
Cyberattacken,,,,,,
Bürgipfad,,,,,,
Kombi-Systeme,,,,,,
Erfurt-Gispersleben,,,,,,
Todes,,,,,,
Tools,,,,,,
Concealer,,,,,,
Kajal,,,,,,
Lippgloss,,,,,,
Kopfschusswunden,,,,,,
Dax-Bosse,,,,,,
Bad Hersfelder Festspiele“,,,,,,
Münchner Altstadt,,,,,,
Vallejera,,,,,,
Marzahn,,,,,,
Gärten der Welt,,,,,,
bröseln,,,,,,
Kraftwerks Theiß,,,,,,
Jahrhundertfest,,,,,,
São Leopoldo,,,,,,
Museu Histórico Visconde de São Leopoldo,,,,,,
historischen Museums,,,,,,
Wadym Filaschkin,,,,,,
Leyens,,,,,,
Burgdorf,,,,,,
Region Donezk,,,,,,
Behördne,,,,,,
Kamala,,,,,,
Henes,,,,,,
Tiktok Lite,,,,,,
Patchwork-Familien,,,,,,
Gas-Störfall,,,,,,
stock.adobe.com Schwalmtal-Eicken,,,,,,
Wilmersdorfer Wohnhaus,,,,,,
Jahrespakete,,,,,,
Ferienkurse,,,,,,
Mobbingvorfällen,,,,,,
Godot,,,,,,
Lesebänder,,,,,,
Landkreis Havelland“,,,,,,
Handy-Eltern,,,,,,
Ketzin,,,,,,
Arche-Region,,,,,,
Tag am Smartphone,,,,,,
Gefrierfach,,,,,,
Offingen,,,,,,
Hiroshima,,,,,,
Ghislenghien,,,,,,
Brückentechnologie,,,,,,
Stolperstein,,,,,,
Freileitungsmasten,,,,,,
Hochwasserschutz-Einrichtungen,,,,,,
Tanzevent,,,,,,
Täters,,,,,,
Dürbheim,,,,,,
Polizeiangaben vom …,,,,,,
Starmer,,,,,,
Randalen,,,,,,
In-vitro-Kommunikation,,,,,,
verbre…,,,,,,
Guttannen,,,,,,
B239,,,,,,
Street-Styles,,,,,,
Diözese Graz-Seckau,,,,,,
Konsumentenschutzverbänden,,,,,,
Sachsen-Anhalts Kommunen,,,,,,
Millionen-Schulden,,,,,,
Mattheuer-Grafik,,,,,,
Springerstiefel,,,,,,
Kamen-Zentrum,,,,,,
Dortmund-Unna,,,,,,
Kamen,,,,,,
A1 Gas,,,,,,
Gefahrgut,,,,,,
Kreuz Kamen,,,,,,
Lichtenrade,,,,,,
Landesbibliothek Berlin,,,,,,
Son…,,,,,,
Berlin-Spandauer,,,,,,
Schwimmkursen,,,,,,
Zillertal,,,,,,
Pfunds,,,,,,
Tösens,,,,,,
Not-Kredite,,,,,,
Kinderfreie Orte,,,,,,
B180,,,,,,
Deutschlands Millionenstädte,,,,,,
Sole-Wasser-Wärmepumpen,,,,,,
Bahnhof Pa…,,,,,,
Pflegeheims,,,,,,
Neudau,,,,,,
Menda,,,,,,
Hartberg,,,,,,
Volkshilfe-Pflegeheimes Neudau,,,,,,
Würzburger,,,,,,
Gas-Kapsel,,,,,,
Sarco-Pod,,,,,,
Sarco-Kapsel,,,,,,
Hart,,,,,,
Genfersee,,,,,,
Touri-Flaute am Bodensee,,,,,,
Meersburg,,,,,,
Tourismusbranche,,,,,,
DLRG,,,,,,
Holzbuhnen,,,,,,
CDU-Zentrale,,,,,,
Reschenstraße,,,,,,
Oberinntalstraße,,,,,,
fr…,,,,,,
Three Mile Island,,,,,,
Tuns,,,,,,
Mudersbach,,,,,,
Landkreis Altenkirchen,,,,,,
Eifelkreis Bitburg-Prüm,,,,,,
Bundesstraße 410,,,,,,
Arzfeld,,,,,,
Lich…,,,,,,
Landgerichts,,,,,,
Ausbau,,,,,,
Flutgrund Flughafen,,,,,,
tado,,,,,,
Starterkit,,,,,,
Gardens,,,,,,
Weltranglistenerste,,,,,,
Offenbach-Hundheim,,,,,,
Tortilla-Decke,,,,,,
Vogel-Baby,,,,,,
Merklingen,,,,,,
Renningen-Malmsheim,,,,,,
Sintflutartiger Regen,,,,,,
Amtsgericht Osnabrück,,,,,,
L65,,,,,,
Kell…,,,,,,
Pelm Was,,,,,,
Nachbarschaftsfeste,,,,,,
Rhe,,,,,,
Küchentür,,,,,,
Lena Oberdorf,,,,,,
Gelbsperre,,,,,,
Sydney Lohmann,,,,,,
Muskelprobleme,,,,,,
Hoffnungen auf e,,,,,,
behalten.weiterlesen,,,,,,
Land Nieder,,,,,,
Büttelborn,,,,,,
Kreis Groß-Gerau,,,,,,
LAG,,,,,,
LAG) …,,,,,,
Brandenburg …,,,,,,
Exodus,,,,,,
Sète,,,,,,
Freilingen,,,,,,
Propaganda-Show,,,,,,
Gefangenenaustausch,,,,,,
Ravensworth,,,,,,
"Flüssigerdgas-Terminal ""Deutsche Ostsee",,,,,,
Bundeskanzlei,,,,,,
Verkehrswende-Meister Ljubljana,,,,,,
Thüringer Kitas,,,,,,
Kita Olbersstraße,,,,,,
Zentral-Gaza,,,,,,
Ljubljanas,,,,,,
Rüstungsbauer,,,,,,
Kernkraftwerken,,,,,,
Schuhgeschäft,,,,,,
tagel…,,,,,,
Kursgewinne,,,,,,
Arctic-LNG-2,,,,,,
Takelage,,,,,,
Ruderblatt,,,,,,
Flaggenstock,,,,,,
Saling,,,,,,
Landkreis Reutlingen“,,,,,,
Softair-Waffen,,,,,,
Sesseln,,,,,,
Unterschriftensammeln,,,,,,
Regelbetrieb,,,,,,
Sarstedt,,,,,,
Deutsche Ostsee,,,,,,
Stadt Solingen,,,,,,
Sandmassen,,,,,,
Sturm-Talent,,,,,,
Outback-Städtchen,,,,,,
Stromnetz Hamburg,,,,,,
Polio-Impfungen,,,,,,
Weltgesundheitsorgani…,,,,,,
Oberbergischen Kreis“,,,,,,
Morsbach,,,,,,
Hochwasser-Soforthilfen,,,,,,
Schranks,,,,,,
Erstamals,,,,,,
Poliovirus,,,,,,
Zentrum des Küstenstreifens,,,,,,
Wetterchaos,,,,,,
Tasmanien,,,,,,
Victoria,,,,,,
Westwood,,,,,,
No…,,,,,,
Kindertagesstätten,,,,,,
Erstklässler los,,,,,,
Baarer,,,,,,
Straße bei Beckingen,,,,,,
Murdoch-Medien,,,,,,
Niederschlesien,,,,,,
Oppeln,,,,,,
Montag w…,,,,,,
Frucht-Tiger,,,,,,
Elbe ge…,,,,,,
Scholz-Reise,,,,,,
R…,,,,,,
Zurückweisungen,,,,,,
Mariagrüner Straße,,,,,,
Gemeinschaftskonto,,,,,,
Erdgeschoss wo…,,,,,,
Chiemgau,,,,,,
Mangfallgebirge,,,,,,
Unwetter-Warnung,,,,,,
Österreichs Bahn,,,,,,
Wasserstands,,,,,,
K-Pop …,,,,,,
Alpenverein,,,,,,
Hamburg-Alsterdorf,,,,,,
Gebisses,,,,,,
Essenszwang,,,,,,
Sanktionen Russland,,,,,,
Kostenfallen,,,,,,
Heimweg im Bus,,,,,,
Autobahn 93,,,,,,
Pfreimd,,,,,,
TV-Bildschirme,,,,,,
Califax,,,,,,
Spätsommer-Hitze,,,,,,
Kälte-Einbruch,,,,,,
Kreuzberg & Charlottenburg,,,,,,
Kreu…,,,,,,
Gaszentralheizungen,,,,,,
Schlesen,,,,,,
Kreis Plön,,,,,,
Rewe,,,,,,
Edeka,,,,,,
Darbo,,,,,,
Narkosearzt,,,,,,
Behandlungen,,,,,,
Kronberg,,,,,,
Sonntagen,,,,,,
Mega-Event,,,,,,
Jahres schmilzt,,,,,,
Eintracht,,,,,,
Pendel,,,,,,
Autobahn“,,,,,,
Ohm,,,,,,
Schlussfeier,,,,,,
Klettersteig Karhorn,,,,,,
Klettersteig am Karhorn,,,,,,
Dom für Libanon,,,,,,
Wagner-Söldner,,,,,,
Elton Tsang,,,,,,
Nominierungen,,,,,,
abgeholzte Stück Wald,,,,,,
venezolanischen Regierung,,,,,,
Geld-,,,,,,
Unfallchirurg,,,,,,
Eicheln,,,,,,
Krisenfall,,,,,,
Karlsdorf-Neuthard,,,,,,
Umweltökonom,,,,,,
Roten Meeres,,,,,,
Pacho-Kohle,,,,,,
Mega-Deal,,,,,,
Kebabständen,,,,,,
Poker-Raum,,,,,,
Haidhausen,,,,,,
Eden,,,,,,
Kanton Zug,,,,,,
Allein China,,,,,,
Transit,,,,,,
Forderungen,,,,,,
Lebenstraum,,,,,,
Skateboard-Arena,,,,,,
Pfadfinder,,,,,,
Waldreichs,,,,,,
Bezirk Zwettl,,,,,,
Luxus-Wohnungen,,,,,,
Hoc…,,,,,,
Onlineparty,,,,,,
großen Erfolgs der Allianz,,,,,,
Besuchermassen,,,,,,
Serenissima,,,,,,
müffelnden Kanälen,,,,,,
Gold-Armbänder,,,,,,
Marsa Alam,,,,,,
Anlaufstelle,,,,,,
Dahlstraße,,,,,,
Duisburg-Marxloh,,,,,,
Schulwegen,,,,,,
Aegidius-Haus,,,,,,
Haus in,,,,,,
Geldanlage-Check,,,,,,
Kita-Personal,,,,,,
Linken-Parteivorsitz,,,,,,
Meffert,,,,,,
Hamburgern,,,,,,
Genehmigungen,,,,,,
Tuch,,,,,,
Veltins-Arena,,,,,,
“Entwicklungsland,,,,,,
Beslan,,,,,,
Hochwasser-Revolution,,,,,,
Autoreise,,,,,,
Wörthersees,,,,,,
Schwäbisch Hall“,,,,,,
Thurgaus,,,,,,
Berlin-Job,,,,,,
Darau…,,,,,,
Monsunregen,,,,,,
Schwimmflügeln,,,,,,
Nachzahlungen,,,,,,
Cyril,,,,,,
Haus Reinhold Messner,,,,,,
Energie-Geld,,,,,,
Nationalpark Wa,,,,,,
Tabletnutzung von Kindern,,,,,,
Dauerdaddeln am Tablet,,,,,,
Oderbruch,,,,,,
Klausel-Kommissare,,,,,,
Weiterverkaufsbeteiligung,,,,,,
Chelsea,,,,,,
Land bi,,,,,,
Pfingsthochwasser,,,,,,
Potsdams,,,,,,
Musikschulen,,,,,,
Landkre…,,,,,,
Konsum,,,,,,
KohleWelt,,,,,,
Museum Steinkohlenbergbau Sachsen,,,,,,
Erdreich,,,,,,
Weilerswist,,,,,,
Taylor,,,,,,
Landkreis Unterallgäu Häuser,,,,,,
Schu…,,,,,,
Leiblach zu Österreich,,,,,,
Leiblach,,,,,,
"Oberfranken
",,,,,,
Waldshut-Tiengen,,,,,,
Laps,,,,,,
Fischach,,,,,,
Widerstände Berlin,,,,,,
Abwehrchef,,,,,,
Honigmelone,,,,,,
Ardagger,,,,,,
Sturzfluten in Colditz,,,,,,
Schuberts,,,,,,
Ebersbach an der Fils südöstli…,,,,,,
B10,,,,,,
Fils,,,,,,
Reichertshof…,,,,,,
Dörzbach,,,,,,
Dammbruch-Warnung,,,,,,
Scherzach,,,,,,
Sicherheit,,,,,,
Asbach-Bäumenheim,,,,,,
Weinbauverband,,,,,,
Planet Utopia,,,,,,
Barockpalais,,,,,,
(39),,,,,,
Wuppertal/Solingen,,,,,,
Bayerns S…,,,,,,
Temperaturrekorden,,,,,,
Wetterturbulenzen,,,,,,
Kohle-Elite,,,,,,
Königsblau,,,,,,
Traubenernte,,,,,,
Papier,,,,,,
Flumroc,,,,,,
Hochwasservorhersageze…,,,,,,
Kottbusser Tor Foto,,,,,,
ela,,,,,,
Kiew Energieanlagen,,,,,,
Extremfall,,,,,,
Holosijiwskyj,,,,,,
beschädi…,,,,,,
"Landkreis Donau-Ries 
",,,,,,
Hamlar,,,,,,
Neckars,,,,,,
Katast…,,,,,,
ostde…,,,,,,
Milbertshofen,,,,,,
Hessische Gesundheitsministerium,,,,,,
Büdingen,,,,,,
Achleiten,,,,,,
Mauthausen,,,,,,
Hydrographischen Dienst,,,,,,
Stadt Kleines,,,,,,
Leichter Pegel-Rückgang,,,,,,
Wasserwirtschaftsamt,,,,,,
Präventionsbewusstsein,,,,,,
Leipzig/Heidenau,,,,,,
Wasserwirtschaftsamtes,,,,,,
Donau…,,,,,,
Heidenau bei Dresden,,,,,,
Kreis Donau-Ries“,,,,,,
Hochwasser-Hochzeit,,,,,,
Leonie,,,,,,
Andreas,,,,,,
Ös…,,,,,,
Landratsamt Rems-Murr-Kreis,,,,,,
Hochwasser-Karte,,,,,,
Verträgen,,,,,,
Rottmannshart,,,,,,
Liveblog Mittlerweile,,,,,,
Echtzeit,,,,,,
Hochwasser-Pegelstände,,,,,,
Süddeutschlan…,,,,,,
Hochwassers an der Donau,,,,,,
Landkreis Pfaffenhofen +++ Feuerwehrmann,,,,,,
Landkreis Neuburg-Schrobenhausen,,,,,,
Nachbarbundesland Brandenburg,,,,,,
Immergut-Musikfestivals,,,,,,
Neustrelitz,,,,,,
Gastronom Michel Péclard,,,,,,
Münsterhof,,,,,,
Zür…,,,,,,
Neun-Meter-Marke,,,,,,
Mega-Imperium,,,,,,
Hochwasser-Schwerpunkt,,,,,,
Badlands-Nationalpark,,,,,,
Weißenhorn,,,,,,
Superwurm,,,,,,
Starkregen erwa…,,,,,,
Bodensee-Thüringer Wald-Ostsachsen,,,,,,
Luftschloss,,,,,,
Kleinb…,,,,,,
Pfadfindern,,,,,,
Saarlands,,,,,,
Hochwasserlage an der Saar,,,,,,
Unwetterschäden,,,,,,
Westdeutschlands,,,,,,
Schönheitswahn,,,,,,
Rein,,,,,,
Gaza-Streifens,,,,,,
Gaza-Streifen,,,,,,
mittei…,,,,,,
Hall…,,,,,,
Banger,,,,,,
Millionenbereich,,,,,,
Schalke-Nord,,,,,,
Neunkirchen,,,,,,
Hochwasser-Wochenende Sorge,,,,,,
Cybergrooming,,,,,,
Unwetterfront,,,,,,
Atze Musiktheater,,,,,,
Janosch,,,,,,
Smartphone Kindern,,,,,,
Neinhorn,,,,,,
Block-House-Ketten-Gründer,,,,,,
Steakhaus-Erbin,,,,,,
Kornberg,,,,,,
Steakhouse-Erbin,,,,,,
Ordinationen,,,,,,
Ärztekammer Wien,,,,,,
Volksrepublik Unmengen,,,,,,
Elektroanlagen,,,,,,
Berliner Schulalltag,,,,,,
China-App TikTok,,,,,,
Online-Shopping-Portal,,,,,,
Temu,,,,,,
l…,,,,,,
Kinderriegeln,,,,,,
Liebesbrief,,,,,,
Zündkerze,,,,,,
App-Spielen,,,,,,
Garden Scapes,,,,,,
Freiluft-Gefühl,,,,,,
Spandaus,,,,,,
Erdrutsche,,,,,,
Land Bremen,,,,,,
Saarland-Flut,,,,,,
Gürtel,,,,,,
(13),,,,,,
Kinderdorf,,,,,,
Police,,,,,,
Wirbelsturm,,,,,,
Sturm Remal,,,,,,
Südasiens,,,,,,
Meteorologe,,,,,,
Netzausfall,,,,,,
Migräne,,,,,,
Abnehmen,,,,,,
Eisige Wunderkur,,,,,,
Herrenmode,,,,,,
Autobahnstummel,,,,,,
Flixbusses,,,,,,
Sachsens Landesumweltamt,,,,,,
Ferienlager,,,,,,
Hochwasser-Angst,,,,,,
Tesla-Chef,,,,,,
Sulzbach,,,,,,
Bezirk Kirchdorf,,,,,,
Wartberger Au,,,,,,
Betriebsleiter,,,,,,
Saarburg,,,,,,
Schwämmen,,,,,,
Automaten,,,,,,
Homepage Junges Wien,,,,,,
Ideengebern,,,,,,
Bezirksvertretungen,,,,,,
IV-Präsident Knill,,,,,,
Austria,,,,,,
Derby-Finale Dresden,,,,,,
Einsturzursache,,,,,,
Online-Spiel,,,,,,
Saar-Ministerium,,,,,,
Oste,,,,,,
Hochwasser Schwemmholz,,,,,,
Berlin/Saarbrücken/Mainz,,,,,,
Landwirtschaftskammer für das Saarland,,,,,,
Estadio Santiago Bernabéu,,,,,,
Buchbach,,,,,,
Maisfeld,,,,,,
Oberzell,,,,,,
Groß Machnow,,,,,,
Privatsphäre,,,,,,
sü…,,,,,,
Wasser knietief,,,,,,
"Landgericht 
Hamburg",,,,,,
Spandauer Hochhaus,,,,,,
Zeugen,,,,,,
Falkenhagener Feld,,,,,,
Bestseller-Autorin,,,,,,
Fördermitteln,,,,,,
Hasses,,,,,,
E-Mail-Postfach,,,,,,
Gastronomie-Branche,,,,,,
Comer…,,,,,,
Sperrmüll-Lawine,,,,,,
Umweltdienstes,,,,,,
Misox,,,,,,
Lostallo nördli,,,,,,
ZEIT-Wissenspodcast,,,,,,
Emiraten,,,,,,
Weimar,,,,,,
Kreis Pingyuan,,,,,,
Stromausfall im Dunkeln,,,,,,
Podgorica,,,,,,
Ost-Berlin,,,,,,
Stausees Mooserbode…,,,,,,
Fake-Bikini-Bilder,,,,,,
Kreises Ahrwei…,,,,,,
Startup-Nation,,,,,,
Offshore-Windkraftanlagen,,,,,,
Tib…,,,,,,
Bundesverfassungsgerichts,,,,,,
Nöte,,,,,,
der Niederlande,,,,,,
Energieverbrauchs der Schweiz,,,,,,
Industr…,,,,,,
Monte-Carlo-Sieger Platz,,,,,,
Schmankerl,,,,,,
Salzkammerguthat,,,,,,
Top-Wintersportbedingungen,,,,,,
Antibiotikaresistenzen,,,,,,
Subsahara-Afrika,,,,,,
Sub…,,,,,,
Kleinen H…,,,,,,
Montenegros,,,,,,
Teamquartier,,,,,,
Saisonende,,,,,,
Atlantikinseln,,,,,,
Mückenplage,,,,,,
Güterwaggon,,,,,,
Videoportal TikTok,,,,,,
Langnese,,,,,,
Rügenwalder Mühle,,,,,,
Dresdner Keppbach,,,,,,
Aktionsplan Age-friendly City,,,,,,
Kita-Studie,,,,,,
Alpen-Riesen Col du Galibier,,,,,,
Col du Galibier,,,,,,
Hipster-Viertel,,,,,,
Ole,,,,,,
Kriegsschiffen,,,,,,
Todesfällen,,,,,,
Gefahrenzonen,,,,,,
Fontana,,,,,,
Maggiatal,,,,,,
Bundesratsinitiative,,,,,,
Rangsdorfer,,,,,,
Buckingham-Palasts,,,,,,
Aufnahmezentren,,,,,,
Marienfeld,,,,,,
Arnsberger Wald,,,,,,
Kinderleiche in Feld,,,,,,
Kinderschutz-Notdienst,,,,,,
Maßen,,,,,,
Abtenau,,,,,,
Gutjahrbauer,,,,,,
Paris Hilton,,,,,,
Supermarktkunden,,,,,,
Arcona,,,,,,
Video-Talk,,,,,,
Solar-Revolution,,,,,,
Deichsanierung,,,,,,
Linkenheim-Hochstetten,,,,,,
Gemeinde Illmensee,,,,,,
Chipkonzerne,,,,,,
Nvidia-Chef,,,,,,
Taipeh,,,,,,
Merzdorf,,,,,,
Plastikdeckel,,,,,,
Behördenangaben …,,,,,,
Heinrich-Schwaiger-Haus,,,,,,
Heinrich-Schwaiger-Hauses,,,,,,
Himalayas,,,,,,
Bayerischen Bauernverbande…,,,,,,
Stromimporten,,,,,,
Wasserkraftwerken,,,,,,
UN-Bericht,,,,,,
Wuhan,,,,,,
Flussauen,,,,,,
Rimsting,,,,,,
Veringenstadt,,,,,,
4000-Einwohner-Ort Deutschfeistritz,,,,,,
Deutschfeis…,,,,,,
Burgrieden,,,,,,
Storchen-Küken,,,,,,
Ilm,,,,,,
Pfaffenhofen am Fl…,,,,,,
Bundeswehr/Landeskommando Bayern,,,,,,
Süddeutschland …,,,,,,
Österreichs Steiermark,,,,,,
Nacht peu à peu,,,,,,
burg…,,,,,,
zerst…,,,,,,
Janika,,,,,,
Negativrekorde,,,,,,
Icimod,,,,,,
Baar-Ebenhausen,,,,,,
Donauwörth,,,,,,
Passau am,,,,,,
Bundesbauministeriums,,,,,,
Mindelkanal,,,,,,
Sandes,,,,,,
Ungefüllt,,,,,,
Säcke,,,,,,
Paletten,,,,,,
Gitterboxen,,,,,,
Kraftwerk-Mitarbeiter,,,,,,
Auffangbecken,,,,,,
Umwetter,,,,,,
Sonnenscheins,,,,,,
Textilkonzern Lenzing,,,,,,
Faser Lyocell,,,,,,
Vorjahresquartal,,,,,,
Vorjahr Windkraft,,,,,,
Hoch…,,,,,,
Hochwasser-Aufräumarbeiten,,,,,,
Messpunkt Ilzstadt/Donau,,,,,,
Maas,,,,,,
Basler,,,,,,
Ermittlunge…,,,,,,
Schorndorf i…,,,,,,
Main-Donau-Kanal,,,,,,
Bundeswasserstraße Donau,,,,,,
Jochenstein,,,,,,
Kinderwecker,,,,,,
Sudanesen,,,,,,
Personalie,,,,,,
Rohrbrüche,,,,,,
Nord,,,,,,
Alexej Smirnow,,,,,,
Wintersperre,,,,,,
Ausflüglerinnen,,,,,,
una…,,,,,,
Sosa,,,,,,
Kroaten-Debakel,,,,,,
rett…,,,,,,
Ekstase,,,,,,
Stettin,,,,,,
Klima-Risikos,,,,,,
Igel,,,,,,
Idar-Oberstein,,,,,,
Hochwasserl…,,,,,,
Teichbach,,,,,,
Leiche ge,,,,,,
Donaumoos,,,,,,
Vohburg,,,,,,
Hochwasserregionen,,,,,,
Wohngebäudeversicherer,,,,,,
Zwettl an der Rodl,,,,,,
Schauerbach,,,,,,
Distelbach,,,,,,
Vereinigte Königreich,,,,,,
Katastrophenschutzamt,,,,,,
Live-Big Brother-Finale,,,,,,
Zams,,,,,,
Jugendbildungszentrums Babenhausen,,,,,,
Rauchwart,,,,,,
Sonntagmitternacht,,,,,,
Gastronomie am See,,,,,,
Kreis Helmstedt,,,,,,
Landkreis Helmstedt,,,,,,
Tschechen,,,,,,
Wiener Bundeskanzleramt,,,,,,
Ausbauzielen,,,,,,
Kirchbach,,,,,,
Wicked“-Puppen,,,,,,
Schulmensen,,,,,,
Gymnasium Römerhof,,,,,,
Messgeräten,,,,,,
Or…,,,,,,
Milieudefensie,,,,,,
Ampel-Aus,,,,,,
Seilbahnen Schweiz,,,,,,
Villars-sur-Ollon,,,,,,
Herr Stoffel,,,,,,
Rekordmengen,,,,,,
Alfred-Wegener-Institut,,,,,,
Winterreifen-Alarm,,,,,,
Landes erf…,,,,,,
Jahreshoch,,,,,,
Hiobsbo…,,,,,,
Bundestagswahl,,,,,,
Ölstaaten,,,,,,
Klimagipfel,,,,,,
Bezirk Südoststeirermark,,,,,,
Schlittschuhlaufen,,,,,,
COP-Präsident,,,,,,
Michelbach…,,,,,,
Nikolauspostamtes,,,,,,
Frostbeule,,,,,,
Oder-Flut,,,,,,
Flussnähe,,,,,,
Wüste,,,,,,
Umfragedaten,,,,,,
Winterfrische im Salzkammergut,,,,,,
Wortes Aussee,,,,,,
Glucosamin,,,,,,
Omega-3,,,,,,
Gasherden,,,,,,
Provinz Al-Dschauf,,,,,,
Jordanien,,,,,,
Kompromissen,,,,,,
Süd…,,,,,,
St. Pöltener,,,,,,
wettertechnisch,,,,,,
Landtag her,,,,,,
Landes Niederösterreich,,,,,,
Stadt Málaga,,,,,,
Gaslieferungen,,,,,,
Trinkbecher,,,,,,
Stil-Fragebogen,,,,,,
Schneemengen,,,,,,
Heizungcheck,,,,,,
n…,,,,,,
GP von Brasilien,,,,,,
Erzrivale Max Verstappen,,,,,,
Dajana,,,,,,
Nacht Schnee,,,,,,
Winter-Tipps,,,,,,
Eiskeller,,,,,,
Graupel-Gewittern,,,,,,
Neuen Botanischen Garten,,,,,,
Sommer-Hochwasser,,,,,,
Cumlosen,,,,,,
strong>.</strong,,,,,,
Schneegen,,,,,,
Landkreis Birkenfeld,,,,,,
Mörschied,,,,,,
Stadtwerke-Chef,,,,,,
Straßengraben,,,,,,
Haus flattern,,,,,,
Landes für windiges und nasskaltes Wetter,,,,,,
Tauerntäler,,,,,,
Ozeanriesen,,,,,,
Vorarlberger Landtag,,,,,,
Ukraine-Sanktionen,,,,,,
Schritt,,,,,,
Preiserhöhungen w…,,,,,,
S. Hahne,,,,,,
Sofas,,,,,,
Müllverbre…,,,,,,
Industrieanlagen,,,,,,
Filmpark Babelsberg,,,,,,
Slalom-Start,,,,,,
Vollath,,,,,,
Webcambildern,,,,,,
Landkreis Goslar,,,,,,
Intensivkursen,,,,,,
Schwimmabz…,,,,,,
Lenkerin,,,,,,
Erlsberg,,,,,,
Bezirk Liezen,,,,,,
Gasbedarf,,,,,,
NRW-Bürger,,,,,,
Kunststoff,,,,,,
Ho…,,,,,,
Sonnensystems,,,,,,
X.,,,,,,
Therese Hofer,,,,,,
Personalnot,,,,,,
Schottland wu…,,,,,,
Knappes Flüssigerdgas,,,,,,
Weihnachtsmärkten,,,,,,
Berlin-Heiligensee,,,,,,
Frost-Luft,,,,,,
Dauer-Herbst,,,,,,
Landschaftsbild,,,,,,
Mitteleuropa…,,,,,,
Universum,,,,,,
Lüneb…,,,,,,
Behördenversagen,,,,,,
Egon Schiele Museum Tulln,,,,,,
Egon…,,,,,,
Kindersicherheitshaus Bärenburg Graz,,,,,,
schaurig-schönen,,,,,,
Halloween-Humor,,,,,,
Kontostand,,,,,,
Ötzi,,,,,,
Konflikten,,,,,,
Landgericht Göttingen,,,,,,
Formsache,,,,,,
Hamburg-Podcast,,,,,,
Kreuzbandriss,,,,,,
Bandscheibenvorfall,,,,,,
Abschüsse,,,,,,
Lübben,,,,,,
Hotel,,,,,,
Mühlenbecker Land,,,,,,
Sahelzone,,,,,,
Leserbriefen,,,,,,
Rote Kreuz Niederösterreich,,,,,,
Schutzwälle,,,,,,
Oststeiermark,,,,,,
Top-Domains,,,,,,
Vanessa,,,,,,
Nordalbanien,,,,,,
Dorfbewohner,,,,,,
Böllerwürfen,,,,,,
Wiener Landesregierung,,,,,,
Kartoffel-Eklat,,,,,,
Theatern,,,,,,
Plastikgeschirr,,,,,,
Doan-Weggang,,,,,,
Impfzentrum,,,,,,
Dawoud Abu Alkas/REUTERS,,,,,,
Diphtherie-Fall,,,,,,
Wanderer,,,,,,
Platzmangel,,,,,,
Schutzwald,,,,,,
St. Pöl,,,,,,
Halloween-Abend,,,,,,
Mutlangen,,,,,,
Landesbetrieb,,,,,,
Straßenwesen,,,,,,
Ski-Opening,,,,,,
Millionenhöhe fü…,,,,,,
Provinz Valencia,,,,,,
Hochwassergebiet Valencia,,,,,,
Anwesens,,,,,,
Katastrophenhilfe,,,,,,
Plastiklöffeln,,,,,,
Plastikschüsseln,,,,,,
Spiels in de,,,,,,
Wiener Westbahnhof,,,,,,
He…,,,,,,
Hütteldorf,,,,,,
Save the Children,,,,,,
Heimtücke …,,,,,,
All Inclusive,,,,,,
Haus zu groß,,,,,,
Yürgen,,,,,,
Parkhauses,,,,,,
nan Morgen,,,,,,
Pkws,,,,,,
Mopedautos,,,,,,
Herumlümmeln,,,,,,
Warner Bros,,,,,,
Hollywood Reporter,,,,,,
Pilgramgasse,,,,,,
Langenfeld,,,,,,
Kreis Mettmann,,,,,,
Universitätsklinikums des Saarlandes,,,,,,
Haus duschen,,,,,,
Hamburg-Meiendorf,,,,,,
CJX5,,,,,,
Landkreis Gö…,,,,,,
Mietshäuser,,,,,,
Südkoreas WM-Quali,,,,,,
Statistische Amt,,,,,,
Vorfreude,,,,,,
Finanzaufsicht,,,,,,
Den Alpen,,,,,,
Praxen behand…,,,,,,
Böen im Schwarzwald,,,,,,
Fahrverhalten,,,,,,
Tücke,,,,,,
Klinikum Hanau,,,,,,
Klinikums Hanau,,,,,,
Sothebys,,,,,,
Rekord,,,,,,
Nordthüringer,,,,,,
Heringen,,,,,,
Tiefe bergen,,,,,,
BMW-Fahrerin,,,,,,
Xaveria,,,,,,
Bayerischen Wal…,,,,,,
Marinedrohnen,,,,,,
Holländer-Viertel,,,,,,
Kommissare …,,,,,,
son…,,,,,,
Attergau Straße,,,,,,
Sydney/Berlin,,,,,,
Sturmböen…,,,,,,
Adventssturm,,,,,,
Washin…,,,,,,
Schnee-Walze,,,,,,
Bärenfell,,,,,,
Attard,,,,,,
Tempo,,,,,,
Alpenrand der Schneefall,,,,,,
Klein-Auheim,,,,,,
Netz-Abgaben,,,,,,
Gasspeicher-Umlage,,,,,,
Polizeipräsidiums Obe…,,,,,,
Bibber-Wetter,,,,,,
Antonio-Guiteras-Kraftwerk,,,,,,
Schimmel-Irrtümer,,,,,,
Bilbao,,,,,,
Kopfnuss-Rot,,,,,,
Herthas Zeefuik,,,,,,
Pokal-Aus,,,,,,
Zusammenstoßes,,,,,,
Schmidham,,,,,,
Weiß,,,,,,
Granatapfelkerne,,,,,,
Kerne,,,,,,
Wildvögeln,,,,,,
Hansen-Aaröen,,,,,,
Trinkflaschen-Test,,,,,,
Ex-Manager,,,,,,
Sport-Vorstand,,,,,,
Baby-Austern,,,,,,
Eisgang,,,,,,
Medientermin,,,,,,
Betreuungszentrum Gruft,,,,,,
Wien-Mariahilf,,,,,,
Liebeshoroskop,,,,,,
Arlberg-Schnells…,,,,,,
Stauerscheinungen auf der Rheintalautobahn,,,,,,
Verg…,,,,,,
"Kiew ""Winterpaket",,,,,,
Kältezentrale,,,,,,
Bewegungsradius,,,,,,
Digitalzwang,,,,,,
Granatäpfel,,,,,,
Ukraine-Verhandlungen,,,,,,
Gegenfahrbahn gerat…,,,,,,
Oranienbaum,,,,,,
AfD-Kanzlerkandidatin,,,,,,
Russen-Nähe,,,,,,
China-Freunde,,,,,,
Schwarz-Kohle,,,,,,
Frauenliebe,,,,,,
Sturmböen“,,,,,,
Elendsviertel,,,,,,
Hochwas…,,,,,,
Klimaschützer,,,,,,
Atzenbrugg,,,,,,
Luxushotel Adlon,,,,,,
Glättegefahr,,,,,,
Glättegefahr d…,,,,,,
Weihnachtspullis,,,,,,
Büttenpapier,,,,,,
Frontalzusammenstoßes,,,,,,
Gegenfahrbahn gera…,,,,,,
Bezirk Vöckla…,,,,,,
Vegetationsbränden,,,,,,
Auto-Innenraum,,,,,,
Wittelsbacherbrücke,,,,,,
Kiesbank an der Insel,,,,,,
Zenica,,,,,,
Barca,,,,,,
Tablet,,,,,,
Fitnessübungen,,,,,,
Lazio,,,,,,
Lieferkette,,,,,,
Weihnachtsmarkt Winter Wonderland,,,,,,
Sparpotential,,,,,,
Bayerns Wintervögel,,,,,,
Wintervogelatlas,,,,,,
Strelizie,,,,,,
Oleander,,,,,,
Gartensaison,,,,,,
Está todo bien - Alles,,,,,,
Lesbos,,,,,,
Ribnitz-Damgarten,,,,,,
Abendlandes,,,,,,
Woke-Islamisten,,,,,,
glühweinwarm,,,,,,
Trockenfeigen,,,,,,
Hügeln,,,,,,
Gemeinde Liebenau,,,,,,
Kiesbank,,,,,,
Landkreis Nienburg,,,,,,
Winter-Trends,,,,,,
Notruf via Italien,,,,,,
Geosphere Austria,,,,,,
gü…,,,,,,
Schwarzwald-Baar-Kreis,,,,,,
Risiko von Blackouts,,,,,,
US-Bundesst,,,,,,
Frisuren,,,,,,
Online-Portal…,,,,,,
Moncler,,,,,,
COP29,,,,,,
Einigeln,,,,,,
Silvretta Montafon,,,,,,
Saison-Start,,,,,,
Skisprung-Winter,,,,,,
Plenum,,,,,,
Beschlüssen,,,,,,
entschei…,,,,,,
Wasserverbänden,,,,,,
Bremen -,,,,,,
Slow Living Fashion,,,,,,
Fernweh,,,,,,
Reifglätte,,,,,,
Flocken-Wetter,,,,,,
Single-Mixed-Staffel,,,,,,
Podestplätze,,,,,,
Männer-Serie,,,,,,
Lebkuchen-Tiramisu,,,,,,
Tambosi,,,,,,
Odeonsplatz,,,,,,
La Vie,,,,,,
Kult-Streifens,,,,,,
Sturm kan…,,,,,,
Gehei…,,,,,,
München/Stuttgart,,,,,,
Ukraine-Flüchtlingen,,,,,,
Zella-Mehlis,,,,,,
Wagens,,,,,,
Kalorien,,,,,,
Berlin-Weißensee,,,,,,
Be…,,,,,,
Scharlach bei Kindern,,,,,,
Weihnachtsmanndorf,,,,,,
Single-Mixed-Variante,,,,,,
Snowdriftland,,,,,,
Betäubungsmitteln,,,,,,
Keimschleudern w…,,,,,,
vorbeigeschickt,,,,,,
Hessen Mobil,,,,,,
Rattenverseuchtes Schimmelpilzhaus,,,,,,
Maronen-Pizza,,,,,,
Grünkohl-Sandwich,,,,,,
TV-Koch Alex Wahi,,,,,,
Rechnungshofes,,,,,,
Kita Regenbogenland,,,,,,
Switch,,,,,,
Rötha,,,,,,
Ausnahmefällen,,,,,,
Jenner,,,,,,
braun-grün,,,,,,
Grotte,,,,,,
Wellness-Urlaube,,,,,,
Dampfbäder,,,,,,
Kältegrotten,,,,,,
Chinesin,,,,,,
Autobahn-Abfahrt Neustadt,,,,,,
ElbePark,,,,,,
Mittwoch Hochwassergebiet“,,,,,,
Pegel Eisenhüttenstadt,,,,,,
Hochwasseralarms an der Oder,,,,,,
Europa-Korrespondent,,,,,,
Hochwassergebiet an der Oder,,,,,,
Persepolis,,,,,,
O…,,,,,,
Boizenburg,,,,,,
Geschirrscherben,,,,,,
Mauerreste,,,,,,
Kita-Mitarbeiter,,,,,,
Erzbistum Bamberg,,,,,,
Hietzing,,,,,,
Wintermänteln,,,,,,
Mützen,,,,,,
A…,,,,,,
Kita-Streik,,,,,,
Tagesbetreuung,,,,,,
Bußgeld,,,,,,
Landkreis Oder-Spree erlie…,,,,,,
Hochwassergebiete,,,,,,
Mittwoch Hochwassergebiet,,,,,,
Hochwasser-Zwangspause,,,,,,
Fluchtwelle Land,,,,,,
Offenberg-Neuhausen,,,,,,
Bettschwere,,,,,,
Riesa,,,,,,
Werte,,,,,,
San Sebastián Gourmets,,,,,,
Gastro-Hauptstadt,,,,,,
Getaria,,,,,,
Helmbrechts,,,,,,
Handwerkerinnen,,,,,,
Kita-Proviantbox,,,,,,
Sojabratling,,,,,,
Scheitelwelle des Oder-Hochwassers,,,,,,
Oder-Hochwassers,,,,,,
Niegripp,,,,,,
Tangermünde,,,,,,
Pegel Wittenberge,,,,,,
Schmuddel-Herbst,,,,,,
Kälte-Klatsche,,,,,,
Wugledars,,,,,,
Abg…,,,,,,
Hochwasser-Pause,,,,,,
Unterwart,,,,,,
Berliner Elend,,,,,,
Markersdorf-Haindorf,,,,,,
Feuerwehrhaus Markersdorf,,,,,,
Märkisch-Oderland,,,,,,
Saalachtals,,,,,,
Steinpasses,,,,,,
Weißbach,,,,,,
Lofer,,,,,,
St. Martin,,,,,,
Ratcliffe-on-Soar,,,,,,
Asylheim,,,,,,
Heizungen</li><li,,,,,,
Statistische Bundesamt i…,,,,,,
Toskana-Flut,,,,,,
Toskana-Flut-Drama,,,,,,
Gebirgsbach Sterza,,,,,,
Wohnungstür,,,,,,
Landkreis Meißen) …,,,,,,
Googles,,,,,,
Hochwasser-Einsatzgeräte,,,,,,
baden-württembergischen Landtag,,,,,,
Enkelkinder,,,,,,
Hochspannungsturm,,,,,,
Bubsheim,,,,,,
Parkhaus Gas- mit Bremspedal,,,,,,
Hochwasserpoldern,,,,,,
German Shepherd,,,,,,
Nachb…,,,,,,
Waldbronn,,,,,,
Prince Kwabena Adu,,,,,,
Landkreis Karlsruhe“,,,,,,
Onlineshops,,,,,,
Steppjacken,,,,,,
ni…,,,,,,
Reifenwechsel-Saison,,,,,,
Wasserstraßen- und Schifffahrtsamt,,,,,,
Pegel Hohnstorf,,,,,,
Festlegungen,,,,,,
Machatschkala,,,,,,
Spieße,,,,,,
Döner-Kette,,,,,,
Weingarten,,,,,,
Kreis Ravensburg,,,,,,
Irna,,,,,,
Gruben-Unglück,,,,,,
Bergwerk,,,,,,
Sempt,,,,,,
Wörth,,,,,,
News-Blo…,,,,,,
Primetime-Folgen,,,,,,
Spielfilmlänge,,,,,,
News-Blog,,,,,,
Insekten-Superkolonien,,,,,,
Invasiv-Ameisen,,,,,,
Schutzwänden,,,,,,
brandenburgischen Landtag,,,,,,
Kinderfernsehen-Markt,,,,,,
Paramount,,,,,,
Hotel and Spa,,,,,,
Starkniederschlägen,,,,,,
Oder-Kreis,,,,,,
Landreis Oder-Spree,,,,,,
Ni…,,,,,,
ze…,,,,,,
Schlagabtausch,,,,,,
Sächsische Schweiz-Osterzgebirge,,,,,,
Pegel Berg,,,,,,
Landkreis Erding“,,,,,,
Aschersleben,,,,,,
City Biathlon,,,,,,
Alpenrepublik si…,,,,,,
Krakau,,,,,,
Marshmallow-Wettessen,,,,,,
Beddau,,,,,,
Kameruner,,,,,,
MINT-Fächern,,,,,,
Pegelstandes,,,,,,
Merkur,,,,,,
Pegel Passau der Donau,,,,,,
Ostmitteleuropa,,,,,,
Krasovka,,,,,,
Mährisch-Schlesien,,,,,,
Ostsachsens,,,,,,
Manchester City,,,,,,
gemeinsame Haus,,,,,,
Landkreis Görlitz“,,,,,,
Rückstau,,,,,,
geborstene Dämme,,,,,,
Carolabrücke-Teilen,,,,,,
Hochwasser-Einsätze,,,,,,
Kandidatencheck,,,,,,
Unwetter-Folgen,,,,,,
Wien-München,,,,,,
hinzumüssen,,,,,,
Baumarkt-Rabatte,,,,,,
M+S,,,,,,
Haustier,,,,,,
kaufst du,,,,,,
Hochwasser-Vorkehrungen,,,,,,
Grenzregion,,,,,,
Slu…,,,,,,
Nationalstraße N3,,,,,,
Durban,,,,,,
Zehn-Jahres-Höchststand,,,,,,
Parl…,,,,,,
US-Klimapolitik,,,,,,
Kohlestaub,,,,,,
Kitastreik,,,,,,
Herr Rausch,,,,,,
Nordostiran,,,,,,
Merz,,,,,,
Drohndorf,,,,,,
ORF-NÖ-Funkhaus,,,,,,
Landkreis“,,,,,,
Seelow,,,,,,
Silvia,,,,,,
Landesho…,,,,,,
Mayer,,,,,,
Brandenburg r…,,,,,,
Neukirchen an der Enknach,,,,,,
Messern,,,,,,
Sachsen…,,,,,,
Flutwelle,,,,,,
Elbe-Hochwasserscheitel,,,,,,
Spatenstich,,,,,,
Überflutungsgefahr,,,,,,
Zentralen Ausländerbehörde des Landes,,,,,,
Berlin/Hagen,,,,,,
Verwaltungsgericht Berlin,,,,,,
Fot…,,,,,,
Grenzflusses,,,,,,
Schwimm-Intensivkursen,,,,,,
Dämme,,,,,,
Landtagswahl vorsorglic…,,,,,,
Mordanklage,,,,,,
Klima-Extremen,,,,,,
Mega-Arena,,,,,,
Kreisel,,,,,,
Orbán,,,,,,
Blätter,,,,,,
Geäst,,,,,,
Preis-Hammer,,,,,,
libanesischer Küste,,,,,,
Annonay,,,,,,
Météo-France,,,,,,
Hochwasser/Starkregen,,,,,,
Tokio einprasseln,,,,,,
Tivoli-Gärt…,,,,,,
Zuma,,,,,,
Skye,,,,,,
Liberty,,,,,,
Forsbergs,,,,,,
Schweden st…,,,,,,
Meißner,,,,,,
Messe Wieselburg,,,,,,
Landeskrankenhaus Feldkirch,,,,,,
Freitag Fachleute,,,,,,
Helme-Deichs,,,,,,
Europaballett St. Pölten,,,,,,
Kubas Stromnetz,,,,,,
Landesfeuerwehr- und In Bad Köstritz,,,,,,
Berliner Kindertagesstätten,,,,,,
Bösingen,,,,,,
Kreis Rottweil,,,,,,
Kita-Leitungen,,,,,,
Erzieherinnen,,,,,,
Bezirksstadträten,,,,,,
ger…,,,,,,
Haseloff,,,,,,
Franzosen,,,,,,
Centre-Val de Loire,,,,,,
Paris g,,,,,,
Wienflusses,,,,,,
U2/U4-Station Pilgramgasse,,,,,,
Leiharbeiter-Wohnungen,,,,,,
Ballern,,,,,,
Kinderschutzbunds,,,,,,
Switch-Konsolen,,,,,,
Emschergenossens…,,,,,,
Landesfeuerwehr- und Katastrophenschutzschule,,,,,,
Gendern,,,,,,
Gazas,,,,,,
Mini-Atomkraftwerke,,,,,,
Durchstich,,,,,,
Wasserstoff-Kernnetzes,,,,,,
Burglengenfeld,,,,,,
Groß-Gerau-Dornheim,,,,,,
Riedstadt-Leeheim,,,,,,
Angern,,,,,,
Söldens,,,,,,
Park Pillnitz,,,,,,
Alltag,,,,,,
F.A.Z.-Ausstellungskalender,,,,,,
Monets,,,,,,
Ansichtssachen,,,,,,
Aalen Galerie,,,,,,
Anja Nürnberg,,,,,,
Sohnes,,,,,,
Wiener Albertina,,,,,,
Atompilze,,,,,,
Wasserstoff-Narrativ,,,,,,
Kohle-Klau,,,,,,
Weihnachts-Circus,,,,,,
Wasserstoff-Autobahn,,,,,,
Zielgeraden,,,,,,
Mrndeni,,,,,,
Bildquelle,,,,,,
Energienotstands,,,,,,
Karibik-Insel,,,,,,
US-Warnzentrale National Hurricane Center,,,,,,
Pauli-Reserve,,,,,,
Weiche Flensburg,,,,,,
Knochenstoffwechsel,,,,,,
Konzert,,,,,,
Klar,,,,,,
Afrikanische Staaten,,,,,,
Hürden,,,,,,
Kampala,,,,,,
Rosenheim-Mühldorf,,,,,,
Ried im…,,,,,,
Fortsch…,,,,,,
Lagerfeuer,,,,,,
Meduza,,,,,,
Räumfahrzeugen,,,,,,
Rumäne,,,,,,
Berliner Gasag-Kunden,,,,,,
Visier de…,,,,,,
Straflager,,,,,,
bedrohli…,,,,,,
Feuerhaus,,,,,,
Zettersfeld heuer,,,,,,
Flut-Hilfen,,,,,,
Rettungsteams,,,,,,
Maria Saal,,,,,,
Bezirk Klagenfurt-Land,,,,,,
Glan fas…,,,,,,
Nasse Keller,,,,,,
St. Pöltner Möbelhaus,,,,,,
Tiefgeschoss,,,,,,
Einrichtungshaus XXXLutz,,,,,,
Landes mög…,,,,,,
Neustrelitzer,,,,,,
Meldestufen ü,,,,,,
Wüste Sahara,,,,,,
Kinderporno-Bande,,,,,,
Ginsheim-Gustavsburg,,,,,,
Losenheim,,,,,,
Museum für Neue Kunst,,,,,,
Wirtschaftsweisen,,,,,,
Limmat,,,,,,
Kinder-Schutzmaske,,,,,,
Südbahn ble,,,,,,
begutach…,,,,,,
Rhonegletschers,,,,,,
Ahrweiler,,,,,,
Obliers,,,,,,
Rhein­land-Pfalz,,,,,,
Weinkolumne,,,,,,
Alsbach-Hähnlein,,,,,,
Hochwassers an der Oder,,,,,,
Betreiberfirma,,,,,,
Baustellen-Dach,,,,,,
Tiefe Offenbach,,,,,,
Gleisschäden,,,,,,
Bos…,,,,,,
Flut-Auto,,,,,,
Bosnien-Hercegovina,,,,,,
Antarktischen Halbinsel,,,,,,
verzwölffacht,,,,,,
antarktischen Halbinsel,,,,,,
SKN St. Pölten,,,,,,
Perschling,,,,,,
Werningshausen,,,,,,
Landkreis Sömmerda,,,,,,
Duftplanzen,,,,,,
Nuthestraße i…,,,,,,
Tr…,,,,,,
Bäderbetrieben,,,,,,
Durach,,,,,,
Bergamt Südbayern,,,,,,
Highline-Artistin,,,,,,
Schimmel-Nudeln,,,,,,
Guten“-Buchstaben-Nudeln,,,,,,
Guten-Buchstaben-Nudeln,,,,,,
Stettfeld,,,,,,
Landkreis Haßberge,,,,,,
Naturparadies,,,,,,
Riesiger Müllteppich,,,,,,
Neretva-Tal,,,,,,
Bosnien-Herzegowinas,,,,,,
Tal des Flusses Neretva,,,,,,
Grabovica,,,,,,
Donja Jablanica,,,,,,
Regimes w…,,,,,,
Westbahn,,,,,,
Götter,,,,,,
Zwillingsboom,,,,,,
Arbeitsmarktservice,,,,,,
Neuverfilmungen,,,,,,
Computerspielen,,,,,,
Chemieunterricht,,,,,,
Schornstein,,,,,,
Polizeizellen,,,,,,
Radweg,,,,,,
Auhof,,,,,,
Kennedybrücke,,,,,,
MA,,,,,,
S80,,,,,,
Hinblic…,,,,,,
Wienerwald Tunnel,,,,,,
Normalzustand,,,,,,
Katastrophengebiet-Status,,,,,,
St. Pölten-Land,,,,,,
Landkreis Bernkastel-Wittlich,,,,,,
Mittagss…,,,,,,
Alpen f…,,,,,,
Elbe-Elster,,,,,,
Grand-Elysée-Hotel,,,,,,
Papendorf …,,,,,,
Schierling,,,,,,
Riisitunturi,,,,,,
Breithorn,,,,,,
Saale-Hochwassers,,,,,,
Thürungen,,,,,,
Lokalaugenschein,,,,,,
Schlegelkopf,,,,,,
Safiental,,,,,,
Rinteln,,,,,,
Stadt Rinteln,,,,,,
betroffenen Straße,,,,,,
Elbehochwasser,,,,,,
Pretziener,,,,,,
Langlingen,,,,,,
Bezirk Mitte,,,,,,
Stallungen,,,,,,
Parkangaben,,,,,,
Lilienth…,,,,,,
Beziehungskrise,,,,,,
Gemeinde Winsen,,,,,,
Landkreis Celle…,,,,,,
Snowboard,,,,,,
Bärchenportemonnaie,,,,,,
Borgfeld Bewohner,,,,,,
Cloud-Gaming-Rückblick,,,,,,
Webcam,,,,,,
Kalbach,,,,,,
Generalstaatsanwaltschaft Frankfurt,,,,,,
Schock-Bericht,,,,,,
Arche,,,,,,
Langeweile,,,,,,
Lichtspielplatz,,,,,,
Landkreis Hildburghausen,,,,,,
Oberrod,,,,,,
Rappelsdorf,,,,,,
Landratsamt Hildburghausen,,,,,,
Insel Rhodos,,,,,,
Nordrhein-Westfalen ei,,,,,,
mus Fahrerin,,,,,,
Frankenberg,,,,,,
Kreis Mittelsachsen,,,,,,
Dittersbach,,,,,,
Ferne schweifen,,,,,,
Jahreszeit,,,,,,
Ni,,,,,,
orientierungsloser Mann,,,,,,
Weihnachtspyramide,,,,,,
Hochwasserrisiko in Bayern,,,,,,
Sechs-Meter-Marke,,,,,,
Pegel Hohnsdorf,,,,,,
Kreis Verden,,,,,,
Donnerstagnacht,,,,,,
Regenwurm,,,,,,
Saalfeld-Rudolstad…,,,,,,
Millionen-Publikum,,,,,,
Untersuchungsausschuss Hochwasserkatastrophe,,,,,,
Gerichtshof am …,,,,,,
Kreis Neunkirchen,,,,,,
Löwenstark,,,,,,
Hakenfelde,,,,,,
Landkreis am Mittwochabend …,,,,,,
Elsbeth-Seidel-…,,,,,,
Kieler Landgericht,,,,,,
Feldsperlingen,,,,,,
Eichelhähern,,,,,,
Ferienende am Wochenende,,,,,,
Nord-Ostsee-Kanal,,,,,,
Hochwassernach…,,,,,,
Zentimetern,,,,,,
Staatlichen Amtes für Landwirtschaft und Umwe…,,,,,,
Dienstag un…,,,,,,
Deiche bei Verden,,,,,,
Landkreis Nordhausen“,,,,,,
Serengeti-Park“,,,,,,
Müden,,,,,,
Bildungsniveau von Deutschlands,,,,,,
Millstätter See,,,,,,
Hotel Westin,,,,,,
lieben Outdoor-Aktivitäten,,,,,,
Eisschollen,,,,,,
Katastrophe,,,,,,
Katastrophenschutzes,,,,,,
Havetoft,,,,,,
Hemmingen,,,,,,
Lehrte am Sonn,,,,,,
Hambühren bei Celle,,,,,,
Abwassersystems,,,,,,
Grundwasser steige,,,,,,
Bundesinnenministerin,,,,,,
Chemnitz-Rabenstein,,,,,,
Aktienfonds,,,,,,
San...Foto,,,,,,
Wohnungsbrand,,,,,,
Xinjiang,,,,,,
Rembrandts,,,,,,
Gemäldes,,,,,,
Klima-Uhr,,,,,,
Union Square,,,,,,
Elmshorn,,,,,,
Raa-Besenbek,,,,,,
Heidenheim…,,,,,,
Hochwasser…,,,,,,
Vorweihnachtswoche,,,,,,
Weihnachtsfest Schnee,,,,,,
Regierung von Nordrhein-Westfalen,,,,,,
Spiegels,,,,,,
nordrhein-westfälische Ministerium fü…,,,,,,
Erdbeben im Nordwesten Chinas,,,,,,
Erdbeben in China,,,,,,
Fitness-Experte,,,,,,
Fitness-Coach,,,,,,
Pegeln Speyer,,,,,,
Oestrich,,,,,,
Winter-Hochwasser,,,,,,
Heilongjiang,,,,,,
Oberwinter,,,,,,
mecklenburgischen Küste,,,,,,
Heizgerät,,,,,,
Schifffahrts-Hochwassermarke,,,,,,
Pegel Mainz,,,,,,
Abkommens,,,,,,
Esslingen,,,,,,
Harz Schnee,,,,,,
Ludwigshafener,,,,,,
Wei…,,,,,,
Hauptergebnis,,,,,,
Röders,,,,,,
Topseller Nr.,,,,,,
Schimmelstellen,,,,,,
Australierin,,,,,,
Windspitzen,,,,,,
Landes Baden-Württemberg,,,,,,
Höchststände am Rhein,,,,,,
Städtereise-Serie,,,,,,
Höchstwert,,,,,,
asiatischen Ländern,,,,,,
Bingen,,,,,,
"Nord-Gaza
",,,,,,
Ammern,,,,,,
Wegweiser,,,,,,
Branson,,,,,,
B3,,,,,,
Adelheidsdorf,,,,,,
Kirche: Jung,,,,,,
(44),,,,,,
Sturmtief Zoltan,,,,,,
Eis-Horror,,,,,,
Rolfes,,,,,,
Hameln-Pyrmont,,,,,,
Leiwen,,,,,,
Sturm am Brocken,,,,,,
Hochwasser-Warnschelle,,,,,,
Nijmegen,,,,,,
Sinterklaas-Fest,,,,,,
Weißt du,,,,,,
Niedersächsischen Landesbetriebs für Wasserwirtschaft,,,,,,
Lippstadt,,,,,,
du im Dunkeln liegst,,,,,,
Grusel,,,,,,
Hochwassernachrichtendienstes,,,,,,
Urlaubsziele,,,,,,
Kinderspital ,,,,,,
Sanierern,,,,,,
blöde Regenjacke,,,,,,
Altmark“,,,,,,
Andrang bei Sozialmärkten,,,,,,
Gipfellage Schnee,,,,,,
spiegelglatte Straße,,,,,,
Saale-Orla-Kreises,,,,,,
Flus…,,,,,,
Stadt Düsseldorf,,,,,,
Hof v,,,,,,
Veronika,,,,,,
Jimmi,,,,,,
Sturmflutgefahr,,,,,,
Atomkraftwerken,,,,,,
Jonas,,,,,,
Simone,,,,,,
Wasserstä…,,,,,,
Post Covid,,,,,,
Zersplitte,,,,,,
te Glückshormone,,,,,,
Regenmengen,,,,,,
Bundeskanzler Scholz,,,,,,
Stadt Wajima,,,,,,
Landespolizeipräsidium,,,,,,
Altenahr,,,,,,
Sinzig Förderbescheide,,,,,,
Bergbaumuseum Oelsnitz,,,,,,
Eisfläche,,,,,,
Börde,,,,,,
Freistaat am Morgen,,,,,,
Polizeidirektion West,,,,,,
Mazda,,,,,,
Stromspar-Appell,,,,,,
Luftmassen,,,,,,
Uni Innsbruck,,,,,,
jetz… Homeoffice,,,,,,
neutralen Schweiz,,,,,,
Oberleitungen,,,,,,
Oldenburg Bilanz,,,,,,
Flugpläne,,,,,,
Kant…,,,,,,
Müll-Runterbringen,,,,,,
Erster Regen,,,,,,
Patriarchat,,,,,,
Große Elbstraße,,,,,,
Mittwoch Unfälle,,,,,,
Fantasio,,,,,,
Heressener,,,,,,
Legislaturperioden,,,,,,
B213,,,,,,
Dardanellenweg/Britzer Straße,,,,,,
Berlin-Mariendorf,,,,,,
Lebensmittel,,,,,,
Bad Staffelstein,,,,,,
Kontro…,,,,,,
Peta,,,,,,
vermisstem,,,,,,
Schnäppchentour,,,,,,
Top-Preisen,,,,,,
Wintertreffen,,,,,,
Löningen,,,,,,
Stürme,,,,,,
Ebersbach bei Meißen,,,,,,
Höhepunkt2,,,,,,
wechs…,,,,,,
Gaston,,,,,,
Oberbayern …,,,,,,
Eisglatte,,,,,,
Winter-Verstärkungen,,,,,,
Zoo Neuwied,,,,,,
Autobahnen,,,,,,
Autobahn 61,,,,,,
Krankenh…,,,,,,
hohen Erkrankungsrisikos,,,,,,
Landkreis Bautzen,,,,,,
trendobjects,,,,,,
benjaminnolte,,,,,,
Münchner Straße,,,,,,
Bayreuther Straße,,,,,,
Autobahn,,,,,,
Schneestiefel,,,,,,
Wasserstraßen- und Schifffahrtsamt Weser,,,,,,
Biesenthals,,,,,,
Schleuse Hüntel,,,,,,
Lankwitzer,,,,,,
Rennstrecke,,,,,,
Bad Hindelang im Allgäu,,,,,,
Bernauer Schneeskulpturenfestival,,,,,,
Schwarzwälder,,,,,,
Bundesligapartie,,,,,,
Autobahnstaus,,,,,,
Memmingen,,,,,,
Kilometerlange Staus,,,,,,
Tiergartens,,,,,,
Bade…,,,,,,
"Dänemark 
",,,,,,
Taxis,,,,,,
Kaufkriterien,,,,,,
partout,,,,,,
Städ…,,,,,,
Groß-Einsatz,,,,,,
Gas-Explosion,,,,,,
Stuttgart-Vaihingen,,,,,,
Katzenbachstraße,,,,,,
Flughafen Münche…,,,,,,
Smartphone herumtippen,,,,,,
Bad Honnef/Linz,,,,,,
Neustadt/Wied,,,,,,
nan Schnee,,,,,,
Osthe…,,,,,,
Glatteis sorge…,,,,,,
Lieblingsessen von Louis,,,,,,
Kyffhäuserkreis am Freit…,,,,,,
Nordthüringer Hochwassergebiet,,,,,,
Temperaturen bergen,,,,,,
Jännerrallye,,,,,,
Oberösterre…,,,,,,
Gemeindestraßen,,,,,,
Katastrophen-Entertainment,,,,,,
Sangerhausen/Hannover,,,,,,
Bereitschaft,,,,,,
lie…,,,,,,
Land auf Schnee,,,,,,
S…,,,,,,
Timmersloh,,,,,,
Hochwassergebieten,,,,,,
Dienstgebäuden,,,,,,
Wetterbericht,,,,,,
Geschlechtsorgan,,,,,,
beinträchtigen,,,,,,
San Ildefonso,,,,,,
Teatro Real,,,,,,
El Gordo,,,,,,
Landkreis Manfeld-Südharz,,,,,,
Frauen-Staffel,,,,,,
Freistadt,,,,,,
Großen Walsertal,,,,,,
Stadt Salzburg …,,,,,,
Lawinenkatastrophe,,,,,,
Nac…,,,,,,
Kernkraft,,,,,,
Kleine Youtube-Stars,,,,,,
Fellbach,,,,,,
Dauerregen-Unwetterlage,,,,,,
Dauerregen-Unwetterlage am Freitag,,,,,,
Offenbach/Berlin,,,,,,
Altmark un…,,,,,,
Zehn-Milliarden-Programm,,,,,,
Erdbeben im Westen Japans,,,,,,
Trümmern bergen,,,,,,
Präfektur Ishikawa,,,,,,
James-Bond-Streifen,,,,,,
Sachsen-Anhalts b…,,,,,,
Prims,,,,,,
Nied,,,,,,
Oberer Blies,,,,,,
Panzerdivision in Bereitschaft,,,,,,
Hanseatischen Oberlandesgericht,,,,,,
Roßla,,,,,,
Hochwasser Kanu,,,,,,
Wetter-Ti…,,,,,,
Mächtiger Skisprung-Funktionär,,,,,,
Kreis vermutlic…,,,,,,
Büschen,,,,,,
Luftlöchern,,,,,,
Trecker-Blockaden,,,,,,
Bahn-Streik,,,,,,
NLWKN,,,,,,
Berl…,,,,,,
gefährlic…,,,,,,
Herford/Bad Salzuflen,,,,,,
Bielefelder,,,,,,
Ausn…,,,,,,
Schneegriesel,,,,,,
gefrierenden Sprü…,,,,,,
Münster/Hamm,,,,,,
Goch,,,,,,
eisglatter Fahrbahn,,,,,,
Unternehmerin,,,,,,
Kaserne,,,,,,
spiegelglatter Straße,,,,,,
Weltall,,,,,,
Streupläne,,,,,,
Sorgerechtsstreits,,,,,,
Lkw-Brand,,,,,,
Homeschooling,,,,,,
Berliner Kultursenators,,,,,,
Käuferportal-Gründer,,,,,,
Bauern-Demos,,,,,,
Eishockey-Verteidiger,,,,,,
Kinder,,,,,,
Ei­genheim,,,,,,
Eiskalter Retter-Einsatz,,,,,,
Heidenau,,,,,,
Lü,,,,,,
Kostenschock,,,,,,
Berliner Polizeiführung,,,,,,
Gerichtsakten,,,,,,
Traktorblockaden,,,,,,
Lokführerstreik,,,,,,
Gallier,,,,,,
Münstertal,,,,,,
Postauto,,,,,,
Wasserstände am Rhein,,,,,,
Taschendiebstählen,,,,,,
Jobcenter Bürgergeld,,,,,,
Gazastreif…,,,,,,
Schifffa…,,,,,,
Front-Winter,,,,,,
Tagestreffs,,,,,,
Jasper,,,,,,
Treibstoffmangel,,,,,,
Rheinbach,,,,,,
verg…,,,,,,
Humani…,,,,,,
Hessische Kultusministerium,,,,,,
Reiteralm,,,,,,
Pfeffernüsse,,,,,,
Vanillekipferl,,,,,,
heraushängt,,,,,,
Gin,,,,,,
Donau …,,,,,,
Trockenwischen,,,,,,
Eisenfesseln,,,,,,
Trinknäpfe,,,,,,
Eppsteiner Burgverlies,,,,,,
Portowaja,,,,,,
Steinhagen,,,,,,
Dauerregen im Schwarzwald,,,,,,
Bergretter,,,,,,
Risiko für Deutschland,,,,,,
Fahrradleuchten-Set,,,,,,
Max-Planck-Institut,,,,,,
Schlüsselqualitäten,,,,,,
Sutter,,,,,,
Tauerntunnel,,,,,,
Katschbergtunnel,,,,,,
Tauernautobahn,,,,,,
Mon…,,,,,,
Geisterbahn,,,,,,
Zuversicht,,,,,,
Wiesbaden …,,,,,,
Hochwasser-Warnung,,,,,,
Autobahn 2,,,,,,
Winter-Trainingslager,,,,,,
Gasschatz,,,,,,
Libanesen,,,,,,
Jerez de la Frontera,,,,,,
Jerez,,,,,,
Entspannung am Neckar,,,,,,
Technik-Supermarkt,,,,,,
Lahn-Dill-Kreis,,,,,,
Sauerlandes,,,,,,
Freitag …,,,,,,
Haus am besten,,,,,,
Eiskalte Menschenschieber,,,,,,
Salla,,,,,,
Schiffbrücke,,,,,,
niedersächsische Harz,,,,,,
Milben,,,,,,
Grusel-Stories,,,,,,
Möwensee-Grundschule,,,,,,
Innenräume,,,,,,
Kasbergs,,,,,,
Bun…,,,,,,
Nova am…,,,,,,
Stom- und Gaspreisbremse,,,,,,
Glatteis-Angst,,,,,,
Montagnachmittag,,,,,,
Dorfteich,,,,,,
Marburger Gericht,,,,,,
Hohe,,,,,,
Schneefallgrenze sinke,,,,,,
Kölner Museum Ludwig,,,,,,
Tanklaster,,,,,,
Haasenburg-Heim,,,,,,
Ta…,,,,,,
Land Schulungen,,,,,,
Gipfelgrusel,,,,,,
Halboffene Münder,,,,,,
Zermatt/Cervinia,,,,,,
Danzig,,,,,,
Literaturhaus Göttingen,,,,,,
Gazprom-Homestory,,,,,,
Landkreis Fürth,,,,,,
Landkreis Fürth“,,,,,,
Cadolzburg,,,,,,
Landkreis Fürth von der Straße,,,,,,
Türkis-Grün,,,,,,
Förderkriterien,,,,,,
Kurschus-Rücktritt,,,,,,
Zuckerkonsum von Kindern,,,,,,
Dubai geh,,,,,,
Land im Fernen Osten,,,,,,
Haasenburg,,,,,,
Museum Wilhelm Busch,,,,,,
Dschidda,,,,,,
Bürgergeld-Familien,,,,,,
Winterstörche,,,,,,
Ski-Zirkus,,,,,,
Langläufer sauer,,,,,,
Ski-Weltverband,,,,,,
Kohle-Strom,,,,,,
Kohle-Schalter,,,,,,
Spielplätzen,,,,,,
Winterruhe,,,,,,
Südda…,,,,,,
Heizungsregler,,,,,,
Heizkosten</li><li,,,,,,
Früchtetee,,,,,,
Flughafen Zürich,,,,,,
Glattalbahn,,,,,,
Flughafenautobahn,,,,,,
Pensionen,,,,,,
NRW gi…,,,,,,
"Not
",,,,,,
Königreich den roten Teppich,,,,,,
Islands,,,,,,
Naturschützer …,,,,,,
Lu…,,,,,,
Winterkälte,,,,,,
Start-ups Spielwende,,,,,,
Ausbaupläne,,,,,,
Munitions-Nachschub,,,,,,
B9,,,,,,
Ski-Stars,,,,,,
Sölden-Debatte,,,,,,
Königheim,,,,,,
"Pochers""-Podcast",,,,,,
Friolzheim,,,,,,
nichtöffen…,,,,,,
Sturmflut-Trümmern,,,,,,
Waabs,,,,,,
Benutzungsbe…,,,,,,
Zwei-Tore-Rückstand,,,,,,
Kessel,,,,,,
Heizkesseln,,,,,,
Lauflampen,,,,,,
Uhrzeiger,,,,,,
Gasnetzbetreiber Open Grid Europe,,,,,,
OGE,,,,,,
Hauptsaison,,,,,,
Landeskrisenstab,,,,,,
Katastrophensommer,,,,,,
Vlochos,,,,,,
Wärmespeichern,,,,,,
F.A.Z.-Tower,,,,,,
Inklusion,,,,,,
Regelschulen,,,,,,
Friedhof für Kinder“,,,,,,
Familienhand,,,,,,
Versmold,,,,,,
Frankfurter Römer,,,,,,
Eau de Toilette,,,,,,
Reisetipps,,,,,,
Asylsuchenden,,,,,,
Alteglofsheim,,,,,,
Rhein-Neckar-Kreis,,,,,,
Flussläufe Aa,,,,,,
Hem,,,,,,
Statussymbole,,,,,,
Youngcom,,,,,,
Stichtag,,,,,,
Sindelfingen Schüsse,,,,,,
Bundesstraße 19,,,,,,
heiz,,,,,,
Heiz,,,,,,
Biken im Winter,,,,,,
Wetter-Widget,,,,,,
Apple-Zentrale,,,,,,
Greenpeace-Protest,,,,,,
Wiederaufbaufonds,,,,,,
Aufbaufonds,,,,,,
Obdachlosigkeit,,,,,,
Brüssel…,,,,,,
Herbstgarderobe,,,,,,
pakistanisch-afghanischer Grenze,,,,,,
südasiatische Land,,,,,,
Hauptzufahrtsstraß…,,,,,,
Krankenkasse Barmer,,,,,,
Kuleba,,,,,,
Zeh,,,,,,
Notfalleinsatz,,,,,,
Bildungsplattform Fobizz,,,,,,
pakistanische Regierung,,,,,,
Regierungsangaben,,,,,,
Eschenburg,,,,,,
Dunklen,,,,,,
Kreis Hohenlohekreis,,,,,,
Wasserburg/Inn,,,,,,
Winterdienstes st…,,,,,,
Eingeschneit,,,,,,
IMAGO/Eibner,,,,,,
Sehmatal,,,,,,
Schnee-Fans,,,,,,
ha…,,,,,,
Bürgergeld-Plus,,,,,,
Bürgergeldes,,,,,,
schneeglatten Straße,,,,,,
Mönchengladbacher,,,,,,
DANIEL BISKUP,,,,,,
Nordost-Südwest-Gefälle,,,,,,
Krankenhauses Hall,,,,,,
Sozialversicherungen,,,,,,
Spielekonsolen,,,,,,
Melatonin-Produkten,,,,,,
Statistischen Bundesamtes im Jahr 2022,,,,,,
Bergwerk Potsdam,,,,,,
Teelichter,,,,,,
spiegelglatter Fahrbahn,,,,,,
Eisregen in Bayern,,,,,,
Sterne,,,,,,
Bedecktes Winterwetter,,,,,,
Schneefall e,,,,,,
Klimaexperten,,,,,,
Starke Gemeinschaft -,,,,,,
Schmimmel-Haus,,,,,,
Swindon,,,,,,
Duba…,,,,,,
Gegne…,,,,,,
Trapp,,,,,,
Schneebahn,,,,,,
Birgland,,,,,,
Landkreis Amberg-Sulzb…,,,,,,
Weißstörchen,,,,,,
Bahn-Probleme,,,,,,
Linke-Fraktion,,,,,,
Nittel,,,,,,
Saarburg…,,,,,,
Berliner Amateur-Fußball,,,,,,
Polizeipräsidiums Mittelhessen,,,,,,
Ägypt…,,,,,,
Adventskränze,,,,,,
Nymphenburg ver,,,,,,
Sparbremse,,,,,,
Endstation,,,,,,
Dach,,,,,,
Nichts los,,,,,,
Fernverkehrs,,,,,,
passé,,,,,,
Kriegsgebiet,,,,,,
Bundesstraße 20,,,,,,
Majorczyk,,,,,,
Samos,,,,,,
Landkreis Donau-Ries“,,,,,,
Tauwetter-Alarm,,,,,,
Aquaplaning ge…,,,,,,
Wolmirstedt,,,,,,
Bördekreis,,,,,,
Pegel Tylsen,,,,,,
Christbaumverkauf,,,,,,
Linie 2,,,,,,
HSV-Fans,,,,,,
Schnee-Sorgen,,,,,,
Waldenburg,,,,,,
Moskau/Kiew,,,,,,
Bahn,,,,,,
Gaby Dohm,,,,,,
Klima-Labor,,,,,,
Nikolaus-Tag,,,,,,
Universitätskrankenhaus Hamburg-Eppendorf,,,,,,
Straßenlampen,,,,,,
Polizeiautos,,,,,,
Landes Berlin,,,,,,
Fuhrpark …,,,,,,
Öst…,,,,,,
Z,,,,,,
Abhörskandal,,,,,,
Gurkenwasser,,,,,,
Nietzsche,,,,,,
Max,,,,,,
Meransen,,,,,,
Steinkohlekraftwerk Datteln,,,,,,
Dortmund-Ems-Kanal Foto,,,,,,
Pflanzenbasis essen,,,,,,
Niederschlagsband,,,,,,
Warnstreik,,,,,,
Geduldsprobe,,,,,,
Wetter-Messgeräte,,,,,,
Millionen-Dollar-Schecks,,,,,,
Gaskonzerne,,,,,,
Flugzeuges,,,,,,
Santiago,,,,,,
Du lagst,,,,,,
“ –,,,,,,
Berliner Baumschulenweg,,,,,,
Unfalls am Dien,,,,,,
Heilsbronn/Leipzig,,,,,,
Streufahrzeuge,,,,,,
Wintertrupp,,,,,,
Naturschutzbescheid,,,,,,
Land Oberösterreich,,,,,,
ADX,,,,,,
Öl-Deals,,,,,,
Schulkinder w…,,,,,,
Winter-Radeln,,,,,,
Spurrillen,,,,,,
Soßen,,,,,,
Kochbüchern,,,,,,
Vereinigten Ara­bischen Emiraten,,,,,,
Hamburger Flughafens,,,,,,
Montevideo,,,,,,
Land Schnee,,,,,,
Öl-,,,,,,
Blitz-Eis-Alarm,,,,,,
Alexanderplatz un…,,,,,,
Herthas Amateurstadion,,,,,,
Fußball-Zweitligist,,,,,,
Herthas Amate…,,,,,,
Social-Media-Mutprobe,,,,,,
Landkreis Schwäbisch Hall in Baden-…,,,,,,
Lagezentrums Dessau-Roßlau,,,,,,
Hannover-Göttingen,,,,,,
schneebedeckter Straße,,,,,,
Statistischen Bundesamtes in,,,,,,
bayerischen Alpenraum,,,,,,
wohliger,,,,,,
Schneehimmel,,,,,,
Lichtgeschossen,,,,,,
nor­wegischen Küste,,,,,,
Theater des Westens,,,,,,
annaav,,,,,,
Schnee-Spektakel,,,,,,
Oeversee,,,,,,
Hamburg/Neubrandenburg,,,,,,
Oberstdorf/Todtnau,,,,,,
Lachyoga,,,,,,
Feuerpause,,,,,,
Kohlesünder,,,,,,
Winterwetter in Nordrhein-Westfalen,,,,,,
Winter-Einbruchs,,,,,,
Kernkraftwerk Saporischschja 202,,,,,,
Lawine…,,,,,,
Flughafen Mün…,,,,,,
Asowschen Meer,,,,,,
Messe München,,,,,,
Heim+Handwerk,,,,,,
Defensivbereich,,,,,,
Stützmauer,,,,,,
Bahnhof Vaterstetten,,,,,,
Münchner S-Bahn,,,,,,
Münchener Arena,,,,,,
Ostpark,,,,,,
Schnee-Rekord,,,,,,
Ölfirmen,,,,,,
Muss Köln,,,,,,
Klassenerhalt,,,,,,
Solar-Pionier,,,,,,
Hegering,,,,,,
Beaver,,,,,,
Umbruchs,,,,,,
Thüringer W…,,,,,,
Oberstdorf/Todtnau Schneebedeckte Berge,,,,,,
Landkreisen Oberhavel,,,,,,
Ostprignitz-Ruppin,,,,,,
finnische Regierung,,,,,,
Autobahn 71,,,,,,
Po,,,,,,
Rapp,,,,,,
Kriegs-Hölle,,,,,,
Ampelmusen,,,,,,
Grünstreifen,,,,,,
Eurowings,,,,,,
Thüringer Wälder,,,,,,
Wutanfälle bei Kleinkindern,,,,,,
demnac…,,,,,,
Winterreise,,,,,,
Mühlheim,,,,,,
Flughafen stecken,,,,,,
Sportlern,,,,,,
Freitag Telefon- und Internetverbindungen,,,,,,
Raupe,,,,,,
DATENANALYSE,,,,,,
Longevity-Medizin,,,,,,
Kinderhospiz Magdeburg,,,,,,
best…,,,,,,
Straße …,,,,,,
Technischen…,,,,,,
Provinz Wallonien,,,,,,
… Es,,,,,,
Ruisseau des Quartes,,,,,,
Ourthe,,,,,,
Awo,,,,,,
Guide,,,,,,
bloomicon,,,,,,
adobe.stock.com,,,,,,
kommst du dem Boden,,,,,,
Uniper-Kraftwerk,,,,,,
Gelsenkirchen-Scholven,,,,,,
Gän…,,,,,,
Potenzial,,,,,,
Rhein-Hunsrück-Kreis,,,,,,
Tessiner,,,,,,
Unstrut-Hainich-Kreis …,,,,,,
Kampfmontur,,,,,,
Wartburgkreis,,,,,,
Schnemassen,,,,,,
Skifahrer am Riffelberg,,,,,,
Schüttgüter,,,,,,
Hochwasserwarnungen,,,,,,
Kaffeepreise,,,,,,
Reck…,,,,,,
Gruppenmisshandlungen,,,,,,
Messerstechereien,,,,,,
Belästigungen,,,,,,
Online-Portal Kleinanzeigen,,,,,,
Smoker,,,,,,
angegrillt,,,,,,
Bergson,,,,,,
Aubing,,,,,,
Seiser Alm,,,,,,
Bistum Münster,,,,,,
Vereinigten Staaten von Amerika,,,,,,
Halle/Erfurt,,,,,,
Landkreis Greiz,,,,,,
Alta,,,,,,
Eemshaven,,,,,,
Bürgergeld-Kosten,,,,,,
Uralfluss,,,,,,
Berlin/Moskau,,,,,,
Europäischen Gerichtshofs für Menschenrechte,,,,,,
Landkreis Ahrweiler,,,,,,
Grafschaft-Gelsdorf,,,,,,
Strand,,,,,,
Stechmücken,,,,,,
Altstadt vo…,,,,,,
Männlein,,,,,,
Weiblein,,,,,,
Reißwolf,,,,,,
Nanny,,,,,,
Al-Kuds-Brigaden,,,,,,
Nuchba-Truppen,,,,,,
Kassam-Brigaden,,,,,,
(53,,,,,,
Algarve,,,,,,
Braunschwei…,,,,,,
Nachrichtenportal The Pioneer,,,,,,
Gebiet Orenburg,,,,,,
Westsibiriens,,,,,,
Steinalm-Formation,,,,,,
Stadt Orsk,,,,,,
Ostbeauftragte Carsten Schneider,,,,,,
Monstertruck-Show,,,,,,
Blumen-Grüße,,,,,,
Hannover Hof,,,,,,
Zürs,,,,,,
Biathlonstand,,,,,,
Kindergartenkinder,,,,,,
Flusses U…,,,,,,
Wests…,,,,,,
Zeitenwänden,,,,,,
Meculane,,,,,,
Bezirk Oren…,,,,,,
Stubaier Alpen,,,,,,
Warnstufe orange,,,,,,
Temperat…,,,,,,
Hannover Messe,,,,,,
Caritasverbands Frankfurt am Main,,,,,,
Apokalyptische Ausmaße,,,,,,
Ural-Region,,,,,,
Leopoldina,,,,,,
Piemont,,,,,,
nan Norditalien,,,,,,
Davos/Innsbruck,,,,,,
Lastenfahrrädern,,,,,,
Zwei-Städte-Staat,,,,,,
Mährobotern,,,,,,
Ukraine-Update am Morgen,,,,,,
Dnipro-Staudamm,,,,,,
Kälteeinbruch am Wochenende,,,,,,
Land Temperaturen,,,,,,
Frühlingswetters,,,,,,
Ostertermin,,,,,,
Skicrosser Wilmsmann,,,,,,
Terhi Kokkonens Romandebüt,,,,,,
Cuernavaca,,,,,,
Leimbach,,,,,,
Hilchenbach-Lützel,,,,,,
Teterow,,,,,,
dara…,,,,,,
Kurilen-Insel,,,,,,
Blutbahn,,,,,,
Maryland,,,,,,
Wassergenossenschaft Rauris,,,,,,
Kernkraftwerks Saporischschja,,,,,,
Steinböcke,,,,,,
wichti,,,,,,
Livigno,,,,,,
Politikerantworten,,,,,,
Nahtoderlebnissen,,,,,,
Hemayat,,,,,,
Betreuungszentrum Hemayat,,,,,,
Alsergrund Gratis-Unterstützung,,,,,,
Gmunden,,,,,,
Menschen am Rhein,,,,,,
Chlorgas,,,,,,
Spaichingen,,,,,,
Stausee,,,,,,
Ober-Ramstadt,,,,,,
Wasserliesch,,,,,,
Fördermittel,,,,,,
US-Senator,,,,,,
Ryan,,,,,,
Treibhausgas,,,,,,
Wissenschaftlern,,,,,,
Wochenend-Podcast,,,,,,
Identitätsfragen,,,,,,
Wiga,,,,,,
Krisenlast der Welt,,,,,,
Schulkrimi,,,,,,
Sittendrama,,,,,,
Pfarren,,,,,,
Weltraumteleskop Hubble,,,,,,
Astronomie,,,,,,
Braunkohle-Blöcke,,,,,,
Kraftwerks Jänschwalde,,,,,,
"Rom
Stefano Sollima",,,,,,
Falmouth,,,,,,
Oster-Glück,,,,,,
gelben Villa,,,,,,
Kr…,,,,,,
Geburtsvorbereitungskurses…,,,,,,
Giengen an der Brenz,,,,,,
Dehoga-Landesverbände,,,,,,
Kohlekraftwerks-Blöcke,,,,,,
Metzingen,,,,,,
Immobilienkauf,,,,,,
Notariatskammer Steiermark,,,,,,
Cannabis,,,,,,
Energiepreise,,,,,,
Winterreifensaison,,,,,,
cog,,,,,,
A ,,,,,,
Lebensmittelüberwachungsdienst Bremen,,,,,,
Telko-Unternehmen,,,,,,
Nordstream,,,,,,
Gaspreis schlaga…,,,,,,
Moderatorin,,,,,,
Dunstabzugshaube rauscht,,,,,,
Key-Brücke,,,,,,
Autohersteller,,,,,,
Gammel-Fleisch,,,,,,
Ostpolen,,,,,,
Nordportal,,,,,,
Testpilot-Phase,,,,,,
ntv/RTL-Interview,,,,,,
U.a,,,,,,
Kohlekraftwerk Mehrum …,,,,,,
Schifffahrt,,,,,,
freiheitliche Staat,,,,,,
Delaware River,,,,,,
Stau am Gotthard,,,,,,
Hochwasser-Katastrophe am Ural,,,,,,
Meisdorf,,,,,,
Nichtregierungsorganisationen,,,,,,
Action-Filmen,,,,,,
Kop…,,,,,,
Rechnitz,,,,,,
St. Andrä am Zicksee,,,,,,
Weingraben,,,,,,
Wiener Rathausplatz,,,,,,
Pkw,,,,,,
Kutsche,,,,,,
B109,,,,,,
Fachkreisen,,,,,,
Tansanias,,,,,,
Kenia von Überflutungen,,,,,,
Sundern,,,,,,
Landkreises am Freitag,,,,,,
Klimaaktivisten,,,,,,
Landkreis Bamberg“,,,,,,
Notfall-Kommunikation,,,,,,
Zeit,,,,,,
Turn-Star,,,,,,
Oberlicht des Daches gestürzt -,,,,,,
Chaos-Hotel,,,,,,
Sonnenscheindauer,,,,,,
Hunsrück-Grundschule,,,,,,
Burundi,,,,,,
Großglockner Hochalpenstraße,,,,,,
Kaiser-Franz-Josefs-Höhe,,,,,,
Edelweiß-Spitze,,,,,,
Vollstand,,,,,,
Wochen-Bilanz,,,,,,
Sanktionsrunden,,,,,,
Rift Valley,,,,,,
Klimaziel-Pfad,,,,,,
Kongreßbad,,,,,,
Wiener Bad,,,,,,
Berliner Lokal,,,,,,
Alter vo…,,,,,,
Trentino,,,,,,
Hochwasserschutzanlage an der Werra,,,,,,
Treffens,,,,,,
Industrienationen,,,,,,
Shein,,,,,,
Ostafrikas,,,,,,
Tansania,,,,,,
Energiekosten-Anteil am Einkommen,,,,,,
Unterrichtsende,,,,,,
Straßberg,,,,,,
Tafelspitz,,,,,,
Thunersees,,,,,,
Kanton Zürich,,,,,,
Angriffsziel,,,,,,
Bündner Ferreratal,,,,,,
Val Ferrera,,,,,,
Boulderern,,,,,,
Dorfbewohnern,,,,,,
Klimapolit…,,,,,,
Le…,,,,,,
Sachalin,,,,,,
Köpenicker,,,,,,
Wissens,,,,,,
Großkrotzenburg,,,,,,
Neuer Tarif,,,,,,
Tagesstätten,,,,,,
Betreuungsquote,,,,,,
Innsbrucker Kommunalbetriebe,,,,,,
Innsbrucker Innenstadt,,,,,,
Leidensdruck,,,,,,
Hohe Heizkosten-Nachforderungen,,,,,,
Snacks,,,,,,
Gemeine Mahonie,,,,,,
High-Protein-Snack,,,,,,
Vergle…,,,,,,
Tuchmaske,,,,,,
Bewusstlosigkeit,,,,,,
Berlin-Kreuzb…,,,,,,
pro Tag,,,,,,
Terzic,,,,,,
St. Germain Einblicke,,,,,,
Bundespolizei,,,,,,
Winter-Sturmfluten,,,,,,
Dernau im Ahrtal,,,,,,
Climeworks,,,,,,
Wohnungsunternehmens,,,,,,
Wohnungsunternehmens konfrontier,,,,,,
Grill-Unfall,,,,,,
Sparkurs,,,,,,
Feldkirchen,,,,,,
Spontanhilfe,,,,,,
Kinderschutzfällen,,,,,,
Speicher-Techniken,,,,,,
Varel,,,,,,
Kohlenmonoxid,,,,,,
Kohlenmonoxid-Austritt,,,,,,
Jülich,,,,,,
(41),,,,,,
f&uuml;r,,,,,,
Ozean,,,,,,
Verhütungsmethoden,,,,,,
Füllkrug-Kohle,,,,,,
Talsperren,,,,,,
Sumava,,,,,,
Dreitages-Woche,,,,,,
Rudolph,,,,,,
Krems-Donau-Kamp,,,,,,
Kremsfluss,,,,,,
Hochwasserschutzdammes,,,,,,
Kamp,,,,,,
Sachsen Pause,,,,,,
Bäche,,,,,,
Eschwege,,,,,,
Tagen für Winter,,,,,,
Erzgebirge…,,,,,,
Graupelschauer,,,,,,
Recklinghausen/Köln,,,,,,
Brainergy Parks,,,,,,
Industriepark Schwarze Pumpe,,,,,,
Rheinischen Braunkohle-Revier,,,,,,
südrussische Stadt,,,,,,
Borgentreich,,,,,,
Natur/Wirst du,,,,,,
Neujahrshochwasser,,,,,,
Kurgan/Orenburg,,,,,,
Technik für altes Gebäude -,,,,,,
Grundstücke üb…,,,,,,
Gebirge Massen,,,,,,
schmelzendem Eis,,,,,,
Bad Königshofen,,,,,,
Landkreis R…,,,,,,
Uralregion,,,,,,
Langenpreising,,,,,,
heißer,,,,,,
Blitzer-Kohle,,,,,,
Speed-Week,,,,,,
Strafgeldern,,,,,,
Standby-Betrieb,,,,,,
LNG-Pipeline,,,,,,
Theresienwiese,,,,,,
Temperaturstürze,,,,,,
Deuschlands,,,,,,
Kryptogeld,,,,,,
Sommer-Comeback,,,,,,
Königsklassen-Transfers,,,,,,
Einzel-Wettbewerben,,,,,,
US-Gesetz,,,,,,
Amon-Ra St. Brown,,,,,,
Ühlingen-Birkendorf,,,,,,
Misskredit,,,,,,
Deals,,,,,,
Chrupalla,,,,,,
Russen-Kohle,,,,,,
China-Spionage,,,,,,
klebrige Diktatoren-Nähe,,,,,,
Niedersachsens verm…,,,,,,
Heimatthriller,,,,,,
Krematorien,,,,,,
Landkreis Aurich,,,,,,
Wim Hof,,,,,,
Eistonne,,,,,,
Baggersee,,,,,,
Zick-Zack-April,,,,,,
Saxon,,,,,,
Obstanbau,,,,,,
Statistische Landesamt am Monta…,,,,,,
NRW-Autobahnen,,,,,,
Glätte-Unfällen,,,,,,
Provinz Guangdong,,,,,,
angeschwollener,,,,,,
Sternenkinder,,,,,,
Schlepptau,,,,,,
Amtsgericht Rüsselsheim,,,,,,
Berliner Bezirken,,,,,,
Bußgelder,,,,,,
T…,,,,,,
Bafin,,,,,,
Fakten-Problemen,,,,,,
Hermès,,,,,,
Kettenpflicht,,,,,,
Lesachtal,,,,,,
Schnee-Hotspot,,,,,,
karnischen Alpen,,,,,,
Hinteren Ötztal,,,,,,
Aktivistinnen,,,,,,
Arolla,,,,,,
Henan,,,,,,
Dresden/Magdeburg/Erfurt,,,,,,
Schuld,,,,,,
Laichgewässern,,,,,,
Wiesbaden-Schierstein,,,,,,
Blierweg,,,,,,
Fitnessziele,,,,,,
Spaziergang,,,,,,
Badeschloss,,,,,,
Schneebänder,,,,,,
Kunstschnee-Bändern,,,,,,
Laterns-Gapfohl,,,,,,
Hambur…,,,,,,
au…,,,,,,
Niederaula ger…,,,,,,
Sundhausen,,,,,,
Wiesbaden/Offenbach,,,,,,
Scheitel,,,,,,
Altersklassen,,,,,,
Vormarsch,,,,,,
Ökostrom-Rekord,,,,,,
Kreis Fulda,,,,,,
Vesuv,,,,,,
afrikanischen Land,,,,,,
Nevada State Prison,,,,,,
Sattelschlepper,,,,,,
katalanische Regierung,,,,,,
Geisel-Deal,,,,,,
Berliner Winter,,,,,,
Föhnsturm,,,,,,
Schlitteln,,,,,,
Thai-Lokal,,,,,,
JAKO-O,,,,,,
Posthausen,,,,,,
Oyten,,,,,,
Sattelzuges,,,,,,
Edamame-Topping,,,,,,
Gusto,,,,,,
Russl…,,,,,,
Sicherheitsreserve,,,,,,
(23,,,,,,
(44,,,,,,
Gewinnspur,,,,,,
straßengenau,,,,,,
Pflegeheime,,,,,,
Familiennachzug,,,,,,
nützen Betrugsbanden,,,,,,
Landesbetrieb für Hochwasserschutz,,,,,,
Hotel de Rome,,,,,,
Kiras Café,,,,,,
Kaiser-Friedrich-Straße 11,,,,,,
Hochwasserlagen,,,,,,
Satellitentechnik,,,,,,
Hochwasserlagen zuverläs…,,,,,,
Lichtblick,,,,,,
Packstation,,,,,,
Rewe-Markt,,,,,,
Spanische Treppe,,,,,,
Hopf,,,,,,
Heizungsmarkt,,,,,,
Fluss-Pegel,,,,,,
Hohe Pegelstände,,,,,,
Fuhse,,,,,,
Niedersächsischen Land…,,,,,,
Nebenkosten-Nachforderungen,,,,,,
Blackout-Vorsorgefirma,,,,,,
Krisen-Vorsorgezentrum,,,,,,
LHW,,,,,,
Hanse Sail,,,,,,
Ausländern,,,,,,
Ohr,,,,,,
Klimaschutzziele,,,,,,
Böllerexplosion,,,,,,
Bundesligaspiel,,,,,,
US-Reisewarnung,,,,,,
Kreuzfahrt-Stopp,,,,,,
Platz für Wasser,,,,,,
Sachsen Hochwasser,,,,,,
Suppe,,,,,,
Karnevalauftakt,,,,,,
Ost-Libyen,,,,,,
menschenunwürd…,,,,,,
Lagune,,,,,,
Goya-Filmpreise,,,,,,
Kohle-Druck,,,,,,
Elbpegelstand,,,,,,
Warendorfer,,,,,,
Amsterdam ru…,,,,,,
Schöffengericht in …,,,,,,
Courtauld Gallery,,,,,,
Januarsonne,,,,,,
Alleghe,,,,,,
Kita-Notstand,,,,,,
Radio-Mikrofon,,,,,,
Abhängigkeiten,,,,,,
Teuchert-Transfer,,,,,,
Billig-Schlafsäcken,,,,,,
Gewehren,,,,,,
Jahr lohnt,,,,,,
Schulklasse,,,,,,
Eon-Chef,,,,,,
ostfriesischen Küste,,,,,,
Katastrophen-Warnungen,,,,,,
Adoptionsrechtsstreit,,,,,,
Ekel-Asylheim,,,,,,
Kakerlaken,,,,,,
Schulden-Ärger,,,,,,
Feuerwehreinsätze,,,,,,
Schimmel-Brötchen,,,,,,
erreic…,,,,,,
Ingersheim,,,,,,
Mieterinnen,,,,,,
Ski-Karriere,,,,,,
Stadt Bayreuth,,,,,,
Bayreuths Rathaus,,,,,,
Influenza-Aktivität,,,,,,
Südlage,,,,,,
Hexenrittlift am Wurmberg,,,,,,
Oregon,,,,,,
Eisschwimmen,,,,,,
deichnahen,,,,,,
Naturschutzkögen,,,,,,
Gemeinde Dernau,,,,,,
Kulturhauptstadt,,,,,,
Winterfrische,,,,,,
Äquator,,,,,,
Tennesse,,,,,,
Versorger,,,,,,
Dschungel-Show,,,,,,
Polizei Konstanz,,,,,,
Brunn an der Wild,,,,,,
glatten Straße,,,,,,
Dienstag al…,,,,,,
Landessicherheitszentrale,,,,,,
Pamiers,,,,,,
Bremen-Borgfelds,,,,,,
Grauen,,,,,,
Naturschutzbunds Deutschland,,,,,,
Skifahrens,,,,,,
Lilienfeld,,,,,,
Kelberg,,,,,,
Schlackenregens,,,,,,
Klassenzimmer,,,,,,
Dino,,,,,,
Mitsis,,,,,,
sächsischen Mittelgebirge,,,,,,
Heißwasser-Leck,,,,,,
Horror-Rechnung,,,,,,
Neheimer Str.,,,,,,
Gasflasche,,,,,,
Russland-Wahl,,,,,,
Nadeschdin,,,,,,
Familientisch,,,,,,
Jeans,,,,,,
Gemütlichhoodie,,,,,,
Kinder-Urin,,,,,,
Urinproben,,,,,,
Großen von morgen,,,,,,
Ilsenhöhle,,,,,,
Schneespalte,,,,,,
Burton,,,,,,
geni…,,,,,,
Autobahn 20,,,,,,
Glas-Imperium,,,,,,
Marsberg,,,,,,
Glas-Hersteller,,,,,,
Missuri,,,,,,
Gasnetzbetreiber Gascade,,,,,,
Greifswalder,,,,,,
Khan Yunis,,,,,,
Shanghaimit,,,,,,
"Potsdam
",,,,,,
Nordkarelien,,,,,,
Thüringer Gesundheitsministerium,,,,,,
Stadt Oldenburg,,,,,,
Oldenburg/Sangerhausen,,,,,,
Heizkosten-Nachzahlungen,,,,,,
Gondel,,,,,,
Niedersachen,,,,,,
Nablus,,,,,,
Hamas-Kämpfer,,,,,,
Tal hinunterfährt,,,,,,
Seniorenheime,,,,,,
Val d’Hérens,,,,,,
Alpenrand s… Regenschauer,,,,,,
Stubaier,,,,,,
Ötztaler Alpen,,,,,,
Kinderschuhen,,,,,,
Turbo-Winter,,,,,,
Black Outs,,,,,,
Erdkabeln,,,,,,
Landes Vorsicht,,,,,,
Südwestens noch…,,,,,,
Nachwehen,,,,,,
Telepolis-Winter-Interview,,,,,,
Falkensteiner,,,,,,
Familientisch Gabeln,,,,,,
Star-Designer,,,,,,
Luxuslabels,,,,,,
Skiarena Silbersattel,,,,,,
Winterwelt Schmiedefeld,,,,,,
Amtsgericht Meini…,,,,,,
Tesla-Produktion,,,,,,
US-Elektroautobauer,,,,,,
Wipptal,,,,,,
Süderholz,,,,,,
Psychotherapien,,,,,,
Herr Meyer-Burckhardt,,,,,,
Stier,,,,,,
700ste Gang zur Toilette,,,,,,
Rekord-Sturmfluten,,,,,,
H2-ready-Kraftwerken,,,,,,
Clu…,,,,,,
Amtsgericht Frankfurt,,,,,,
Hochwasser-Helfer,,,,,,
Habeck-Ministerium,,,,,,
Sierra-Nevada-Gebirge,,,,,,
US-Bundesstaats Kalifornien,,,,,,
Dreiländereck,,,,,,
Karawanken,,,,,,
Darmstädter Böllenfalltor,,,,,,
Abrissarbeiten,,,,,,
Calw,,,,,,
Hosen,,,,,,
Liftpass,,,,,,
Schlaglöchern,,,,,,
Frühlings-Horoskop,,,,,,
Gas-Markt,,,,,,
Alpbach,,,,,,
Online-Portale,,,,,,
Iwan,,,,,,
Southafrica meets Kärnten,,,,,,
Stadt Klagenfurt,,,,,,
Ohje,,,,,,
tre…,,,,,,
Höhle vor Schneesturm,,,,,,
Gebiet des …,,,,,,
Ziegelstein,,,,,,
Bad Kleinen,,,,,,
Sansibar,,,,,,
Wasserstoff,,,,,,
Leichentüchern,,,,,,
Humber-Ästuar,,,,,,
Flint,,,,,,
Finanztest,,,,,,
Bonner Amt,,,,,,
Hausflur,,,,,,
Kitaplatz,,,,,,
Impfpflicht,,,,,,
Lesungen,,,,,,
Schwingende Röcke,,,,,,
Täterinnen,,,,,,
St. Oswald,,,,,,
Chandolin,,,,,,
Holzhäuser,,,,,,
Dä…,,,,,,
Hitzerekord,,,,,,
Wernberg-Köblitz,,,,,,
Steigeisen,,,,,,
TV-Tipp,,,,,,
Karriere-Aus,,,,,,
Stadt Kuriga,,,,,,
Nordnigeria,,,,,,
Land Nigeria,,,,,,
Hamburg-Mannheimer,,,,,,
Casting-Quarantäne,,,,,,
Model-Kader,,,,,,
Pandemie-Aufarbeitung,,,,,,
Hauptbahnhof Hagen,,,,,,
Hagener Hauptbahnhof,,,,,,
Thüringer Theater,,,,,,
Lob,,,,,,
Schulbeginn,,,,,,
Sicherheitslücke,,,,,,
Haus für Anwohner“,,,,,,
Haus für Anwohner,,,,,,
Tula,,,,,,
Berg runterrasen,,,,,,
Hotel Alpenblick,,,,,,
Niedersächsi…,,,,,,
Amtsgericht Pirmasens,,,,,,
Marl,,,,,,
Chemiepark,,,,,,
Zeche…,,,,,,
ingesamt,,,,,,
Forstgipfel,,,,,,
Düsseldorfer Staatskanzlei,,,,,,
frühlingsfit,,,,,,
Auto Mexiko,,,,,,
vo…,,,,,,
Kassenlage fes…,,,,,,
Rammstein,,,,,,
Mailänder,,,,,,
Bavaria-Studios,,,,,,
Rosenheim-Cops,,,,,,
Touristendorf,,,,,,
Schalttag,,,,,,
Ostrau,,,,,,
Erde weiterschwelen,,,,,,
Wirtschaftskrimi,,,,,,
Lenzerheide,,,,,,
Zuwachs,,,,,,
Pfannkuchen,,,,,,
Eylauer Straße,,,,,,
Klima-Zusammenbruchs,,,,,,
Landhaus in Bregenz,,,,,,
Kernkraftwerks Mühleberg,,,,,,
Silbersee,,,,,,
Fachhochschule,,,,,,
Ossiacher Seebach,,,,,,
Landskron,,,,,,
Technologiepark,,,,,,
Lübbenau im Spreewald,,,,,,
Egos,,,,,,
Bergrestaurants,,,,,,
Pischa,,,,,,
BASF-Finanzchef,,,,,,
Nove Mesto am …,,,,,,
Tschiertschen,,,,,,
Snowdonia-Nationalpark,,,,,,
Irische See,,,,,,
Isle of Man,,,,,,
Gendermainstreaming,,,,,,
Bennungen,,,,,,
Kinderschutz,,,,,,
Teuer-Erdgas,,,,,,
Standesämter,,,,,,
Ja-Wort,,,,,,
Niederzeuzheim,,,,,,
Serra de T…,,,,,,
Wasserstoff-Zukunft,,,,,,
Unterschleuse,,,,,,
Berliner Tiergarten,,,,,,
Un­ternehmen Wintershall,,,,,,
Marxloh,,,,,,
Faksimile-Millionenbetrug,,,,,,
Zusammenstoß von Auto,,,,,,
Regenrekord,,,,,,
Kindergesundheit,,,,,,
Werkstattgebäude,,,,,,
Elcom-Präsident,,,,,,
Ökostrom-Ziel,,,,,,
Insel Usedom,,,,,,
weiterverrechnet,,,,,,
Hadamar-Niederzeuzheim,,,,,,
Ibuprofen,,,,,,
Staatliche Amt,,,,,,
Kriegsfront,,,,,,
UN-Kinderhilfswerks UNICEF,,,,,,
Pirnaer,,,,,,
Winterb…,,,,,,
Hemberg,,,,,,
Thermondo,,,,,,
Gesundheitsministeriums,,,,,,
Paracetamol,,,,,,
Thees,,,,,,
Ahrntal,,,,,,
CO2-Lager,,,,,,
Klimaforscher Edenhofer,,,,,,
Lehrkräften,,,,,,
Theater Ost,,,,,,
Theater Ost an …,,,,,,
Bundesgesundheitsministeriums,,,,,,
Bauernhof,,,,,,
Krummhörn-Rysum,,,,,,
