topic,sentiment_mean,sentiment_std,subjectivity_mean,subjectivity_std,counting
Energie,0.007218711553234806,0.9564607224022552,-0.030230342999868584,0.9843913433942122,6487.0
Gesundheit,-0.09275208755526723,1.1036431665132824,0.018355416573261223,1.0219535131323738,6669.0
Politik,0.09614497746375991,0.9375595555563636,0.11558097440341089,1.067016685281678,2053.0
Winter,0.035346495987570004,0.9554706620229337,-0.015319382748953553,0.9721717236986545,10667.0
