topic,sentiment_mean,sentiment_std,subjectivity_mean,subjectivity_std,counting
Energie,0.049874451460270475,0.9666744098364206,-0.0638234116690624,0.944308956960824,1462.0
Gesundheit,-0.158346838788416,1.022366800257678,0.08562509457649962,1.028233040456474,211.0
Politik,0.012444945283122016,0.9223775705140947,0.21112016664575758,1.060084257883561,320.0
Winter,-0.0453928381906575,1.0119449749699536,0.005630784782162256,0.9882258697135168,939.0
