topic,sentiment_mean,sentiment_std,subjectivity_mean,subjectivity_std,counting
Energie,0.009480238927294642,0.9542606991507946,-0.029977756183545524,0.9831482845707176,6373.0
Gesundheit,-0.0933527826943094,1.1050661353580715,0.016287030865159438,1.021534699222856,6545.0
Politik,0.09257737092759193,0.9400561024275099,0.11858040751853982,1.070771401968363,2007.0
Winter,0.03457131758885417,0.9559400966059244,-0.014484990977109386,0.9727428803554723,10609.0
