topic,sentiment_mean,sentiment_std,subjectivity_mean,subjectivity_std,counting
Energie,0.010182234044616918,0.955414057078167,-0.029319811283590014,0.9839250459542705,6407.0
Gesundheit,-0.09410998173275273,1.1047805946787574,0.01754340613934774,1.0217194500267381,6579.0
Politik,0.09216497052342991,0.9394997011621741,0.11489119314717744,1.0683257888177327,2032.0
Winter,0.034593387013263206,0.9554268608683326,-0.015163010157363111,0.9725295158969484,10631.0
