topic,sentiment_mean,sentiment_std,subjectivity_mean,subjectivity_std,counting
Energie,0.0032936412261904257,0.9583766509142998,-0.030068927352184,0.9697474033955259,636.0
Gesundheit,-0.12265561425730391,1.0453109714024365,0.059422480763578985,1.020624896695988,97.0
Politik,0.03171987696369496,0.8904312453716188,0.20542056843393863,1.0592108687344388,156.0
Winter,0.01635574803989441,1.0104965105020065,-0.045998774636905146,0.9142290437247214,346.0
