topic,sentiment_mean,sentiment_std,subjectivity_mean,subjectivity_std,counting
Energie,0.008332627223257043,0.95528037652595,-0.028999667785613577,0.9852913750985328,6463.0
Gesundheit,-0.09394792882225668,1.10451199342669,0.01700245245770861,1.0206988742922025,6635.0
Politik,0.09466931225572074,0.937255026194035,0.11446503588617056,1.066741656103739,2047.0
Winter,0.03557329523082672,0.9556814583565112,-0.014990829561005429,0.9725755219401706,10637.0
