topic,sentiment_mean,sentiment_std,subjectivity_mean,subjectivity_std,counting
Energie,0.007635641753984154,0.9537843973247434,-0.030904923639225812,0.9808683472113211,6242.0
Gesundheit,-0.09378674882907591,1.107385308988705,0.017440136707819,1.023264167399571,6361.0
Politik,0.09544408511982116,0.9370837681621625,0.12611267262715928,1.0777131544099916,1952.0
Winter,0.03455243101894557,0.956060317529279,-0.015563792023775766,0.9718378615636691,10552.0
