day,sentiment_mean,sentiment_std,subjectivity_mean,subjectivity_std,counting
000-00-00,0.0,0.0,0.0,0.0,18.0
2022-01-28,1.1078916377065684,1.0,-0.6007708449739405,1.0,1.0
2022-02-01,0.3262795520561285,1.0,-0.3222864788612915,1.0,1.0
2022-02-02,-0.2306005229349392,1.0,-0.5792168813045042,1.0,1.0
2022-02-06,-0.12252727964025117,1.0,-0.6007708449739405,1.0,1.0
2022-02-22,-0.12252727964025117,1.0,-0.6007708449739405,1.0,1.0
2022-03-11,0.9321175066570229,1.0,-0.6007708449739405,1.0,1.0
2022-03-12,0.7900382350358484,1.0,-0.724568837309472,1.0,1.0
2022-03-28,-0.398306651078561,1.0,-0.4201008058596034,1.0,1.0
2022-04-19,-1.0638491248200324,1.0,-0.5,1.0,1.0
2022-04-29,1.2180301574026455,1.0,-0.5,1.0,1.0
2022-05-01,-0.7319824161259199,1.0,-0.3222864788612915,1.0,1.0
2022-05-05,-0.4125133714956501,1.0,-0.9664093980354341,1.0,1.0
2022-05-25,0.35461637494001075,1.0,1.5,1.0,1.0
2022-05-27,0.6620403089761847,1.0,-0.7565477150224031,1.0,1.0
2022-06-15,-0.3535533905932738,1.0,,1.0,1.0
2022-06-17,-1.6888507728006064,1.0,,1.0,1.0
2022-06-19,0.6620403089761847,1.0,-0.7565477150224031,1.0,1.0
2022-06-22,-0.2320599370426689,1.0,-0.7565477150224031,1.0,1.0
2022-06-24,0.2569312284719176,0.5729107558896286,-0.659189743040369,0.13768496438213257,2.0
2022-06-28,-0.5087974075226241,1.0,-0.5,1.0,1.0
2022-06-29,0.3262795520561285,1.0,-0.3222864788612915,1.0,1.0
2022-07-01,0.6266888005550032,1.0,-0.5425430428781288,1.0,1.0
2022-07-03,-0.2320599370426689,1.0,-0.7565477150224031,1.0,1.0
2022-07-04,-0.9442603214000107,0.5255087020984424,-0.5394170969418474,0.3070690648959748,2.0
2022-07-06,0.26178779925920925,1.0,2.3687940197648776,1.0,1.0
2022-07-07,-0.2320599370426689,1.0,-0.7565477150224031,1.0,1.0
2022-07-08,-1.4573766425896537,0.9011641799598731,0.1690228704259281,0.9804089809527246,4.0
2022-07-09,-1.1771720659375253,1.0,0.7513659778908973,1.0,1.0
2022-07-10,0.4673943302725781,1.3878602578148276,-0.4947839891005284,0.24221858576371494,3.0
2022-07-12,-0.6850258191903181,0.6405904938254987,-0.6694758964938907,0.12313814666351121,2.0
2022-07-13,-0.2576703128974549,1.2251369961154388,-0.449457563430006,0.37101495050235467,4.0
2022-07-17,1.8361899509212876,1.0,-0.5824040779653783,1.0,1.0
2022-07-19,0.6620403089761847,1.0,-0.7565477150224031,1.0,1.0
2022-07-21,-0.7255862875809839,0.1911908442463274,-0.5506127476323159,0.07093426152335548,2.0
2022-07-24,-0.6097424486062658,0.5341237301243722,-0.5394170969418474,0.3070690648959748,2.0
2022-07-25,-0.733035470170392,0.87668615732471,0.832347993494106,2.026736097853888,2.0
2022-07-26,-0.2320599370426689,1.0,-0.7565477150224031,1.0,1.0
2022-07-28,0.14491830540709075,0.25648353469996127,1.5043940575302206,2.9511782251527636,2.0
2022-07-31,0.37134168078499985,1.0,-0.532615691858668,1.0,1.0
2022-08-01,-0.556849886943185,0.552236603160999,-0.5394170969418474,0.3070690648959748,2.0
2022-08-02,0.0,1.0,0.0,1.0,1.0
2022-08-03,-0.2320599370426689,1.0,-0.7565477150224031,1.0,1.0
2022-08-10,-0.32916913569836126,1.1488921010028503,-0.659189743040369,0.13768496438213257,2.0
2022-08-11,0.6993686073073015,1.0,0.7778643264256303,1.0,1.0
2022-08-14,-0.3190315859682738,0.4247833630900407,-0.5918173365713136,0.01630424217026504,3.0
2022-08-22,-0.7064850508017813,1.0,0.5080839725910358,1.0,1.0
2022-08-23,0.403959191790006,0.8994668779238897,-0.6835957844027938,0.10316960968355263,2.0
2022-08-24,-0.10570663142865845,1.0,1.5872918307945412,1.0,1.0
2022-08-25,1.1602691907216578,1.0,-0.6868956652928222,1.0,1.0
2022-08-29,1.6399840642821197,1.0,-0.3222864788612915,1.0,1.0
2022-08-31,0.3262795520561285,1.0,-0.3222864788612915,1.0,1.0
2022-09-01,0.6620403089761847,1.0,-0.7565477150224031,1.0,1.0
2022-09-02,-1.153517520364078,1.0,0.7463978911260785,1.0,1.0
2022-09-05,-0.17948476443350683,1.5197074590008703,-0.5526836917293997,0.21834310824895645,3.0
2022-09-07,-1.0753331525600172,1.0,-0.5618317710583348,1.0,1.0
2022-09-09,-1.1820536517418083,1.0,-0.5824040779653783,1.0,1.0
2022-09-10,-0.7365577450489553,0.27994237574165093,0.08062568350663618,1.0854391008830848,2.0
2022-09-12,1.4757710002538706,1.0,-0.3222864788612915,1.0,1.0
2022-09-14,-0.8232118961416138,1.0,-0.3222864788612915,1.0,1.0
2022-09-15,-2.1349392103059235,1.0,-0.5618317710583348,1.0,1.0
2022-09-19,0.19751963504674697,0.6075172569672826,-0.4646803262657445,0.4127628195940872,2.0
2022-09-20,-1.2758033811440144,0.6658355031108875,-0.6153600134361266,0.006669656943507567,2.0
2022-09-21,-0.8232118961416138,1.0,-0.3222864788612915,1.0,1.0
2022-09-22,-0.24051166353727793,1.2578166128505632,-0.4834340911509135,0.2073218008199549,4.0
2022-09-23,-0.07855282922264031,1.0,-0.49487942824576736,1.0,1.0
2022-09-25,0.24690151328132226,0.4716725394300988,-0.6346498716291002,0.0738867099761819,2.0
2022-09-26,-0.23831607749827577,1.2812016579056003,-0.2622830653318898,0.668770090248137,5.0
2022-09-27,0.0494818084137577,0.8234750404444415,0.690845108290924,1.3853037141964069,9.0
2022-09-28,-0.4738974264408656,1.3524295548716625,-0.4329948902027315,0.6752321118136729,11.0
2022-09-29,0.11173803744421942,0.8033989677744636,-0.1687386811889503,0.713181219589128,18.0
2022-09-30,-0.09866588827506649,0.5974365446745966,-0.34982333251289605,0.6014123250015455,11.0
2022-10-01,0.20519489310852884,0.8094972705668766,0.3541189972062375,1.3714051525452922,8.0
2022-10-02,1.2000178565134694,0.8129005982858141,0.14350679589853604,0.9317981589444984,5.0
2022-10-03,-0.345912495459578,0.5257217348036901,-0.31715825260249336,0.390653922837775,7.0
2022-10-04,0.20267105154125986,0.8727058104737058,-0.3489876517352604,0.7522656673816734,9.0
2022-10-05,-0.378024691951438,0.7846860412893482,0.5993744628759149,1.8061623521440688,10.0
2022-10-06,0.37952398431699186,0.9330198987651315,0.6625861627967741,1.1398020998565133,14.0
2022-10-07,0.2562355857825903,0.7454509233237308,-0.3424152742350747,0.5515758740441706,20.0
2022-10-08,-0.46619811543362905,0.9523751415584134,0.32279182108463617,1.1777681736697576,7.0
2022-10-09,0.521282256042994,1.0860396614779249,0.0447227542738194,0.8738938261591529,8.0
2022-10-10,0.2182606346917745,1.137785035890946,-0.1758125027960522,1.003156369062673,35.0
2022-10-11,0.08387924847685463,0.9481156857751852,-0.27203688562093487,0.8141047023301401,22.0
2022-10-12,0.12077534642278107,0.8484801481340247,-0.022668830977208003,1.1036315480094592,30.0
2022-10-13,0.5317571059325781,1.207867343221598,0.031812686012862454,1.1093479412682563,36.0
2022-10-14,-0.19782596716888745,0.852931336870855,0.07020131331678081,1.277047769320702,16.0
2022-10-15,0.07958768320128244,0.6399380649039377,0.4613783919335688,1.5852146242892928,9.0
2022-10-16,-0.12267030310159863,1.104721552125826,0.18561621391321445,1.1789714006377052,13.0
2022-10-17,-0.2953743376954407,0.8338809663629557,0.27900446579959304,1.2389850706409296,21.0
2022-10-18,0.019779508075860264,1.080723673390808,0.500038108930219,1.1836207798141312,26.0
2022-10-19,0.18547439208628289,1.0731788182022197,0.34738499572621795,1.1097263370125163,33.0
2022-10-20,0.05356983545070709,0.9558118561708521,-0.25332726173855014,0.6617266104315731,33.0
2022-10-21,0.15778739459495253,1.039756230826865,-0.3410751905933186,0.5353918584493293,50.0
2022-10-22,-0.07028184902599786,0.7227208945656906,-0.2228054821912262,0.5335950675195543,20.0
2022-10-23,0.20858817289031492,0.7825826485907446,-0.0254054488545171,1.123288233755448,11.0
2022-10-24,-0.003161464660215368,0.9130022244996169,0.17385946648509004,1.139322130489936,28.0
2022-10-25,0.1910811221399031,0.8429708717580546,0.15061098517907553,1.2446524064950182,39.0
2022-10-26,-0.04114771042547576,0.8808515624978538,0.43097255361301584,1.4676043056907508,27.0
2022-10-27,0.15681129025553392,0.7659836898633989,0.010093953214098299,1.0211990384154412,28.0
2022-10-28,0.14519556223433847,0.992500256530416,-0.3358865725117734,0.46354626225295625,19.0
2022-10-29,-0.1921644626739247,0.7400585947587398,0.1338613065624855,1.079508498483544,25.0
2022-10-30,-0.21579774846496,1.0525018935554953,-0.0770327226441382,0.8140380598468463,18.0
2022-10-31,0.14668454148627452,0.7424821475166171,0.04417743572721649,1.0731304487278237,36.0
2022-11-01,0.15827913885441433,0.846095060573609,-0.19649223033852067,0.8355023233231524,25.0
2022-11-02,0.19435990116603083,1.0413823997455947,-0.006394436929155337,1.0982132333447006,41.0
2022-11-03,-0.02801979515999417,1.0808088766980968,0.14907983653224408,0.9662307357203714,32.0
2022-11-04,0.21155685139258296,1.0878128270655838,-0.039534998035418364,0.9512140076325746,30.0
2022-11-05,-0.04090085133405781,0.4938277300942868,0.4311435643079438,1.5063635456626516,23.0
2022-11-06,-0.03405143001313974,1.0300803309662736,0.24732701706203872,1.0306922116394066,23.0
2022-11-07,0.25969912824535113,1.017168670479294,0.45055481200065756,1.2919908726164249,35.0
2022-11-08,-0.13221617054794216,0.9079112966810418,-0.13880448157898673,0.9799588269918876,27.0
2022-11-09,-0.2049530646906325,0.8880612409323462,0.2117564686081771,1.1428773124658522,32.0
2022-11-10,0.18384956979573977,1.1511549811873332,-0.045251249222113106,1.0824324173715352,41.0
2022-11-11,-0.011423394079337039,0.790641185868735,0.14992874640750276,0.9447910182002022,34.0
2022-11-12,-0.06917963037410783,0.8479493607401815,0.14922942091148989,1.0845484185754999,12.0
2022-11-13,-0.15860721700494823,0.7373124650143532,0.07999652141119085,0.9021223449042909,14.0
2022-11-14,0.0870542307752547,0.7950108851889363,-0.04433523944058438,1.0361304623492171,50.0
2022-11-15,-0.09356399695824795,0.8845526732533763,0.10801554028254265,1.0316635130427374,41.0
2022-11-16,0.08056872330619876,0.8021840117918223,-0.061517607518243866,0.9087068487018756,37.0
2022-11-17,0.038737521997261964,0.8962101954327258,-0.1382115012838108,0.7481797194345812,36.0
2022-11-18,0.33381979316569166,0.9403985364573256,-0.2240559633735961,0.7061039174704754,65.0
2022-11-19,-0.41459923319347625,0.9396747675591011,-0.11435870232352174,0.9807008017213633,26.0
2022-11-20,-0.10107473001431576,0.9761238001727884,-0.15968205268801458,0.7971291170304176,25.0
2022-11-21,0.010386171969630927,1.1518160484120934,-0.21773136637732732,0.6657040946298949,41.0
2022-11-22,0.06643961868230398,0.9187849129211719,0.06324323248600983,1.0785632007586337,47.0
2022-11-23,0.030361171406661596,0.8919303070380808,0.013130708705076953,0.9354822282943519,47.0
2022-11-24,0.06459204197024601,1.0875970050857287,-0.020785508582126615,0.9382783077578315,92.0
2022-11-25,-0.032337299828179004,0.9734966079930989,-0.09129095817502804,0.9335886091139596,85.0
2022-11-26,-0.19631886801559384,0.7494629320605726,-0.17552430436553798,0.5692225382390119,18.0
2022-11-27,0.020749516351674293,0.7910667013923707,0.3215515585831001,1.4003737839942023,23.0
2022-11-28,0.07163347391331407,1.2067506711770681,0.2318215754511089,1.0516180296933342,26.0
2022-11-29,0.09372954368456003,0.8506117389750347,-0.23656169527212384,0.6571928691081557,45.0
2022-11-30,-0.08757234229526377,0.918415350001553,-0.035888029936399835,0.8751962267808068,33.0
2022-12-01,0.056657469643738426,0.9775041968656665,-0.036953403882030444,0.7995478557310391,52.0
2022-12-02,-0.09102814710386845,0.7349263676595413,-0.17964978270476503,0.7621343073351993,43.0
2022-12-03,-0.05792599515081151,1.0292868619326696,-0.1680386266719152,0.8217252513702828,32.0
2022-12-04,-0.08702077004096333,1.1577922398655347,0.01621789001728778,1.121784101562825,45.0
2022-12-05,-0.03585869183129734,0.753155724878705,0.16062858722617732,1.252800119566963,39.0
2022-12-06,-0.20498422672686623,1.0317264679304605,-0.3843651197618794,0.39173414143826807,26.0
2022-12-07,0.12804666386644964,0.8681427490058103,0.24737813275755954,1.1222367460299292,36.0
2022-12-08,-0.010406061176231447,1.11177414721279,-0.03196661234371228,0.9368790857905647,34.0
2022-12-09,0.18266797601477602,0.9340110154636,-0.033596648487505654,0.9642714449949463,46.0
2022-12-10,0.4063825831040401,0.8385190172575049,0.10483308735612677,1.3986975136024997,25.0
2022-12-11,0.2855820772096089,0.7423352808851114,0.21420626533110926,1.3091047451114732,16.0
2022-12-12,-0.2759906180839974,1.0199046101337945,0.2810202367208605,1.1440598454978212,49.0
2022-12-13,0.13831737330804814,0.8893488494652578,0.06659336674410349,1.1070924071277668,55.0
2022-12-14,-0.10578204727226384,0.8696086708605235,-0.3660155017712234,0.44339505536606333,56.0
2022-12-15,-0.04165931932524346,1.1414403966673052,-0.07231141553126133,0.8673449305153459,71.0
2022-12-16,0.2449663248488008,0.9575040720446699,-0.03476428581011771,0.9847702810938106,81.0
2022-12-17,0.17227442505571108,0.8913796976064883,-0.00535110538733511,0.7675635041371193,16.0
2022-12-18,-0.06683281257060306,0.9200932657626371,0.10261265657486601,1.0739228905673661,34.0
2022-12-19,-0.19585687558953688,0.9919991032993832,-0.09660515796517165,0.8565666832049093,101.0
2022-12-20,0.17663323116304272,0.9273629556467836,-0.05546398759191138,0.9298269838863219,57.0
2022-12-21,0.04325530427637791,0.973545110481735,-0.06725186874988742,0.9487095048478961,62.0
2022-12-22,0.0609935873802423,1.055060434035395,-0.2439299620460278,0.7007984763953816,32.0
2022-12-23,0.02695334494269427,0.9198437577334706,-0.0329065001955615,0.7749482549938481,34.0
2022-12-24,-0.4359464066895125,0.7443224065876455,0.26409166527733136,0.9475793129297276,18.0
2022-12-25,0.1681953689809895,1.113839261853998,0.10112954081715707,1.0782535888531932,25.0
2022-12-26,0.128996017424724,0.69622843484596,0.10315023712802289,0.9824684351490584,23.0
2022-12-27,-0.0910580365693448,0.9468728498796123,0.30532445280418175,1.2622524714339585,39.0
2022-12-28,0.10799072082749345,0.9104555061750121,0.11852166548014231,1.3186082668665224,25.0
2022-12-29,0.1193813324956758,0.6664750192934943,-0.01931598431537745,0.9316543922428795,21.0
2022-12-30,-0.08410799258815568,0.716157475573716,-0.036388223043163796,0.9106291512544722,29.0
2022-12-31,-0.28896302575055366,0.843701290542579,-0.18259859430940745,0.6499323389308949,10.0
2023-01-01,0.3260228105585006,0.8718244013061246,-0.20551844995433005,0.7934472450264459,24.0
2023-01-02,-0.11361899730468146,0.9245721048428867,0.12509870193252043,1.2461643567527498,35.0
2023-01-03,0.041104896998514634,0.6603179725539565,-0.013307133712338695,0.9224280559943253,18.0
2023-01-04,-0.16956181249792926,1.253245017105074,0.05541794227313413,0.9011841496515887,35.0
2023-01-05,-0.13571947827642977,0.893698527296109,-0.10314556062685007,1.0549511734287425,29.0
2023-01-06,0.03175458372068872,0.8078253267227865,0.5773892179620526,1.2641318080414916,27.0
2023-01-07,0.09846895726353384,0.8054050041137488,0.06696570865358442,0.8244271225778564,12.0
2023-01-08,0.1604629535249925,1.0303621191333794,0.35371248925548027,1.1105439528403265,32.0
2023-01-09,0.48654048360275176,0.6746564030883775,-0.005350412645563907,0.9738951424580696,22.0
2023-01-10,0.06013001147690761,0.9710346910927456,0.005523679813950053,0.9199074964649006,27.0
2023-01-11,0.11164680866660161,0.7947540726643457,0.26621118304165386,1.1324131264361337,22.0
2023-01-12,0.0870396310244957,1.166944603616557,-0.1088795588707336,0.9886008828427907,35.0
2023-01-13,0.11015233051319993,0.893620552074473,0.03633672852667263,1.0579281401141603,41.0
2023-01-14,0.2706752392756969,0.604555278781202,-0.005728037117154672,1.218854917537271,26.0
2023-01-15,-0.23755739480190396,1.0088341164347225,-0.5166807568075618,0.14523588242942476,16.0
2023-01-16,0.2683298107261193,0.894930650478548,-0.06229509093931564,0.8548217988303056,16.0
2023-01-17,0.09085212702572254,0.7307168164529938,-0.11266424568947594,0.790629305983897,51.0
2023-01-18,-0.05001801941657089,0.6994585341198231,-0.3644623097851669,0.5396454978463158,24.0
2023-01-19,-0.1176349649952923,0.8219496754834031,-0.163848917807434,0.7786225917700474,24.0
2023-01-20,0.030653248531264405,0.7554321072370356,-0.02397946884225945,1.1358541224716492,18.0
2023-01-21,0.362631647131081,1.1143317681187193,0.07526913706109378,0.987951891756031,21.0
2023-01-22,0.5596834028285429,1.0334473631978822,-0.32336333885918805,0.49656068257675023,20.0
2023-01-23,-0.33605778642959416,0.9786473642710537,-0.13530605436444662,0.9104390034621394,19.0
2023-01-24,-0.0026946267972600075,1.0465017241481325,-0.14784626437858922,0.7995169789504721,27.0
2023-01-25,-0.33453035398392117,0.7585584676194176,0.36945161527537623,1.313886431071026,28.0
2023-01-26,0.17776506789018104,1.0853877634344407,0.27082251401354257,1.264398322230266,35.0
2023-01-27,0.014067179892207758,0.9834051068875275,-0.22089275485403595,0.7338443657320391,31.0
2023-01-28,0.17760419126492769,0.9241463560718463,0.028313422165383302,1.0046684359120899,18.0
2023-01-29,-0.05457406760307196,1.3458821146386102,-0.2703833878916887,0.862150961968709,9.0
2023-01-30,0.06938591150234308,0.7576845389339715,0.2065050632131613,1.1941360791013536,24.0
2023-01-31,-0.11851820632640199,0.9436112538184916,0.27051519666228446,1.215093031891339,23.0
2023-02-01,0.04192918565293072,0.7792116323517095,-0.02394485119053485,1.2797255861264492,21.0
2023-02-02,-0.41980641949634206,1.0769871553979806,0.16957574168717862,1.301903526731813,32.0
2023-02-03,0.22724157944383522,0.7312893059443785,-0.032544592098336614,0.7117836957440774,29.0
2023-02-04,0.07808991857049685,1.0986670513079408,-0.17779006499568897,0.8078714377997799,12.0
2023-02-05,0.38405200801432243,0.8244615949783303,0.028396904795457027,0.9628823480926882,14.0
2023-02-06,-0.12815403229499905,0.5394883287846202,0.9955153976015532,1.4033599554681564,9.0
2023-02-07,0.0805479609249834,1.1036499249716742,-0.09178974955681031,1.0285275060854204,28.0
2023-02-08,-0.22645864043630606,0.7210407945402542,0.5885056780415477,1.4236819078268237,22.0
2023-02-09,0.10380399024188107,0.7473843976599446,0.11169348373573829,1.0431226798375346,35.0
2023-02-10,0.2105388234534996,0.7701981471842649,0.06807851708276219,1.0951154646834518,16.0
2023-02-11,0.06833606954175238,1.1760554041779692,-0.058342225088890254,0.8105229879421915,12.0
2023-02-12,0.0040622626661061855,0.3180563142191447,-0.13905546875979424,0.5781921685316389,6.0
2023-02-13,0.15500198099614582,1.0302915853513448,0.47880509170955116,1.3463704157057388,10.0
2023-02-14,0.054450815026655525,0.715131984366049,0.06995389151042022,1.1053966195616045,42.0
2023-02-15,-0.16242316083234784,0.9969595604094705,-0.20679385453078072,0.5716478123607529,30.0
2023-02-16,-0.15980903478713748,1.042952204463981,-0.3339824359309905,0.5424356580010222,41.0
2023-02-17,-0.1429236045982034,1.007419608943008,0.17138733959812427,1.0563199292544256,28.0
2023-02-18,-0.08335676317133012,0.7918579601945835,-0.5927750095771148,0.14762296081557735,7.0
2023-02-19,-0.23940658803600343,0.8708776443863137,0.03233383939653539,1.332053192344628,12.0
2023-02-20,0.34273049111887527,1.3463928003860237,-0.22770658419219486,0.6363656294979617,20.0
2023-02-21,0.16528111862307115,0.8751135779623601,0.054570393816521984,0.924291397955771,44.0
2023-02-22,0.3641277668074543,0.6598320254971866,0.4347755514077331,1.1710861124161063,20.0
2023-02-23,-0.3680983167976828,1.4549911361726364,0.4532450872155956,1.5220078184986723,13.0
2023-02-24,-0.02949104224408599,0.8520796542602112,-0.05779042888563329,1.156345105115969,26.0
2023-02-25,-0.12109333635160326,1.1010308871988452,0.44874950731493873,1.3743269609194821,31.0
2023-02-26,0.49741974586619053,0.873461744525185,-0.02227819596791664,0.9331912651686654,15.0
2023-02-27,0.12222291894849094,0.9669443866714822,-0.043018042283531115,0.8603972717492963,47.0
2023-02-28,-0.018328669608700023,0.8492739336845605,-0.11597724684232935,0.7492773299570464,32.0
2023-03-01,0.04110863034804757,0.6896709869007909,-0.11200420903856732,0.9938920227024323,45.0
2023-03-02,0.15732734960505526,1.0229366529173634,0.2269099540797678,1.3126260771439229,27.0
2023-03-03,-0.0788168749377119,0.7661431648052054,0.12707934017058037,1.0603480650482184,26.0
2023-03-04,0.04177753088963132,0.5818635151251932,0.0041035388079041215,0.7265599980774773,6.0
2023-03-05,-0.15607400160499643,1.0464210839838148,-0.3624466192517549,0.3717526901421484,20.0
2023-03-06,-0.2569565065131531,0.9353092101928115,-0.006543888901948099,1.0046306780392884,30.0
2023-03-07,0.021245940826436778,0.7786719105264543,0.21897777923317766,1.3539314431780793,40.0
2023-03-08,0.19146374712356104,0.7409849338909387,-0.13526459391623277,0.6389436177052531,22.0
2023-03-09,0.26007572447249594,1.0798555103428702,-0.06028390416169502,0.8079589750119943,22.0
2023-03-10,0.051782059282403314,0.9049704532488678,0.27755042433337784,1.5475542371236537,45.0
2023-03-11,0.08203480768023132,1.0973049255336234,-0.11213992750578092,0.7997678341282101,26.0
2023-03-12,0.23451314466725928,1.2563811016530582,-0.49693971270331566,0.15129370616291404,12.0
2023-03-13,0.06689399237734638,1.5778570468419184,-0.238527614285362,0.6911222488982213,18.0
2023-03-14,-0.03332639510650078,0.6632799799923424,-0.32294642436115556,0.6949631747654453,36.0
2023-03-15,-0.22675655185549012,1.0412987767293909,-0.19958138463058933,0.8499680904794529,47.0
2023-03-16,0.09003891917957557,0.9140830521189598,0.27011547610697,0.9732543280257553,22.0
2023-03-17,-0.10590936570156059,0.9066857002762275,-0.036038265535166134,0.8295975786874236,13.0
2023-03-18,-0.5271050687806365,1.5299716423346028,-0.3905185542223079,0.4446543933761766,16.0
2023-03-19,0.27236373984906104,1.194540443510252,-0.41101567165347486,0.2565969199228848,16.0
2023-03-20,-0.18667506116355118,0.8052403090257979,0.07930764886752356,0.9718828231714799,25.0
2023-03-21,-0.0038139004872145867,0.7038395819644202,0.8171996356364666,1.5444713378067316,17.0
2023-03-22,-0.4974165170296306,1.2332215274562435,-0.0304390622090129,1.2479595446387763,13.0
2023-03-23,-0.14697422314521247,1.0548564910319942,0.10212491083152866,0.7994492987540821,10.0
2023-03-24,-0.19091209961668384,0.8988366415018897,-0.023361436191342445,0.7495074133792546,12.0
2023-03-25,0.11424965853116936,0.7806548637410832,-0.08313811015189448,1.1430417364358483,13.0
2023-03-26,0.013444310114943545,0.9222095092363536,-0.41142571751876933,0.19492721558899964,14.0
2023-03-27,-0.1939015020973545,1.0035378374634594,-0.12336447806659377,0.8248512261599421,21.0
2023-03-28,0.28174426836022637,1.2138819280380089,-0.010229320023406773,0.9253832433825243,15.0
2023-03-29,-0.04391265238999683,0.7109787067519125,-0.32159307629836825,0.5910608665329001,15.0
2023-03-30,-0.13590341094682457,0.7966096529149983,-0.2097878472934559,0.5411732816812724,11.0
2023-03-31,0.1567196557648991,0.7544871523682843,0.1245464930146185,1.2305733350830463,28.0
2023-04-01,-0.1873418673684673,0.7653676342538812,-0.24722939327475893,0.8449168280210472,21.0
2023-04-02,-0.3690124745324223,0.7748016834052398,0.07815568149782001,0.9089826833818012,13.0
2023-04-03,0.1302069260495187,0.9946251095368388,0.2590544728002118,1.4880274685230421,22.0
2023-04-04,-0.04691756374269534,0.5719310439385173,0.47939285689814237,1.3309798041004768,14.0
2023-04-05,0.22638030735895753,0.6661915376070966,0.21832109919665457,1.1746479569062864,18.0
2023-04-06,0.19563597263027768,0.8254573046614031,-0.1727114218874915,0.6021425489270733,19.0
2023-04-07,0.4217818216713739,1.0612573598444544,-0.0644883118536535,0.9627611445402688,15.0
2023-04-08,-0.19579541131694472,0.9868448024279485,-0.20685858484491212,0.5837419481125563,7.0
2023-04-09,0.16808359048004798,0.48599257365282367,0.3141974744499881,1.160524989386912,7.0
2023-04-10,-0.18828055465190288,0.8732805365422472,0.2505182289136322,0.9625565331659629,8.0
2023-04-11,-0.34704414528642785,0.7877893658828934,0.11891898690548204,0.9609297040331721,22.0
2023-04-12,0.10332290265364649,0.8006914369625344,0.23604797675720618,1.1710862822393482,11.0
2023-04-13,0.05310834131255912,0.8435314268398647,-0.2990636096118132,0.6395465849682662,25.0
2023-04-14,-0.06483250829867915,0.9952885970030162,-0.06273742978341917,0.9707365175409682,24.0
2023-04-15,0.08617098239842587,1.0,-0.41200895817652494,1.0,1.0
2023-04-16,0.1972930666009602,0.7875808100412679,-0.11723597139286325,1.1436978659050971,8.0
2023-04-17,0.007836947069848261,0.7748098595465094,-0.23687663281690602,0.696887185683961,42.0
2023-04-18,-0.2613331345751608,0.9261887905234815,-0.16360472949618635,0.6998334159144657,24.0
2023-04-19,-0.26583235793337257,0.750041705354301,-0.26300001409380086,0.5864847655849473,23.0
2023-04-20,0.06305929831292381,0.8677893555343498,0.058115662351671614,1.2853435806274451,13.0
2023-04-21,-0.11038963104522985,0.7642414273880217,-0.18729489993096593,0.8416554774622266,36.0
2023-04-22,0.30476567005894256,0.9050655293932602,0.1435768476736008,0.8949166352088543,8.0
2023-04-23,-0.03741747462960867,0.8701334280661613,0.2246797699467461,1.351803736015337,12.0
2023-04-24,0.07827435383762782,1.214101948580222,0.19715425746871468,1.3667959673443997,22.0
2023-04-25,0.37814824391577834,1.0517122311772258,0.1498022914671545,1.0764663943941486,16.0
2023-04-26,0.14239496744205876,0.8466902725529365,-0.3289480711252999,0.5467925041443905,8.0
2023-04-27,-0.03508024552006814,0.9862386666287248,-0.21094983889207983,0.7009415032057225,11.0
2023-04-28,-0.04530971725974674,0.6895915410118874,-0.1558226440835353,0.6463698585935164,21.0
2023-04-29,0.07825973823608239,0.8501486166879209,0.12142183662410155,1.4323093479587334,14.0
2023-04-30,0.27660246388065907,1.0626928841666041,-0.1706014742295517,0.6271931214676272,27.0
2023-05-01,0.2762527856159967,0.683329742421979,-0.4298405656294681,0.1357367297745444,13.0
2023-05-02,-0.4337358401906273,1.304807949085413,-0.13784353852356376,0.6669924997935589,19.0
2023-05-03,-0.12383380493111303,0.8440836089535342,-0.29458121420664646,0.5879893979669892,35.0
2023-05-04,-0.14309562780598348,0.9039960432629903,-0.03424196991282837,0.8675108022191982,22.0
2023-05-05,-0.42659067656187755,1.035463156706644,-0.05513884046598885,0.878641945885461,39.0
2023-05-06,-0.6899793081988299,1.0383194403206213,-0.012172559326983141,0.9191458699054185,15.0
2023-05-07,0.32950943263542587,0.7149896570478361,-0.19486198834162038,0.840945512912343,10.0
2023-05-08,-0.12342511842602662,0.8772091961648755,-0.3954188249229961,0.510373369403943,34.0
2023-05-09,-0.2917968393234684,1.0037463776066804,-0.23977785521422504,0.7102072559970823,25.0
2023-05-10,-0.3033675696861607,0.8701716568996077,-0.11661545218036244,0.8845881243856245,19.0
2023-05-11,-0.515292343990667,0.7650610596808773,-0.2719150066860297,0.7142760636342109,21.0
2023-05-12,0.026051045396880062,1.2343945102203766,-0.46305040593157887,0.2639480378693163,21.0
2023-05-13,0.1851956673434322,0.9767055680438543,-0.3753620170553104,0.3359423392427719,10.0
2023-05-14,0.08832014857263494,1.2072961097811958,-0.29224422873266254,0.5287100835923949,18.0
2023-05-15,0.07252594528754526,1.0799331311358649,-0.3999888671619472,0.3974807584888466,20.0
2023-05-16,0.015969673772128285,1.3383782161022453,-0.15116196263444598,0.7996371764073302,27.0
2023-05-17,-0.441624716272681,0.925563842074237,-0.06412625009956988,0.8382023735901405,21.0
2023-05-18,0.21753646743878308,0.8871403130807927,0.23630355421594607,0.8508000148257872,11.0
2023-05-19,0.387061662348889,0.756822029817139,-0.19266235833527143,0.7357887899636242,29.0
2023-05-20,-0.08122213259861293,0.791940661933139,-0.019220759461183946,0.8197471781694514,5.0
2023-05-21,0.873834101773326,1.068986718953383,-0.10848092453269517,0.6403367017035473,7.0
2023-05-22,0.2984440107673635,0.9312699391655207,-0.07794511234764351,0.8919485076403871,27.0
2023-05-23,0.18863841375879922,0.7569259250693506,-0.11613252297344992,0.5998381443521136,19.0
2023-05-24,0.2834532530575844,0.91663614628524,0.10679666195529122,1.045549954614908,22.0
2023-05-25,0.41612300675143743,0.8267060938069689,0.6464362378043335,1.3120122243165853,19.0
2023-05-26,-0.02034704431937222,0.9533188249942178,-0.1608058847904633,0.8363656932502915,27.0
2023-05-27,0.6868649144144544,1.2705700780626064,0.23790078276111423,1.185399578522632,14.0
2023-05-28,0.5877327860339033,0.7093155050696034,-0.5355599021421724,0.1747274206002171,2.0
2023-05-29,-0.08923840242977092,0.7532904209301805,0.31450193024743417,1.2855703307335158,10.0
2023-05-30,0.15623415063958432,0.9448372458975738,0.6957905204093551,1.6966103628850315,19.0
2023-05-31,0.10122670028748763,0.9909881278985407,0.06753015357974658,1.0947718902543069,16.0
2023-06-01,-0.14505807120034184,1.3337895562918947,-0.3677288685917062,0.3700676353606695,24.0
2023-06-02,0.628841258311265,0.8482383197709469,0.08807106828426885,1.1349461023752951,17.0
2023-06-03,-0.09754002432497792,1.0123458288940765,0.4477555091547446,1.7671838591675884,10.0
2023-06-04,0.13458907229836478,0.9430067345475703,0.20472847074798375,1.517121341178538,12.0
2023-06-05,-0.009610447226379064,0.9040022496643618,-0.10884994994944804,0.6387228596318213,7.0
2023-06-06,0.28737697979152776,0.9822763077213915,-0.2432273946814196,0.4564713762447535,11.0
2023-06-07,0.04895113361842547,0.9517425245879968,-0.3424517806839489,0.5530823577656013,18.0
2023-06-08,-0.2323400680590538,1.2138130799425437,-0.2874658543863991,0.7347501418474094,20.0
2023-06-09,-0.24702916615132595,0.9968652709620227,-0.017729436038136842,0.7748616566518043,16.0
2023-06-10,-0.1426007831984779,0.8888884224085131,0.0892412178295971,1.028465419398618,15.0
2023-06-11,0.08373364338568175,1.027817477830713,-0.1147893420646357,0.8259537608233679,9.0
2023-06-12,-0.314152838734398,1.1869249561186697,0.039475115683066254,1.156362707321009,10.0
2023-06-13,0.1260376367643129,0.8873742443691537,-0.2712227115820312,0.5248551916027184,16.0
2023-06-14,0.07390494064126207,1.1016337589591312,-0.10709685002028527,1.008099549955598,38.0
2023-06-15,-0.26081312608911095,0.7891597408039532,-0.28200945697100216,0.45139462070166875,9.0
2023-06-16,-0.5767050060216453,1.1488814235893061,-0.06308674826531406,0.678657267847896,12.0
2023-06-17,-0.3629252884692829,0.7247332171580994,0.36646080609611176,0.9994016141570117,7.0
2023-06-18,-0.10498666023541382,0.8841025011449333,-0.5107832235507447,0.0917506085550251,17.0
2023-06-19,0.07218729664280972,0.5266550919739331,0.5116182227389907,1.2725695310342688,10.0
2023-06-20,-0.21546977975015164,0.8047049378185223,-0.07185934232534118,0.8384244694297454,14.0
2023-06-21,0.046992162387205536,0.32097420359089385,-0.1551122416916689,0.8031032016795843,19.0
2023-06-22,-0.08015455692311071,1.074490392358698,-0.09355558910857588,0.7998324181069448,29.0
2023-06-23,0.14637795850632596,0.8083776691442779,-0.08025913241084277,0.8357596043549702,24.0
2023-06-24,0.11655551844534272,1.1614678736356427,-0.24681645598460727,0.8421458033795355,9.0
2023-06-25,0.23581282227051595,1.1267893458617404,0.10254027978755054,0.9867942667599663,9.0
2023-06-26,0.5032116172282339,1.2270405254671832,0.23186207387475313,1.1992978387317446,12.0
2023-06-27,-0.18619233860307646,1.0534518364582695,-0.030393630686905693,1.1317865045754338,19.0
2023-06-28,0.059628861650125535,0.4331711331966606,0.04804084414680713,0.8027488652185568,9.0
2023-06-29,-0.3754235853179904,1.0252995190649694,0.8541262173978823,1.9086580471795802,13.0
2023-06-30,-0.054573878177748295,0.9864530570865108,-0.2157288021009925,0.6203866658497216,13.0
2023-07-01,-0.3734414201464481,0.6170441810564732,-0.2990646525904822,0.5433681387178649,8.0
2023-07-02,-0.30947962715220106,0.3385079888013661,0.08581410920621037,0.6150352709036812,6.0
2023-07-03,0.5441742386015775,1.0206035996873037,0.39515483361696824,1.050689896326249,18.0
2023-07-04,0.050988434850099386,1.0934647014912033,-0.2016744428033618,0.6574222154973165,18.0
2023-07-05,0.5618273522991717,0.6017060238139391,-0.1166952959189457,0.593271729660145,11.0
2023-07-06,0.46452113716844784,1.1153223818936082,-0.2650215098838062,0.7748027527916942,12.0
2023-07-07,-0.04372518883290189,1.132072791541676,0.15322094317838608,1.1305896339273953,21.0
2023-07-08,-0.2816215170153147,1.5492094922385442,-0.1517508560892025,0.5550287251907571,12.0
2023-07-09,0.18278274958756668,0.9549662442921002,-0.011512866920911656,0.7382145450259749,11.0
2023-07-10,0.5486892501703887,1.0014496519433422,-0.125453059663932,0.7335697245941162,13.0
2023-07-11,-0.5479089826201444,1.0650159698494888,0.12310303233343577,1.1163778297163685,13.0
2023-07-12,-0.17089966911103924,1.189081676131954,-0.4917488526218552,0.17535191860742796,24.0
2023-07-13,-0.14183010366875526,0.9201499689954289,0.34455499446149745,1.418420092741166,21.0
2023-07-14,-0.04671010617962051,0.9487274437587847,0.4092700083460547,1.3761120541061291,22.0
2023-07-15,0.3807824264414078,1.0505607533150834,0.2980078035149119,1.1699298208698634,5.0
2023-07-16,-0.28462386250501576,0.6553762481600255,1.0964980697773756,1.5970819253451858,6.0
2023-07-17,0.18624586287989198,1.0268679967785148,-0.4133807062654517,0.39414854795299603,9.0
2023-07-18,0.29238323568856306,0.9264105603235387,0.006705346487566439,0.7691613016522774,9.0
2023-07-19,0.1896476606530996,0.6763123200795651,-0.06372415611980056,0.9249554890895011,28.0
2023-07-20,0.232859805476552,0.8541034296604264,0.12464502511773826,1.3058723444108118,18.0
2023-07-21,0.16653068120923217,0.681727753506723,0.021671066871692735,1.3018829980880937,15.0
2023-07-22,-0.7357439146458487,0.8077600028949029,-0.014639531647675202,0.8330833524309808,8.0
2023-07-23,0.17769589962078866,1.6572940458115772,-0.11491806523460613,0.955714577395157,6.0
2023-07-24,-0.6524167319141368,0.9388865874126452,-0.2351997418220651,0.6889252963568018,10.0
2023-07-25,0.07329254934980349,1.2255650917988379,0.6650160306163524,1.4216100376771865,12.0
2023-07-26,0.26203090230185033,0.6563722431841,-0.2010775328121237,0.4596143038391643,10.0
2023-07-27,-0.0855944840904841,0.8859052052203069,-0.11747300532553406,1.0097150021103554,17.0
2023-07-28,0.14687398835113769,0.7668001496835696,0.05796438939559797,1.1593676565441182,12.0
2023-07-29,-0.12256773865844829,1.1035734767299428,0.2225700145900897,1.5299044278365717,7.0
2023-07-30,0.07892298445733478,0.9010913799355429,0.37304958874249255,1.8081909819658952,12.0
2023-07-31,-0.07287066774997421,0.6326346484497283,-0.11329357962922444,0.7796601993282023,11.0
2023-08-01,-0.036052654471458306,1.0756063325651457,-0.23227472686688463,0.631120388317243,15.0
2023-08-02,0.1691490407252208,0.9559069724799358,-0.129442960503795,0.9376469373059592,19.0
2023-08-03,-0.4618140362317305,1.197412455645903,0.033870803970999494,0.8968980663103564,23.0
2023-08-04,-0.12494355244911812,1.4895532440677468,-0.29211208112579884,0.5303187914914924,22.0
2023-08-05,0.10808349838426529,0.8166017859027938,0.08433728469321013,1.0431292180570213,9.0
2023-08-06,-0.19744144632272206,1.1085420320457633,0.17271918034924327,1.272331985400481,11.0
2023-08-07,0.07276443591430534,0.897661415877789,0.1173339180379974,1.2197441524012862,21.0
2023-08-08,-0.2723655661528023,1.0055272147492278,-0.3256547968511452,0.4142309011393195,15.0
2023-08-09,0.3936995769541874,1.1673633352261434,0.12916866916851083,1.0791717241104795,16.0
2023-08-10,0.3233006957481035,0.8888978721748501,-0.2842861467740311,0.5947602147742516,21.0
2023-08-11,-0.22952131130851788,0.5576317523280672,0.32429930845198124,1.1238793223086458,23.0
2023-08-12,0.08610239991447735,1.1360295185667093,-0.16693685478673104,0.8797514756648142,9.0
2023-08-13,-0.28118487948530374,1.0446655678918537,0.20942642391678754,1.18081460693466,25.0
2023-08-14,-0.03859097389725888,0.82565341548109,-0.17790600680022153,0.6285147445287877,15.0
2023-08-15,-0.2951961659149504,0.834803536056706,-0.1218488778062416,0.8885360103146712,22.0
2023-08-16,-0.25951155247218677,0.8821575723003825,0.38568290914529063,1.237391415546128,39.0
2023-08-17,0.10085294850584586,1.1515226127219846,0.07416393374432431,1.0661422800858582,29.0
2023-08-18,0.08596396911051846,0.5106838425228076,-0.20891517908481685,0.7702594055792783,9.0
2023-08-19,0.11461526829653278,1.3088742738205965,0.12502237918902293,1.2476633216551203,9.0
2023-08-20,0.1259912540062895,0.7578452237324552,-0.12331305727581916,0.7591156836414209,5.0
2023-08-21,0.4085267622498832,1.1242443857784286,-0.20924548737327514,0.6481023390816714,13.0
2023-08-22,0.14837472105166175,1.0336555638221527,0.20473789431635,1.1165454940632449,13.0
2023-08-23,0.3718360595047238,0.7559446124816663,-0.015217105978083801,0.9307939756839301,26.0
2023-08-24,-0.2602278860261311,0.5245797426282454,-0.07944491866595725,0.7661119157855386,10.0
2023-08-25,-0.22654527273376807,0.9555705948429095,-0.43480474362981625,0.3288663935711404,16.0
2023-08-26,-0.4848244392634184,0.681787766634843,0.09189046075509905,0.7908542125825795,6.0
2023-08-27,0.40668403226205607,0.6295329933110508,-0.008623702477192796,1.2793523908214364,8.0
2023-08-28,-0.09063057074337919,0.8086980046386051,0.004812448924179666,0.7623418855554841,28.0
2023-08-29,-0.11198036843123414,1.0515741689895814,-0.09225435958693987,1.023248877400801,19.0
2023-08-30,0.1265466999522376,0.5542589543727984,-0.45008560920995255,0.30587584709267435,22.0
2023-08-31,-0.007787665860581497,0.9820611013281929,-0.23721475357910649,0.7360574321649129,19.0
2023-09-01,0.474924711191194,0.8368095341739132,0.1527651255883366,1.188965144973535,18.0
2023-09-02,0.41400247362206366,0.7639862755651705,-0.16916977776881503,0.8122198421440726,10.0
2023-09-03,-0.217454816118321,0.5273151545194324,-0.043870711913132646,1.1288250430350932,14.0
2023-09-04,0.4051822023380189,0.995590983920734,-0.08768997830174889,0.949710869969184,8.0
2023-09-05,-0.11859782628576483,0.6386854822800642,0.05416031314376687,1.0370065978681564,7.0
2023-09-06,0.34954381790610384,1.1144038476244034,0.5073236961606162,1.2692092078718245,18.0
2023-09-07,0.1531982417832502,0.9700760282652231,-0.27978403293919013,0.7463041634305446,19.0
2023-09-08,0.048207330318879166,0.4897009587151793,0.33346847926995526,1.1255755797433105,10.0
2023-09-09,-0.11392788415657651,0.3997761734514054,-0.44360217270784685,0.1769703918073365,7.0
2023-09-10,0.08367496667574237,0.8143742957754867,-0.1792740976707787,0.8967084811162745,17.0
2023-09-11,0.0866088054414709,0.4137882068776461,-0.03513782344993478,0.9660916554879406,20.0
2023-09-12,-0.2743161580368493,0.4621408768116746,0.24105037624582576,1.0124813972564233,13.0
2023-09-13,-0.16370762957641072,1.2048397623026337,0.23446073538329812,1.3684802860034508,21.0
2023-09-14,-0.6061266135877464,0.7831726397545706,-0.006966092297033109,0.9327576283454964,12.0
2023-09-15,0.008289058226382762,0.6157688022066395,-0.6194582234484116,0.1709696262012867,4.0
2023-09-16,0.06318008949352426,1.4124067878908302,-0.2596374382376206,0.5104460854930642,16.0
2023-09-17,0.07471567731491385,1.1660294085098537,-0.17926217081744356,0.7796767647817826,19.0
2023-09-18,0.28731764987208397,0.8582403391041106,0.17254773289941644,1.031488988543685,17.0
2023-09-19,-0.01847858233930675,1.09925880849523,-0.25245433369094494,0.7063154067307114,17.0
2023-09-20,-0.20316045966548893,0.7315458523861553,-0.03858252412592171,1.2540182039139514,20.0
2023-09-21,0.11573973998984846,0.8616106914870945,0.155375695924453,1.0173499934234527,16.0
2023-09-22,0.035573164638282306,1.0185534468535575,0.11185912489863181,0.8599080296872137,11.0
2023-09-23,0.01642670795070031,0.8713340042924556,-0.21973062287606587,0.4952771067656446,5.0
2023-09-24,-0.33116200659331413,0.7228419406082766,0.9221883028169361,1.579977365773877,3.0
2023-09-25,-0.034051502601017546,0.9481638487257671,-0.275938499556273,0.623403466293345,23.0
2023-09-26,0.066754805058058,1.0993055905231328,-0.25316374586398344,0.6518999793789025,42.0
2023-09-27,0.3576521515897134,0.9277877210820986,0.26566385251307695,1.1946496751246614,19.0
2023-09-28,0.168055017178558,0.7519519259400604,-0.03552640864559505,0.8347238775793973,16.0
2023-09-29,0.2745604690553483,0.646124421857961,0.44516300301512074,1.1376569866967852,20.0
2023-09-30,-0.2542989722871499,1.107500519835552,-0.5187559090296059,0.08426710710065062,10.0
2023-10-01,0.17726308947820796,1.0843776106105014,0.5055959328863983,1.290274197667111,20.0
2023-10-02,0.18809199123052314,0.8440178993257442,0.032707049334181774,1.2294631490938568,24.0
2023-10-03,0.19978019383247858,1.4041273341072198,0.17635216865984038,0.8611619845918762,13.0
2023-10-04,-0.032610167522019444,0.993344669142119,-0.3200603115950577,0.7626696185419314,9.0
2023-10-05,-0.2334832044884158,0.7385994402038999,-0.055768946693647695,1.313073381443362,30.0
2023-10-06,-0.0921724250148797,0.7599558464838824,-0.2030184652205589,0.704755382624419,17.0
2023-10-07,0.5086430774967224,0.6419386109357319,0.2718487266501042,1.229830346323481,7.0
2023-10-08,0.7923486361095331,1.1720882890710533,1.3200445824374252,2.3057032610023613,2.0
2023-10-09,0.11390372315208408,1.0683073705502941,-0.242271869149271,0.45940034296185794,13.0
2023-10-10,0.1038114826893719,0.9061004014032704,0.28424455390651854,1.6879231390674714,26.0
2023-10-11,0.16245208467276487,0.9326943675307044,-0.07418903297982392,0.6893474542227648,22.0
2023-10-12,0.1661281509927834,0.8642920437541789,0.27490654110278295,1.2828547306339628,35.0
2023-10-13,-0.008364932095545334,0.8878068118212582,-0.11340753045703646,0.9253925254530674,18.0
2023-10-14,-0.0265555495343136,0.5659844063659164,-0.2175628060851271,0.607329292366528,23.0
2023-10-15,0.4393418082639433,0.6699252737754984,0.09620849213160379,1.2579554465869323,9.0
2023-10-16,0.08889975216809129,0.7456906824118699,-0.19503289128330054,0.7061224036159738,26.0
2023-10-17,-0.009180362711069562,0.2655250790266119,0.1649021191529317,1.6260593139107855,7.0
2023-10-18,0.3005941333197293,0.8608620454778515,0.04106060088138673,1.1398453525569026,13.0
2023-10-19,0.14555189737118582,0.8658653886443726,-0.3387221496968354,0.46655866335110013,20.0
2023-10-20,0.17877769043677452,1.1086252810189943,0.00787416515247132,1.0049660403137322,19.0
2023-10-21,-0.042466233106311924,1.129444057923909,-0.356951246270715,0.5005326773656225,18.0
2023-10-22,-0.5393334820877584,1.0325416601947546,-0.35964399417392534,0.5128393432145666,8.0
2023-10-23,0.14217460314712352,0.8623906709317055,-0.200708979317875,0.6670013509045764,12.0
2023-10-24,0.06162040827534787,0.9968897156166499,0.01780963064048346,1.518762076353317,15.0
2023-10-25,-0.12439520244366391,1.296851313686535,-0.1513972034691372,0.67896490676359,38.0
2023-10-26,0.12285025319610315,0.7748366417207541,-0.33898276792373466,0.40865107419199204,18.0
2023-10-27,0.04277971679128198,1.49524085840202,-0.30970819608444294,0.3607319340817556,15.0
2023-10-28,-0.27708905042062437,1.2334546690464108,-0.56869814889909,0.1855027940657665,7.0
2023-10-29,0.22278091727782956,0.8586252895797397,0.602069941476105,1.8991385321218575,9.0
2023-10-30,-0.08192683889772594,0.9705839754237305,-0.044912997483902276,0.9302151652700669,25.0
2023-10-31,-0.10086249719081533,1.054501536986502,-0.15391064033509463,0.8206069548071605,18.0
2023-11-01,0.08184360597497206,1.2079172127349862,-0.1828309434140069,0.6937364396312633,31.0
2023-11-02,0.4368809349637886,0.9303251647126982,0.20311694922744625,1.5511186502718448,14.0
2023-11-03,0.051571321268672254,1.1727717219164178,0.5261716740755187,1.1778996118706844,18.0
2023-11-04,0.11565916367149498,0.5798942353893484,0.44474756357479006,0.8010237931544606,4.0
2023-11-05,0.34946583485683647,0.643834327448423,0.010159243864357216,0.9022427314095885,13.0
2023-11-06,0.25296305070511305,0.9321662234115446,-0.2005831051473125,0.5296323919568302,12.0
2023-11-07,-0.3390488341704555,1.0662288371567012,0.008587164315815299,0.8566585928703593,18.0
2023-11-08,0.0837086220863548,0.8973485278513397,0.05429689024952561,0.8609018877334653,20.0
2023-11-09,-0.08259570422956222,0.6003532448989243,0.38679053938241015,1.7823625099019513,10.0
2023-11-10,-0.24707263536042937,1.1283985145956574,0.0301286409709196,1.22911684572821,35.0
2023-11-11,0.5122065132677905,1.2896506027507733,0.1020433238590924,1.2758601811401906,9.0
2023-11-12,0.5513539625712615,0.4859653662561417,1.241388377496184,2.5812922897953623,6.0
2023-11-13,-0.16113748797913838,0.926855138005436,0.2280279476933161,1.0425660861741854,30.0
2023-11-14,0.33333424229408554,1.335812910097651,-0.01933207374815048,1.0712949409719237,11.0
2023-11-15,0.11990796511402611,0.40055953227641294,0.2541758393629377,1.0789059882462297,15.0
2023-11-16,-0.15893431450716825,0.9173805179690798,-0.029458049208875736,0.9019452199710652,8.0
2023-11-17,0.6425556492843858,0.9399554792811354,-0.203885699905653,0.6413502607194345,14.0
2023-11-18,0.5240686694201141,1.187395815878619,0.005746637333625637,0.8101712708976869,10.0
2023-11-19,0.3598275981412263,0.9711418995985619,0.0009272976831673496,0.7609151825717917,30.0
2023-11-20,0.08647208714729623,1.3430291600614757,-0.05677228872840467,0.7939448961794556,23.0
2023-11-21,-0.030419961594665,0.954558646430244,0.5153847750334605,1.1667904072930633,11.0
2023-11-22,0.6082350776731643,1.0326878928161642,-0.11184993474228314,0.5962490044033439,16.0
2023-11-23,-0.40404996882039657,0.5118764751529827,0.49252778934350755,1.4413398920509257,7.0
2023-11-24,-0.10098723802444579,0.7309624073219013,0.009017119060525713,0.8173631959680919,22.0
2023-11-25,0.5358291927144846,0.774551183608993,-0.3226307778183403,0.33442252875361494,14.0
2023-11-26,-0.3120542233006324,1.2389812548015464,0.17477567009783937,0.8570049285868252,13.0
2023-11-27,-0.25931480763038117,0.9943269390765924,0.16201081647073995,1.3536380332409714,40.0
2023-11-28,0.026758173833113554,0.8547490095112771,0.003125299665991334,0.9158720134280005,63.0
2023-11-29,0.027247414488813466,0.9258411500064944,0.056452951285458706,0.9151739391250927,40.0
2023-11-30,0.201357762771857,0.9221349658498014,-0.0006784095426761635,1.053974043156831,48.0
2023-12-01,-0.16809155562151742,0.7157587261230173,0.3299353173822591,1.2813860156337054,21.0
2023-12-02,-0.042277265933821036,0.7675997068283181,-0.021150560313323446,0.8959782534574315,20.0
2023-12-03,0.1469114321284763,1.0281216036596572,-0.16138240223326825,0.7560856394123132,49.0
2023-12-04,-0.18186170666832407,1.096641958878541,0.2541303646263596,1.1275171710570073,47.0
2023-12-05,-0.1208341526017572,1.1289377557872413,0.3359870303285742,1.4813995693664381,57.0
2023-12-06,-0.004469273362942717,0.8104474023282349,-0.017179235230588133,0.9300772299222625,37.0
2023-12-07,0.13251394465649385,1.014753316100422,-0.11572198342120202,0.8644469948808434,27.0
2023-12-08,-0.05094785176029183,1.1602754603918943,-0.20611609879587636,0.5618034185282859,28.0
2023-12-09,0.16015844668547585,1.0746706359630478,-0.12631339877552275,0.8098156992499903,22.0
2023-12-10,0.28926985593197224,1.007316627044458,-0.19060705866863697,0.8693511606013997,34.0
2023-12-11,0.032846336536351765,0.5330383999597326,0.16706317338992285,1.4447804369949293,19.0
2023-12-12,-0.013717276507494014,0.27941077137091014,0.2638105232455155,1.2359355630593218,12.0
2023-12-13,0.15672675317926352,0.7270836139893113,-0.1187063348314815,0.8227450295942313,28.0
2023-12-14,0.09086347338707464,0.9332231138453051,0.4927200709539722,1.3709978072953797,16.0
2023-12-15,0.1641222341208704,0.8156104669915509,0.09979558978921055,1.1538172671787823,12.0
2023-12-16,-0.745612850538852,0.49904827154641335,0.27466841542938764,1.140475213368699,10.0
2023-12-17,-0.10290977863094473,1.080578948079814,-0.1758139117297169,0.7824643240380698,8.0
2023-12-18,-0.08905517518193602,0.9666388027863233,-0.17839108860765698,0.899761881522019,18.0
2023-12-19,0.26305509524992565,1.3811893168313,-0.027118758361433785,0.7618299772531338,18.0
2023-12-20,0.058261093074913055,1.3362185207487032,-0.09704263241850068,0.841369664634607,19.0
2023-12-21,0.14000704766525265,0.7372575541977338,-0.1335703769392847,0.7934214569404218,24.0
2023-12-22,-0.11089359719273822,0.911094231236043,0.04820076118035878,1.3248881866698912,29.0
2023-12-23,-0.23583944506790466,1.1000618422675053,0.10214758042318473,0.9585320338183935,19.0
2023-12-24,0.10877421650248476,0.9919985128377596,0.21382830547081366,1.0043248010671058,21.0
2023-12-25,0.21853386682381262,0.7133500939527682,0.17051507146022088,1.1596103348353985,31.0
2023-12-26,0.5771229133687406,1.0551290091554397,0.03813362495631867,1.1898229883729918,14.0
2023-12-27,0.1533816752622156,0.8827869419266219,0.11167320503154993,1.0984271472069567,19.0
2023-12-28,0.27341832554883855,0.9793118286851088,-0.45048762156850375,0.1147951015912216,13.0
2023-12-29,0.5816099746595085,1.074593248878871,-0.08818436979014106,1.3311064182541097,15.0
2023-12-30,0.6789312637168484,0.9337587131426113,-0.08036937962295067,0.8593650166454305,14.0
2023-12-31,-0.3593154225173601,1.8472125044273056,-0.1481018076503458,0.6982326895039587,7.0
2024-01-01,-0.3144010935900699,0.9264731170113379,0.2988085942681237,1.2782215022520067,25.0
2024-01-02,0.10054281414547152,0.6010688149226372,0.0729365401210896,1.4142135312414768,18.0
2024-01-03,0.22759844691325834,0.7815007556194153,-0.1552124397608642,0.6607152999236527,17.0
2024-01-04,-0.02060441164318087,1.5013540852881646,0.044408436135007036,0.8809746645705554,21.0
2024-01-05,0.20593434256774326,0.8445299579213588,-0.300747076681786,0.44879060704753426,50.0
2024-01-06,0.3038357733027337,0.6300566246992542,-0.0339207943680209,1.0245168230477055,47.0
2024-01-07,0.5724278830327655,0.9724918544361211,0.1138460685301358,1.2317464218359964,12.0
2024-01-08,0.04791355066039321,0.9314978237418093,0.5608290575076342,1.5184784138457474,17.0
2024-01-09,-0.060599130896735846,1.246938617763826,-0.14348806242678352,0.778167966613936,23.0
2024-01-10,-0.19181857166768845,0.7255620603767308,0.15220792169648328,1.245721394493962,19.0
2024-01-11,-0.5143964232757143,0.9536094189543128,-0.11689755564732053,0.8564329106148226,22.0
2024-01-12,-0.23603116916858094,1.1995882112764293,-0.07919635108125625,0.8598746499566385,47.0
2024-01-13,-0.27623343785714427,1.3092759316245743,-0.21940965117734604,0.7265870925072345,19.0
2024-01-14,-0.242450093249496,0.7241676990760814,-0.17413658538791868,0.7610886956194522,19.0
2024-01-15,0.10064648618659183,1.1047907036015054,-0.003197752607672862,0.9745820704052897,30.0
2024-01-16,0.16347122878464518,1.0575096044928594,-0.29908714297234124,0.5092056358774938,59.0
2024-01-17,0.013278086475797146,0.9443341090357885,0.10878511241841034,1.056241782179351,60.0
2024-01-18,0.023222888074289134,0.9739799083457423,0.17584257287496222,1.0178256988966903,61.0
2024-01-19,0.0453134977015968,1.6252909148729717,-0.2032954133032281,0.6123330465823111,21.0
2024-01-20,-0.09332656463227679,0.8469994717072565,0.8845864266228396,1.6940331840248866,10.0
2024-01-21,-0.03394764942321151,0.9367507992413318,-0.36504173418024816,0.35926395105375736,17.0
2024-01-22,0.16714171916838214,0.6797892734037617,0.2697269083942928,1.0682957400530273,15.0
2024-01-23,-0.11147075161846334,0.9269745716310787,0.1613942834278656,1.3056069975164537,31.0
2024-01-24,0.24817113956595044,1.098079100412532,-0.2604886605218946,0.5363231695687101,27.0
2024-01-25,0.09204520637980046,0.7821157726146006,0.21832712098294588,0.8601684004445342,15.0
2024-01-26,-0.09919948980237277,0.9104762557153072,-0.20108558637129723,0.7749014937339106,17.0
2024-01-27,-0.4408523700701941,0.8555207920382704,0.46833974983506127,1.0982052697184526,13.0
2024-01-28,-0.04530318936077195,0.8775971807090168,-0.42768481950577303,0.5219487415582493,8.0
2024-01-29,0.19181725701090552,1.162654943004271,-0.3063225174153219,0.5116843113179019,25.0
2024-01-30,0.5711151206498032,1.0304557997781727,-0.019268639637351596,0.953554910300408,15.0
2024-01-31,0.05960370082466238,0.8400672180180476,0.2710623892417371,0.8112428628760406,12.0
2024-02-01,-0.5347304458720937,0.7836497547109198,0.2927814489141292,1.445074064855242,7.0
2024-02-02,0.17434189753294366,0.4836158728556641,1.2039047765197295,1.6020132011667467,5.0
2024-02-03,0.5663811163510653,0.6492580260590772,0.15589889104671537,0.9117605334943658,7.0
2024-02-04,-0.3811803985767595,1.0972486931466656,-0.3766507260098616,0.17587125735865536,8.0
2024-02-05,0.6198668335775107,0.8739605555357153,-0.29857083588197714,0.5856427200399462,18.0
2024-02-06,-0.0033796071658335493,1.1487518894972717,0.24909560097474673,1.5753400166659952,23.0
2024-02-07,-0.1418053519897901,1.1176961582271614,0.13423780981621442,1.2960233048167953,20.0
2024-02-08,0.04182478337416794,1.0605227133538602,0.04437771971231492,0.8963126679242431,23.0
2024-02-09,0.03137570506347124,0.6782226558062554,0.16834700741497943,1.1699369483608582,39.0
2024-02-10,-0.1854749970041676,1.3517424695688571,-0.4307889043562791,0.33394454881741065,18.0
2024-02-11,0.19200950485674367,0.6542183723911066,-0.4808544216475964,0.06344366910841348,8.0
2024-02-12,0.19411363795111722,1.2103219033929187,0.42935528789018573,1.4772340580297296,18.0
2024-02-13,0.024144655537503577,0.8123841586841806,-0.2133324691605333,0.6026005988416244,19.0
2024-02-14,0.13819922987214125,0.7890362946632385,0.015141417901742154,0.7389020381139882,13.0
2024-02-15,0.10408268282653903,0.7674114847862116,0.05166923300298045,1.0626277248803955,14.0
2024-02-16,0.3235481570972961,1.091577125678408,0.5689038011619765,1.372305292939027,17.0
2024-02-17,0.09967121797511741,1.0050708054551698,-0.07971748432142933,1.4044312845214924,17.0
2024-02-18,0.34154614014178764,0.5465069536352842,-0.14562920222057874,0.7791888508103635,6.0
2024-02-19,0.1672358202539035,1.1787756089220245,0.2521203935565954,1.7132502407727157,19.0
2024-02-20,-0.13518923264815663,1.01378783560604,0.16135158532775407,0.8841217614892934,15.0
2024-02-21,0.12101792921748873,0.702222948307195,-0.0797666293552415,1.0073556208154713,23.0
2024-02-22,0.06226811382621264,0.945727722984179,-0.2219041633874424,0.44843102711372823,15.0
2024-02-23,0.023700751719995042,1.1807287746684743,-0.2439517346932648,0.6672985984161116,11.0
2024-02-24,0.28790205756227877,1.650479187564973,0.3931311404738627,1.3912184523724707,7.0
2024-02-25,-0.39436432844734626,0.6280321012466482,0.19627221755347532,1.2110475620126582,4.0
2024-02-26,0.24811007018708106,0.8300909033357514,-0.04170555487514569,1.0291560378682214,25.0
2024-02-27,0.08760381590899106,1.173412622362123,0.36395171522375647,1.7396387394869652,20.0
2024-02-28,0.17947258852427295,1.2981206465962671,-0.11446739972166438,0.8314443607189927,53.0
2024-02-29,-0.06806082020724187,0.7792732322474647,0.24971400937244248,1.0195064575643764,18.0
2024-03-01,0.38082169011645195,0.9125299936421838,-0.2699822529683189,0.5483642043664176,16.0
2024-03-02,-0.40789450214542367,0.9003349965523924,-0.391932383729216,0.30010993840482086,15.0
2024-03-03,0.6928433994225449,0.9788079853753504,-0.22003918656443563,0.42655816416357695,11.0
2024-03-04,0.33687405813600413,1.3242841981726152,-0.35213913830187304,0.5306989773229075,12.0
2024-03-05,-0.3053913852617057,0.8993722091440607,-0.2812675478926322,0.566998621027816,15.0
2024-03-06,0.5387764198166709,0.9829312096882405,0.04288057308671286,1.0114408820600516,20.0
2024-03-07,-0.18952981583264897,0.9350418623057744,-0.005101438028388722,0.8704976956262088,24.0
2024-03-08,0.13840093146305676,1.1779557439583033,-0.18597458468987765,0.6554510361507139,10.0
2024-03-09,0.4240956580480262,0.3963399790602409,0.04886899066345163,0.7835385851564273,5.0
2024-03-10,-0.3247679700170531,0.40787854265173745,-0.17060954932112535,0.730173055062889,6.0
2024-03-11,-0.3290733996850904,1.5294906220183102,-0.2245108768125886,0.6944892519835286,12.0
2024-03-12,-0.022434797398320803,1.0317797395935866,-0.19494664159429811,0.8639144513281987,15.0
2024-03-13,0.289646413805207,0.5918091022143563,0.5155528047949701,1.0127352028077337,6.0
2024-03-14,0.5695948397870995,0.9361974167796502,-0.037891199270073984,0.8399847853632301,12.0
2024-03-15,0.337994818138831,0.6013569840102146,-0.05610143338009378,1.034534250747083,13.0
2024-03-16,0.664530858062156,1.5020431118927722,-0.40980877363775087,0.3223017746496115,6.0
2024-03-17,-1.1564843111275565,1.397038672174002,-0.5826656386582987,0.00036990267931170825,2.0
2024-03-18,0.28746833594367033,1.3176366227190635,0.2788697311732577,1.2979241273696263,17.0
2024-03-19,-0.07292498955957237,1.2590294817079344,-0.20512124152346395,0.7066744843828684,14.0
2024-03-20,0.4574323361821736,1.6063405962834771,-0.20350565919001537,0.6515759066364085,10.0
2024-03-21,0.1593756614658683,0.8358172958947218,-0.011409671391098572,1.2128923044591227,12.0
2024-03-22,0.2150171808735417,0.7889096404378754,0.3158734143946612,1.4144153573814422,20.0
2024-03-23,0.08965961299786993,0.9374536040056797,-0.33855253266015595,0.5830606365690757,13.0
2024-03-24,-0.06691216133008385,1.3501636791615672,-0.2922891055377461,0.4113635152721335,12.0
2024-03-25,0.1888242615518645,1.011173807663787,0.5203408629043511,1.4105625681594447,7.0
2024-03-26,-0.23422877140278106,0.8067704163409953,0.05874477438951291,1.1273443517903217,16.0
2024-03-27,-0.05689259264683136,0.9719022864967222,-0.29417997332424306,0.658087315653912,27.0
2024-03-28,-0.026976011001856204,1.018771315666983,0.438674590589621,1.3954218650908154,20.0
2024-03-29,-0.3442943163379413,1.1869818361289786,-0.29254615986848453,0.47430495477373724,9.0
2024-03-30,-0.1516190943632852,1.3595309773456095,-0.3744027167195283,0.40422552205458584,15.0
2024-03-31,-0.1653856908967848,1.4546450490391083,-0.18174113136459322,0.9555799149853291,18.0
2024-04-01,0.02728100473256609,0.8224636248726792,-0.23171318355576162,0.7557960584643922,18.0
2024-04-02,-0.1544519167146923,1.51454919298979,-0.28674773054508235,0.7150847418150752,22.0
2024-04-03,-0.45802825083275145,0.5913396436652676,-0.3011499079119264,0.6687203390021069,8.0
2024-04-04,-0.5255497728975828,1.0165163350956001,0.15575118007720698,1.389655110846627,10.0
2024-04-05,-0.13100118753391501,0.935595138146508,0.08673738958481861,0.848712250237913,10.0
2024-04-06,-0.053840275712962446,0.8678575047597792,-0.046781957906842385,0.971746152644252,23.0
2024-04-07,0.35422135001526445,1.0267132637480525,-0.3732134150036585,0.4464048724559554,13.0
2024-04-08,-0.1901345262967816,1.0345883540129412,0.6255079911797287,1.4833634038268693,17.0
2024-04-09,-0.36309604064086265,1.029712855730824,0.8015611797619717,1.5602793565527304,26.0
2024-04-10,0.4774558910690709,0.7748992315083862,-0.3739248785554467,0.5137394501612528,13.0
2024-04-11,0.07197592289926717,0.6464629136688814,0.41652259693972077,1.8700860868587812,12.0
2024-04-12,-0.051727619814869945,0.8581506537010044,-0.1440722405466687,1.2449141885707045,29.0
2024-04-13,0.11108058028388003,1.0337946100938025,-0.06039978419095171,0.948427745713096,15.0
2024-04-14,-0.29607777483505193,1.350808638951041,-0.325167969467708,0.36843169748949717,9.0
2024-04-15,-0.05728732374017728,0.8666480229151091,-0.3061201356116146,0.6528226156216909,25.0
2024-04-16,-0.17684773478662438,1.0676980292629126,0.018901478448061303,1.2547220217865913,29.0
2024-04-17,-0.038655304473465726,1.0975065480421202,0.23793488111576983,0.9445792754434369,16.0
2024-04-18,-0.3805432128310621,1.1321696059107247,-0.1880741206461836,0.6616404813174216,14.0
2024-04-19,-0.06971082259199513,1.223872825111372,0.31590743187450454,1.7198442332508759,15.0
2024-04-20,-0.2978766644264749,0.5571580327525368,0.4161206870583501,1.6041519038509247,17.0
2024-04-21,0.16071423391721545,0.7656764483284693,-0.17686468570294286,0.7718320960089491,28.0
2024-04-22,-0.4369616729316157,1.2156167990757152,-0.32690993112854333,0.5756052748616538,19.0
2024-04-23,0.04121409543895556,0.8735395752805658,0.10321155317664811,1.3546598039479352,22.0
2024-04-24,0.11587088843128546,1.2860484975108708,0.038818807225756445,1.133319980114072,19.0
2024-04-25,-0.09895705410472,0.9258889861535261,-0.08679034471798142,1.1606158086505933,12.0
2024-04-26,0.401001757710321,1.2967042238555668,0.18303358362289,1.0899313790298093,10.0
2024-04-27,-0.06428452269968613,1.8003273185247748,-0.527737891143737,0.102713645294788,10.0
2024-04-28,0.061492827423440935,0.9824169013977154,0.5662393340969493,1.2518421766375847,5.0
2024-04-29,-0.01388310559010361,0.8531873517635178,-0.378520838481573,0.6524164686175096,23.0
2024-04-30,0.2124430299872714,0.972921173075932,-0.10885951600671055,0.9671096314667352,23.0
2024-05-01,-0.05589718712927535,0.9685924485976837,0.03371487072645513,0.823708153534039,21.0
2024-05-02,-0.1953892699274604,1.113801005524668,0.6663389716003081,1.5144384161404127,11.0
2024-05-03,-0.12206877646279105,1.0945359924066296,-0.19888046686235017,0.7478842477397292,8.0
2024-05-04,-0.414183735263422,0.9563831378802756,0.678026108464425,1.360220025808122,5.0
2024-05-05,-0.8025155486341763,1.2695715465426398,0.13401306831872473,1.0951096142988772,11.0
2024-05-06,0.24632970204965451,0.9513907502411421,0.1984641407179275,1.6570495956286928,9.0
2024-05-07,0.40471839478613536,0.9812821894061362,-0.34987205947189765,0.37189833336050904,14.0
2024-05-08,0.05149749151106267,0.9753516568384264,-0.21945469684459404,0.50537603396251,13.0
2024-05-09,-0.27780939463993787,0.8382532502602729,-0.23617906227395125,1.054149892520372,9.0
2024-05-10,0.2500663903823748,1.209412718083287,0.23895083211423027,1.1462137418824976,21.0
2024-05-11,-0.31158567480193566,0.6997450037412318,0.7316117003080255,2.212300126194228,3.0
2024-05-12,-0.765575409317122,1.0328455542023338,-0.21876100632679582,0.6629396868905331,6.0
2024-05-13,-0.17470785684899318,1.0568348777217962,0.2495193108562725,1.4239483762841778,8.0
2024-05-14,-0.3681888490619651,0.8629000918225267,0.006898429313954962,0.9211945760634266,11.0
2024-05-15,0.07048478163316366,0.8138760260735999,0.16559095483397593,1.1030290921699086,16.0
2024-05-16,0.1726390212965933,0.9800887969929111,0.5832230052201055,1.3462990830314299,45.0
2024-05-17,0.32487997124927803,0.7501771948398205,0.17128868561803118,1.5130770815088899,19.0
2024-05-18,0.18556751814962938,0.588407374445027,-0.03176861151250939,0.857801309252576,21.0
2024-05-19,0.0683980940929013,1.266473170843157,-0.33482393978638814,0.44669964472179524,22.0
2024-05-20,-0.0023977505703379866,0.8384279117897209,-0.4188058203289349,0.29903480380757286,29.0
2024-05-21,0.08056601973676515,0.8705053238957233,-0.11893504970894274,0.7264981777430431,35.0
2024-05-22,0.11138559078542687,0.9101557687089246,0.15771738242860203,0.8984962987235301,22.0
2024-05-23,-0.6801711162804994,1.230565754762351,0.0025205219179957605,0.9166175988684617,22.0
2024-05-24,-0.11277016795359983,1.1972648439558515,-0.10869593355289794,0.7704308195085308,13.0
2024-05-25,-0.1817951217281433,0.7455997974918404,0.14773234942037364,1.1839312140731943,12.0
2024-05-26,0.28564660817300674,0.9160877341066711,0.14480829043007695,1.40144877596574,6.0
2024-05-27,-0.3205565706900339,0.9324747527632109,0.02416265050340489,1.2375925390768938,19.0
2024-05-28,-0.14190104122400968,0.788356393075439,0.28720704232861793,1.1606088647562622,14.0
2024-05-29,0.16839019511621195,1.0584333562312267,0.08190277043364014,1.3676853940544342,14.0
2024-05-30,-0.20361975446754182,1.2170434929469112,0.07217136488912371,1.285043724177352,28.0
2024-05-31,-0.2457722201658323,1.2473090688438646,-0.06216834699378337,0.829062746911279,17.0
2024-06-01,0.32420729460397224,0.9030047913316257,0.059093918476353376,0.8179676691100956,17.0
2024-06-02,-0.08150126125235817,1.0270697423968882,-0.388471657263776,0.26107197490494116,12.0
2024-06-03,-0.14721915111507056,0.9872934118063077,0.03630944178793418,1.0226059478371736,48.0
2024-06-04,0.18732811158956067,0.9743485400565771,-0.14389727910767128,0.8480030035602131,61.0
2024-06-05,-0.050407503687182754,0.930718330070414,0.09762283085138855,1.2974088787646336,43.0
2024-06-06,-0.7680879266663241,0.8935062103734117,-0.29830969806535634,0.61868036715057,15.0
2024-06-07,0.2775629888920457,0.8501127734044414,-0.09100382523718634,1.0697081762127412,16.0
2024-06-08,-0.04162321851238072,0.7984383596239979,0.24393414116952453,1.1441094282932114,12.0
2024-06-09,0.4379874570110414,0.9823631606116627,-0.025734160516409282,0.8589160045766099,14.0
2024-06-10,-0.0974470806143481,1.3862077693879116,-0.23425374544296237,0.8923560973829932,24.0
2024-06-11,0.021221312925661904,1.0217814990076672,-0.11651771710126832,0.6485468121538487,14.0
2024-06-12,0.2212698315365533,0.803475356211798,0.8734385754710432,1.367638049282985,21.0
2024-06-13,0.17115086874755467,1.076579642132349,0.017461452411800797,1.091718228177855,16.0
2024-06-14,0.2982127432429643,0.9323106009115407,0.14552976103288215,1.2689500023654081,27.0
2024-06-15,-0.42372121508197486,1.4704036318304305,0.04042432613883096,0.7529470695155769,14.0
2024-06-16,0.09692671727012138,0.9934031725399197,0.25871446585823893,1.2243489246483454,13.0
2024-06-17,-0.5045985610168161,1.1323030631831705,-0.2942435716685378,0.5088269570806222,14.0
2024-06-18,0.44382308846025625,0.740719580688607,0.8962234360962539,1.3376105125950486,3.0
2024-06-19,0.29653464901883564,1.492333101608103,-0.3074952316397184,0.4635989698342131,13.0
2024-06-20,-0.12705009775202852,0.8989823348393786,-0.03352663278058254,0.8999181898016579,22.0
2024-06-21,-0.07422887041563057,0.9208186070997231,-0.3567151485190758,0.6802614373652025,25.0
2024-06-22,-0.3429187685500226,0.5339857823471404,-0.46228939616875386,0.420587426709589,10.0
2024-06-23,-0.8653678751699629,0.38744187449697043,0.16415495657493323,1.051286535015314,2.0
2024-06-24,-0.3079450926182189,1.0391452113105013,-0.32260498685548017,0.7082054423727183,10.0
2024-06-25,0.17687200509575188,0.9000280752697367,-0.026495420040312648,0.8398727283236748,8.0
2024-06-26,-0.3237978768498574,1.056734095841616,-0.22618337803110872,0.5905287007962239,10.0
2024-06-27,0.22197787391027587,0.8107236387337222,-0.2499665892859027,0.8161192151909988,16.0
2024-06-28,0.20731113128848286,0.804277106637082,-0.07035739447039374,1.2619316912183318,9.0
2024-06-29,-0.36586600270455283,1.2141869579270104,-0.2514582909033027,0.19825986223032932,4.0
2024-06-30,-0.039672020876640735,1.222279367499477,-0.21641921569599382,0.7280456738908122,4.0
2024-07-01,0.19378381915834345,1.0637449631061642,-0.08172357779553974,0.9267425066407663,12.0
2024-07-02,-0.04694039886902057,1.1650935413655201,0.12152377664680253,1.1615427668454255,18.0
2024-07-03,-0.07193147579365504,1.1112217830252367,0.01783836594331281,0.852171845433938,17.0
2024-07-04,-0.20652080306375584,0.9311723528973589,0.5373129664689369,1.856524727375517,15.0
2024-07-05,-0.2405042974999279,1.0718222506298807,-0.16678864751381686,0.695871194389235,9.0
2024-07-06,-0.19978117043420582,1.077771497013747,-0.34434661401844496,0.43250152487164273,10.0
2024-07-07,-0.6181837702795978,1.816148756223658,-0.2638724069865118,0.6866195931762215,8.0
2024-07-08,-0.2570341127753935,0.6834784127383731,-0.19069561363983506,0.657276869343773,11.0
2024-07-09,0.33272231310750516,0.8848707597841665,0.745727378749945,1.7688699204520797,13.0
2024-07-10,-0.02638168281100559,0.7316101704454526,0.05942657008850357,1.1182291811036658,16.0
2024-07-11,-0.28491015891114374,0.782512722994601,-0.19919453652412944,0.7711646003977696,21.0
2024-07-12,-0.31418813379393506,1.1438664479400094,-0.004442381670148682,1.1774372215923086,20.0
2024-07-13,0.25945863509479367,1.006853570353724,0.18254019297568896,0.7288646244461756,11.0
2024-07-14,0.8130381095119098,0.8732753955954148,-0.3315765278603425,0.5149541288643129,6.0
2024-07-15,0.08791096213893618,0.950206472856354,0.4295231224106596,1.496770350681911,13.0
2024-07-16,0.22169470602061292,1.382884325263657,-0.4183263085899351,0.2362945342606535,10.0
2024-07-17,0.1529816686250743,1.1879158530391032,-0.3422777057273069,0.3793814485866737,12.0
2024-07-18,0.403933626147177,0.4927211308527841,-0.34037786758079597,0.4677835437048634,9.0
2024-07-19,0.4127846774959506,1.0482165347185006,0.2725913730891473,0.9326446576669293,17.0
2024-07-20,0.15456620161139334,1.0955062709567214,-0.3186688994215029,0.5674219883993867,11.0
2024-07-21,-0.9700652526237634,0.6642004911692528,-0.354360613877504,0.5511562862718022,9.0
2024-07-22,0.0494331334720835,0.8812699760177072,0.37843434277713706,1.1164090542707543,9.0
2024-07-23,-0.2737043295433838,0.7202987280788615,-0.08111751520596214,0.6951356207693825,17.0
2024-07-24,0.08086556936773841,0.8526954493179654,-0.04299263276181705,0.8558201920662023,21.0
2024-07-25,0.2591869576931347,0.4104634699240303,0.1669520518101999,1.1535070186399794,3.0
2024-07-26,0.262772290474852,1.1788768378261771,-0.4327398272604803,0.2874397571222246,14.0
2024-07-27,-0.20068131206431497,1.451841603155302,-0.3288386648336178,0.5582859236588366,16.0
2024-07-28,-0.29635739745724865,1.0781098481199365,0.2537644030386042,0.9585993450617845,11.0
2024-07-29,-0.4320762026969156,0.6232706257054966,0.06759032935029197,0.975105743254875,9.0
2024-07-30,-0.2547842999808714,1.0587299184299148,-0.1907297356527325,0.6293838733206434,17.0
2024-07-31,-0.6736586847541511,1.1053306563803469,-0.3877776601435133,0.4782608132664475,15.0
2024-08-01,-0.10655119050189463,1.117080628162682,0.4373756576329986,1.3955704628767118,14.0
2024-08-02,0.27339694592494995,0.9761825252454417,0.49886082791162173,1.2133367733153766,6.0
2024-08-03,0.392838436899679,0.3612308085800689,-0.01710621702831866,1.065553313676065,4.0
2024-08-04,-0.09332360214416327,0.7747325362464728,-7.267989787444751e-06,1.2734464157641192,16.0
2024-08-05,-0.13361063935795087,1.0912711321097275,-0.012326414278118852,1.0455822154255372,19.0
2024-08-06,-0.1211890952142591,0.9557077478201136,0.3247220606863165,1.546513349798853,10.0
2024-08-07,0.24368708499611863,0.9735678196059881,-0.18031655840757702,0.8712575194682793,23.0
2024-08-08,0.0524139726728719,1.0623900993979307,0.28567716964697665,1.4279753744580121,19.0
2024-08-09,-0.24645044718893847,0.8804584790750655,-0.060334712616533816,0.640009346386449,12.0
2024-08-10,-0.02088476913914265,0.9786472721278738,-0.24104284952753957,0.5775784922888542,7.0
2024-08-11,-0.09087020569265157,0.9849484953803948,0.10111565815080752,1.425335871029096,12.0
2024-08-12,0.5798030170333841,0.21998461766513716,3.6654791974578353,2.0712034509947994,2.0
2024-08-13,0.31148591913430757,0.5019283548845034,0.2913126980102268,1.2952043140438378,17.0
2024-08-14,-0.5867765766175844,1.0478013719824455,-0.4373682481067384,0.15455287760499725,24.0
2024-08-15,-0.3817543243516723,0.7914223839031989,0.39010818766795063,1.0020449939924854,10.0
2024-08-16,-0.353448680779172,1.0648912979568685,-0.032710704118247495,0.8377250003888913,14.0
2024-08-17,0.37767889649480957,1.075556867095976,0.08848344286725152,0.9840659539943706,7.0
2024-08-18,0.19994306578931137,0.8680195565009963,0.5174334707084579,1.488084536954738,16.0
2024-08-19,-0.08703800680738243,1.2908533008423047,0.13401748660362858,1.5002172037806345,17.0
2024-08-20,-0.3926791315286508,0.6679225569946156,-0.1299363507836428,0.7691483853155417,8.0
2024-08-21,0.19049419792653025,1.0244094507379946,0.1303835518308891,0.8430731663825224,12.0
2024-08-22,-0.06327784509126098,0.8578233645900504,0.25932787036853566,0.894927056078702,8.0
2024-08-23,-0.0618920433333856,1.0068876319101914,-0.3658238963296179,0.46293058423930195,11.0
2024-08-24,-0.5832221398132835,0.6421037635878302,-0.31543961135894655,0.6866828374494014,11.0
2024-08-25,-1.0622881726730904,0.3126154616940832,-0.40721921137151695,0.006773724891975498,2.0
2024-08-26,0.16941728666225547,0.9362740686402847,0.48044138277358656,1.7728492948024883,9.0
2024-08-27,0.34905187230315704,0.9296829310705759,0.06732751851157234,1.2184460344807488,15.0
2024-08-28,-0.145897472391662,1.0033557245085585,-0.10358043785277632,0.8487111718236331,15.0
2024-08-29,-0.1493328488987382,1.034776823770962,0.044489710851879916,0.9557487196461928,8.0
2024-08-30,-0.1749307444993078,0.5298971235277701,-0.07494930229284072,0.7101426936888987,7.0
2024-08-31,-0.14437312861102988,0.2946156575561091,-0.09373580791820275,0.7818926490973394,6.0
2024-09-01,0.41219971625960816,1.8015224223176087,0.8263025491938029,2.031166860570069,7.0
2024-09-02,-0.3134226691038985,0.7697770630803281,0.6540789996689516,1.2250093279066312,7.0
2024-09-03,-0.8244787158955876,1.3343424149715444,-0.48673696586585574,0.10567800912993147,6.0
2024-09-04,-0.20837167978938656,1.0631026637785301,-0.3699828903137666,0.5815331890588409,12.0
2024-09-05,0.7626810305401185,0.7551492447902616,-0.0479984851014885,1.1040952640423327,10.0
2024-09-06,-0.09382815705978106,0.9252322223703756,0.3617404948155363,1.1037453420182892,22.0
2024-09-07,0.11772530676342069,1.1587739210902093,0.11626245357469617,1.1896441791005608,4.0
2024-09-08,0.3013034257612278,0.7180109598255581,-0.11165992922942494,0.8870881499220793,7.0
2024-09-09,-0.12997318501894445,0.9004753813116426,0.2039698462321718,1.1228387287448154,14.0
2024-09-11,0.2962258811692231,1.0711017093978659,0.6996970922843492,1.674898933211192,17.0
2024-09-12,-0.3712237779372102,0.7382307982601614,-0.07544180023412503,0.9480138149617011,20.0
2024-09-13,-0.07527757087644166,0.8834432989026483,-0.13390257361792135,0.9275440904942868,34.0
2024-09-14,-0.37769752269152973,0.8066153494172805,-0.14049182108684166,1.0216249962814707,12.0
2024-09-15,0.0646488627328066,0.6342263486122294,0.33410693455208706,1.3695717715284381,21.0
2024-09-16,0.010401045950421125,1.1571736055933999,0.013428198581205019,0.8918249287665618,38.0
2024-09-17,0.1866966268862138,1.255353827586743,-0.1747149672707433,0.8763022619332983,34.0
2024-09-18,-0.08752045949872063,1.0028813724473553,-0.13901611874928557,0.8580459848635368,24.0
2024-09-19,0.11811852108093157,0.9511279428517885,0.05822130673546152,1.0474769323889712,35.0
2024-09-20,0.11470108191552437,0.9660590420496074,-0.12741597025682427,1.1558790690606378,37.0
2024-09-21,0.060271455311927284,0.6002025210268992,-0.16070648931923268,1.0796231210984033,13.0
2024-09-22,-0.42671965933493844,1.1639716205442094,0.05391975983177565,0.7826625223656212,17.0
2024-09-23,-0.4234674578617558,1.2531163622230237,0.5735877086295658,1.8646810596841021,14.0
2024-09-24,0.18009803986796544,0.8358709288627857,0.1304168957879114,1.0978258910767218,22.0
2024-09-25,-0.054578468329331026,0.9916128499554089,-0.103845354012297,0.8673334806162806,29.0
2024-09-26,-0.3158094513271694,0.7030894436523701,-0.047353835964372266,0.820990386888546,23.0
2024-09-27,0.11358049969682331,0.8347729108251827,-0.35376121040411,0.3712546163737039,11.0
2024-09-28,-0.048759492962588566,1.3237918816353158,-0.5147793278445008,0.09592494822277528,13.0
2024-09-29,-0.1810531670934129,0.8715615605911239,-0.4475278024913595,0.2899151797412766,21.0
2024-09-30,-0.20733212176204693,1.1695767793070189,0.4474799880183594,1.1558219519064963,26.0
2024-10-01,-0.058529472899829425,0.9342516088523343,0.2064733617139884,1.0373423358798393,30.0
2024-10-02,-0.1802237189584271,1.1076185702242638,0.347824881610357,1.5818285704473187,10.0
2024-10-03,-0.2665786919971191,0.671382795859874,-0.15329055361503754,0.7086125888287879,12.0
2024-10-04,-0.11438081133818026,0.8926724966220602,-0.1293985836574429,0.8443275759804773,20.0
2024-10-05,0.2557225117153625,1.1225139912225595,-0.24716583605696063,0.5268433985117597,12.0
2024-10-06,-0.24637999353111004,0.528243010349748,-0.10791196888953365,0.888993498486738,6.0
2024-10-07,0.2734550259711008,0.7504704339159279,0.12249158967866475,0.9725571216286222,18.0
2024-10-08,-0.06968752863806454,1.003202187164609,-0.15754542146853961,0.8207712982178129,26.0
2024-10-09,-0.2894456318647283,1.0884857512698034,0.10796617838075405,1.312382514386739,22.0
2024-10-10,-0.14901829811500072,0.6262568844301768,-0.17560466328003563,0.7928549753365157,19.0
2024-10-11,0.4295867504805845,1.00887582458808,-0.08028492484838695,0.9978493106981557,17.0
2024-10-12,-0.8376607150386098,1.1123702936345745,0.2412313814375729,0.9570221518289542,5.0
2024-10-13,-1.0453714827572893,1.254616869396975,0.06860075071524528,1.5048877442736142,6.0
2024-10-14,0.0543337718605675,0.57985312787119,0.23861266573374015,1.5188613408159521,9.0
2024-10-15,-0.2062534326148026,1.1438291141665577,-0.17432706511865517,0.6886272973043907,14.0
2024-10-16,0.09326356720201898,1.0446644587294085,0.14188861062879954,1.434827314493963,34.0
2024-10-17,-0.04968558213692931,0.8245789544112322,0.10780565233159654,1.6672490581755441,21.0
2024-10-18,0.21145800140785354,0.8516409276819196,0.055878197498093904,1.109211320615225,23.0
2024-10-19,-0.4313050284020035,1.3412612427399035,-0.05709127346004343,0.8841625844187181,13.0
2024-10-20,0.1413846510013339,0.8807749965224079,-0.11774087868063653,0.741508693176878,17.0
2024-10-21,-0.038437163933834596,0.780679632599381,-0.03755437511801635,0.8492015598778003,40.0
2024-10-22,0.09745831353834034,1.060263067286117,-0.10796975040771052,0.9693303132155933,29.0
2024-10-23,0.13522886003450585,1.074134069159255,0.19913311077521584,0.8184436979970514,17.0
2024-10-24,-0.28104965219862,1.0135651688881708,0.4023645890126681,1.148490146098084,21.0
2024-10-25,0.2916133845784545,1.070127735804398,-0.4307430759149982,0.2506073834705688,22.0
2024-10-26,1.014867253687755,0.6888576243855399,0.04265589804687242,1.106007339395061,4.0
2024-10-27,0.2542782293539103,0.6337828665382687,0.4008845480832062,1.086057137954498,12.0
2024-10-28,0.09066596770577241,0.9259924117267525,0.39602099423880843,1.1079754023466002,19.0
2024-10-29,-0.003375197134135855,0.8731679826640765,0.045009186467035056,1.118819181531218,32.0
2024-10-30,0.3102545486497684,0.9721511664171847,0.5052661717370937,1.2202921636567943,25.0
2024-10-31,-0.204055322006713,0.7697411020465726,0.13193242732043528,1.1472822079964577,32.0
2024-11-01,0.20514961465620135,0.624135582533912,-0.04543928690247535,1.0097624110856196,18.0
2024-11-02,-0.39849217109841617,0.9733304439863987,-0.2734599275274926,0.3898375372122753,5.0
2024-11-03,0.3291915722312447,1.2270837685661755,-0.12748316700459966,0.7323826719675346,15.0
2024-11-04,0.13824515182203242,0.840516994112286,0.3970220268087233,1.2382653657951888,21.0
2024-11-05,-0.33953712392552343,0.9463669368957862,-0.38721165172303457,0.47091515869866907,8.0
2024-11-06,0.28472405047771565,0.8476578301332389,0.9534790493082979,1.694506636402116,23.0
2024-11-07,-0.3779666886459676,0.9978808936344321,0.3039532010180276,0.9905883798068966,15.0
2024-11-08,0.7262049530730846,0.7988258619551952,-0.004349660077043405,1.0527532870715346,10.0
2024-11-09,-0.055833479114544275,1.121194673468954,0.22868526412161866,1.2836208361798649,16.0
2024-11-10,-0.10036989612071597,1.12669578622228,0.1397117420789903,1.2501219328236681,11.0
2024-11-11,-0.44513653009710347,1.2035836690144013,-0.1916992113003525,0.8014645295370341,13.0
2024-11-12,-0.3628012940632891,0.8134944513695302,-0.010541561587190718,1.0287230679391153,8.0
2024-11-13,0.11395850144724341,0.7819803098641597,-0.21163305402278107,0.7878225084088069,12.0
2024-11-14,0.043055403158074254,0.7333867659316731,-0.1372407967433746,0.9382100434118245,11.0
2024-11-15,0.0037755737795102107,0.814964947320399,0.23386895706722177,1.0341143356914422,33.0
2024-11-16,-0.07847232036365717,1.047566511809905,0.25852846617553193,1.4140512239958305,10.0
2024-11-17,0.17536078023875104,1.1808560550380933,0.2821116910812382,0.938865461271376,4.0
2024-11-18,0.11186653805999439,1.0887836767680137,-0.2701605509645126,0.6798281127664412,27.0
2024-11-19,0.3408815634605373,1.0071897030945582,0.1451925072982391,1.3616866943518258,45.0
2024-11-20,-0.05612367707223374,1.072491060354274,0.06581265865731657,1.127948077034804,44.0
2024-11-21,-0.2132448980712763,0.9805859275662114,-0.032164148533404095,1.001451990284549,43.0
2024-11-22,0.42844794236157197,0.974550648843053,0.14107492796341578,1.1340538141069558,44.0
2024-11-23,-0.3462378832340254,0.5926039371814753,-0.13790445162787562,0.75964214781343,10.0
2024-11-24,0.30452818638276574,1.0353737919438204,-0.07694426940372655,0.8086462074794765,11.0
2024-11-25,0.24737421200366633,1.1079852373456944,-0.12264648091735736,0.7305137241659653,18.0
2024-11-26,0.13224282257206477,1.083852224875214,0.0856537787847523,0.9979277975366341,29.0
2024-11-27,-0.1816572747532885,1.2834674799439696,0.1832644829101795,0.9226193912233326,32.0
2024-11-28,0.2646693362921653,0.9988185037734556,-0.2618402777940461,0.7020916571805896,12.0
2024-11-29,0.18473859903249634,0.9081257505422394,-0.1823864042360044,0.7335287791073043,7.0
2024-11-30,0.2618393247243562,1.0174500313424482,-0.12462912227701042,0.7598019649825553,19.0
2024-12-01,0.20576159235455857,1.0656577819602027,-0.15600124953877315,0.7288372353541647,16.0
2024-12-02,0.06085758620142175,0.9158432203629537,-0.0044400509538294886,1.2070709038947347,31.0
2024-12-03,-0.4634548422547759,0.909058948830071,-0.37533471721055905,0.5251483218573534,19.0
2024-12-04,0.012828829811432728,1.0350458263191824,-0.17157315966487002,0.7033001409132926,29.0
2024-12-05,-0.26892705417363433,0.754802176859137,0.25653143548669866,1.2193705066272094,21.0
2024-12-06,0.11568012385946194,0.8472170658090631,0.16362272762408067,1.3482289402921492,23.0
2024-12-07,-0.18911414584765965,0.7070718552958267,-0.39806924868540094,0.21347758142939993,11.0
2024-12-08,0.06366876306260397,0.957277061644137,-0.3954306189052952,0.2315552756170174,11.0
2024-12-09,-0.24198723495940333,0.6413240967301345,0.28212335024623664,1.4401830404487321,19.0
2024-12-10,-0.2339846187074213,0.9366286952724974,-0.05809345809269306,0.6969300673601254,21.0
2024-12-11,0.07750675119471015,0.8355532025858756,0.0566492677623008,1.046893688629803,42.0
2024-12-12,-0.041707937784226115,0.7432912141567769,-0.10957620528264582,1.0092190862444828,14.0
2024-12-13,-0.0823372376322669,1.0983375302588605,0.23977276179172766,0.9863759398953066,30.0
2024-12-14,-0.16182436821206073,0.5853832701113117,0.2153685189782548,1.2504356242260828,18.0
2024-12-15,0.13141038192986387,0.7058257446818795,-0.0729942890252313,0.7224544671201565,13.0
2024-12-16,-0.07744322342445854,1.3303533021809777,-0.2561943400829325,0.7054298855828784,46.0
2024-12-17,0.1402300902160072,1.0156349387028805,0.0026600747415444657,0.9057398181623154,37.0
2024-12-18,0.16891760832154926,0.6982402329259646,-0.011724961748915763,0.948745123218463,28.0
2024-12-19,-0.03734823455971639,0.9761003156297579,0.2680239455543851,1.140010327012266,26.0
2024-12-20,-0.09204556363818013,0.9260200078874299,0.01888295863591738,1.1348339481084224,59.0
2024-12-21,-0.520119922565513,1.132769426515978,0.004668357868347632,0.6930602978868103,26.0
2024-12-22,0.16444600114064153,0.6388285628752143,0.16548550319708258,1.2030282800285146,20.0
2024-12-23,-0.19323790013776068,0.8954940679117049,-0.31154522529667455,0.5339552302783915,25.0
2024-12-24,-0.05392235734053357,1.136525630424689,-0.10952469847870795,0.6817170213049865,15.0
2024-12-25,-0.724271684591807,1.188575981539756,-0.3217709609543484,0.680870683511394,12.0
2024-12-26,-0.26687680180515255,1.2128190147873936,1.1260448349808756,2.041954368196413,13.0
2024-12-27,0.19301652539526243,0.858539551640725,-0.2261621069625829,0.4173630715836952,5.0
2024-12-28,-0.015513298936313782,1.0742179977122848,-0.2936965471944991,0.678546578230183,26.0
2024-12-29,-0.2262842833448402,1.661990745302141,0.031624743549565494,1.1237667596028984,6.0
2024-12-30,-0.17583923283779332,0.7912221538239297,-0.2327819599124361,1.003371907572588,23.0
2024-12-31,-0.20440027031741773,1.2466314427417782,-0.33347823308124164,0.3439847887719866,12.0
2025-01-01,0.2951828326092182,0.5516789163709204,0.2800373665188863,1.0731366382217595,12.0
2025-01-02,-0.18342416648931845,1.2260904223125895,0.01961373567769469,1.3382991922039182,25.0
2025-01-03,-0.17656226575871656,1.0817599421001831,-0.03788736792959835,0.8339002415689283,43.0
2025-01-04,-0.053373743027109066,0.9777377464099412,-0.09284770172663724,0.9082581872736695,28.0
2025-01-05,0.08142924917352037,0.8637909251915394,-0.29573270504285115,0.5826459574050611,59.0
2025-01-06,0.13706008770402953,0.6295462123957923,-0.07478065112216645,0.7064251768974343,21.0
2025-01-07,0.28994065478184844,0.9050250526626584,-0.17188622595585987,0.6699397501807722,14.0
2025-01-08,-0.3732780064842142,0.8281088022208397,-0.04173914798311661,0.9971266600324697,29.0
2025-01-09,-0.29082850431968876,0.6886027683771452,0.40042699508770974,1.3048175492652367,22.0
2025-01-10,-0.12392946500091424,1.0825730882526505,0.04009525420437813,0.9915098374409655,26.0
2025-01-11,-0.08053011372613836,1.1296705471467445,-0.14749261599280555,0.7378269739520453,25.0
2025-01-12,0.10251323029817486,0.9450883035062004,-0.08154224566544724,0.7519526560266415,34.0
2025-01-13,-0.15897847355516942,0.5887208850699303,0.2170101051877336,1.1881228558942933,13.0
2025-01-14,0.2541429281876196,1.1540425951211497,-0.14929963903396334,0.6835953009535496,12.0
2025-01-15,0.0005172030295071136,0.8467764108686567,0.622241545364598,1.3593753581200805,39.0
2025-01-16,0.0041036445774822175,0.83069526329352,0.29897235168099395,0.9782127036950254,7.0
2025-01-17,0.1498797986543064,0.6610390450607593,-0.33278230914027707,0.5143399676314958,8.0
2025-01-18,0.15060307287119065,0.8067132666094635,0.37557831224752075,1.452770138014543,24.0
2025-01-19,0.12302585860396203,1.204298988209927,-0.1273511644500486,0.8534264254498954,16.0
2025-01-20,-0.075495677588075,0.7324924758489025,0.23052946162296523,1.3483684216941692,14.0
2025-01-21,-0.03516940339851203,0.6889712160362829,0.6384715376012975,1.9880659527227675,29.0
2025-01-22,-0.17959823060973998,1.032273436318243,-0.07737684176256528,0.9473713515307675,27.0
2025-01-23,-0.08282560030304104,0.7048695134897764,-0.07625826472440513,0.7741470538267958,25.0
2025-01-24,0.31327294148541557,0.9467402310338335,-0.21165857622596798,0.8924340429105391,23.0
2025-01-25,-0.14318705536049867,0.7817784776786469,-0.36446933895786454,0.39249237708740375,11.0
2025-01-26,-0.38578783204401784,0.6564748567963045,0.1424413743588091,0.9604164430233832,5.0
2025-01-27,0.07604099878224549,1.2790902942935958,-0.38553150004025954,0.30047235529090227,14.0
2025-01-28,-0.039784513391291514,1.031018875917864,0.07170510857293745,1.197038658351025,29.0
2025-01-29,-0.14603043484655404,0.8883987097630998,-0.39834628429409996,0.4377236061207451,19.0
2025-01-30,-0.06302235717358681,1.4653801833378872,0.6979917219588366,1.443529350763202,13.0
2025-01-31,0.18974596485006312,1.0764288211381594,0.26428840910642887,1.2155287638099983,33.0
2025-02-01,0.34546360986051616,1.0758979819089538,-0.27165737328583245,0.7503017055333935,18.0
2025-02-02,-0.18906785254818384,0.8228344852335912,0.27319128965888684,1.1066728060353639,12.0
2025-02-03,0.044104307497893826,0.9899065210444039,0.4074724980467684,1.1615664368371137,24.0
2025-02-04,0.09801912728864207,1.2110983256396386,0.3721492627614346,1.2215843293103483,11.0
2025-02-05,0.20459192763719428,0.7775761304197544,-0.059553061327709086,0.8144830791425232,34.0
2025-02-06,-0.13087657182240012,0.6167533068435502,0.7077234600248513,1.615460825458919,16.0
2025-02-07,0.12194923857944329,1.042513000875434,0.2851878330339359,1.3060985967439378,29.0
2025-02-08,-0.06138746708253478,0.9419725156443045,0.43589459931553165,1.2287019475284262,13.0
2025-02-09,-0.22542967630416444,1.2661624178096567,-0.35170692898731676,0.46090097851136036,21.0
2025-02-10,0.14600797459149592,0.8158989790669964,0.33024819403654443,1.2663906097123343,25.0
2025-02-11,0.29460922078058915,1.064616161802308,-0.35458192292975854,0.49112533049426027,22.0
2025-02-12,0.12107624499469852,0.7565990898708204,0.11545721112309473,1.0151940524314276,16.0
2025-02-13,-0.09805256145406417,0.9013487735792356,-0.2356848118470178,0.5124913524188579,22.0
2025-02-14,0.13409145532094854,0.9273091055234818,0.6789655360091116,1.7293083385937813,43.0
2025-02-15,0.1632408318505565,1.048175381322162,-0.05396422154068835,0.7087876641841374,28.0
2025-02-16,-0.32118598763615097,1.360606066236076,-0.33645475628551336,0.6116902267519987,13.0
2025-02-17,-0.04079377171139376,1.0793685287395542,-0.1847927569583031,0.9462051828031721,23.0
2025-02-18,-0.056305700381170026,0.8051342297942226,0.16075936986580597,1.4830937079924733,18.0
2025-02-19,0.15285496461139045,0.9456586504071848,-0.09549341657724651,0.9254788862354302,15.0
2025-02-20,0.38046175215274985,1.054009063325717,-0.1076344583213276,0.903152851659262,19.0
2025-02-21,0.029025836704986447,1.7666454571505639,-0.1512702855878797,0.6746176261694973,9.0
2025-02-22,-0.04505183360540266,1.4727958962827914,0.21591969325869856,0.9591472107636294,6.0
2025-02-23,0.2830812638157425,1.263883506463689,0.37087087268855956,1.1239149756320566,9.0
2025-02-24,-0.34606799056024623,1.0967905276655063,0.17488903030593986,0.8018192373744397,13.0
2025-02-25,-0.5268687216622526,1.2751750796081518,-0.09440421269927306,0.8974611573602019,22.0
2025-02-26,-0.4190153993279691,1.0071482706978792,-0.20853333233520877,0.7643748015546801,24.0
2025-02-27,-0.09484848275262578,1.840186084848853,0.20231026717586156,0.7535566776898208,5.0
2025-02-28,0.494253509744074,1.0542033005092246,-0.3290748387253215,0.6907775326939529,9.0
2025-03-01,0.4674265293382745,1.8554203076277422,-0.42464405704997726,0.03342932940986724,7.0
2025-03-02,0.08056963089978426,0.5937062809839571,0.7033138142038602,1.3237804437202587,8.0
2025-03-03,0.4298910215032465,1.2055754998157064,0.16149692437097432,0.9530216941042831,8.0
2025-03-04,-0.17621475089457225,0.9867054748758499,0.275330319126436,1.5495362912415132,15.0
2025-03-05,0.024494411857781354,0.9386251610236465,0.11024507545066156,1.2559797027586987,16.0
2025-03-06,0.08551267961865615,0.9191502628076423,-0.33435469145002994,0.5158736563430442,13.0
2025-03-07,0.1484911792658467,0.8986643756881811,0.2546555790927049,1.4553824391512313,15.0
2025-03-08,0.6138221675055775,0.9233248757101483,0.4494653928336366,1.3530720225048005,7.0
2025-03-09,0.1463683242734326,0.8377685100176582,0.31278696135455636,0.9610549478026126,18.0
2025-03-10,-0.16711734174604553,0.867815359030097,-0.14254525091165232,0.7642095373481211,23.0
2025-03-11,-0.42214425871842953,1.293241169900089,-0.07514022721569016,0.8854573898100727,22.0
2025-03-12,0.19237596428828668,0.7825316592913861,0.6684066943254322,1.4191370331841697,15.0
2025-03-13,-0.11023141398122634,0.7940058806269761,0.3184473476493908,1.3976845024443378,29.0
2025-03-14,-0.1352428713798653,0.7472031558319394,0.16057260798042336,1.273646769222147,28.0
2025-03-15,-0.06359917305213579,0.7956155151310687,0.26992777626465586,1.182637378063944,12.0
2025-03-16,0.004285161953902624,1.3417482413037092,0.20723348603561242,0.9801005890271118,17.0
2025-03-17,0.04389464394566929,0.783806360518372,0.4426122683022909,1.159240258708875,15.0
2025-03-18,-0.28537028754482663,1.1829126140000177,-0.0313408803580388,0.7763153741356233,18.0
2025-03-19,0.6838909872195256,1.1289678233711353,-0.21431674860482278,0.540585329794177,14.0
2025-03-20,0.152077934736317,1.2410219986994613,-0.22434815777387832,0.6488401995641231,19.0
2025-03-21,-0.006621688454409171,0.6197643545439268,-0.03043569344969991,0.8494852274567883,19.0
2025-03-22,0.18758081984763283,1.3246722953789556,-0.4490551307521118,0.15571216611923122,10.0
2025-03-23,0.15513106426766812,1.007681804129065,-0.1641902489140574,0.5951188495452243,7.0
2025-03-24,0.2745997844128475,0.8042383910381798,0.5373912789754776,1.4824594668832451,14.0
2025-03-25,0.04293391947437179,1.503118359710406,0.5723972808205582,1.5610300040562355,14.0
2025-03-26,0.18182937146167472,1.039576131054454,0.23133488613460845,1.5478593523751114,16.0
2025-03-27,-0.22498149081654228,0.8889196540076385,0.387776910441528,1.316041162916174,22.0
2025-03-28,-0.035762931604571356,1.2560371456956527,0.09975016119606632,1.0668065830997422,23.0
2025-03-29,-0.038824098155812205,0.8125055901069969,-0.29965893852102027,0.4327300692319406,9.0
2025-03-30,0.46734881202258727,0.8392699522229546,0.04017676025526235,0.7669876972953885,12.0
2025-03-31,-0.1550450606073457,0.9191082803342085,0.4175667880922883,1.1169754119614392,23.0
2025-04-01,0.1326096804640938,1.136651804199191,0.3453181615041587,1.1488791176326925,17.0
2025-04-02,-0.062182038678905524,0.8705890887667292,-0.04934791884313027,1.0003066889130154,23.0
2025-04-03,-0.20273887642581692,1.0636796798377857,-0.3459324307829359,0.4566012667697804,19.0
2025-04-04,-0.3473683910951924,0.8126136465414288,0.01966380137398009,1.570251983639375,13.0
2025-04-05,-0.14552403117323387,1.1170251188495324,-0.03463149001363608,0.9503174124168169,11.0
2025-04-06,0.5039858684856421,1.075817452910449,0.45793639411350234,1.2554525053847174,3.0
2025-04-07,-0.709101964547821,1.1197482327746335,-0.3055136688710839,0.5904700008129355,16.0
2025-04-08,0.1362307377751069,0.6535591213020066,0.04184288383076647,1.0233556592533315,10.0
2025-04-09,0.14827796312132024,0.853029677323706,0.07513483950234268,1.300613699220426,25.0
2025-04-10,-0.5822995756068584,1.2650701237501785,-0.06620809299646577,0.6919635802801221,20.0
2025-04-11,-0.2009040165318271,0.9109503163832164,0.027015398209696784,0.942531347127622,22.0
2025-04-12,-0.395169359644753,0.6392547013325469,-0.025649566917229173,0.6114990677885151,5.0
2025-04-13,0.13641105488870364,0.6085885276968424,0.2986105085694629,0.8975669987690741,8.0
2025-04-14,0.20293046600752404,0.48640367610743296,0.02752240084979223,1.1695408181535218,10.0
2025-04-15,-0.26610795341636745,1.3046824571910949,0.1912348767049548,1.3071351496556918,12.0
2025-04-16,0.6603223358203412,0.863912866731237,-0.30507110948739957,0.3963565862474764,10.0
2025-04-17,-0.0864055331511694,1.115768514523768,0.29821114361743745,1.476250093120696,12.0
2025-04-18,0.02099173067443087,1.2938434745956318,0.24132728950134352,1.521062467072868,30.0
2025-04-19,1.2544164591990443,0.3677012243067654,-0.5479126569160262,0.11298183935175658,4.0
2025-04-20,0.5171645527722102,1.1470241988321954,-0.017188918129855058,1.0341197004053568,5.0
2025-04-21,0.0067603064986058396,1.0260961741496615,0.23827843661210585,1.0362275056508,15.0
2025-04-22,-0.4565766694370848,0.9105702569839218,0.2696956822472061,1.5346471522795206,7.0
2025-04-23,0.4594696334843465,1.159577573173286,0.17971506888971786,0.9756497898587766,6.0
2025-04-24,-0.3235660235599054,0.9432970206286838,0.056194037128779614,0.8023470370372917,11.0
2025-04-25,-0.6823138378491866,1.1184898812474042,0.16774453974011858,1.2822989171212595,17.0
2025-04-26,-0.4426337192788412,1.4821419918196783,-0.40502022217739153,0.1866512999024854,3.0
2025-04-27,-0.7137172465024091,0.8469199796487336,0.1652879335994919,1.1545937835520337,4.0
2025-04-28,-0.001333117647112208,1.1561340289680813,0.02465663924868093,1.0532628030029318,31.0
2025-04-29,-0.06873141535417784,0.834731498632767,-0.028188576574679085,0.9332725411129147,41.0
2025-04-30,0.007040043937410668,0.8760620546826212,0.1537628050937086,1.2326141462321878,33.0
2025-05-01,0.031025486721844204,0.951960842049734,0.11027725454816878,1.1148809547667835,9.0
2025-05-02,-0.27000497462810596,0.8740586241013112,0.1299910365206232,1.1146539694484492,19.0
2025-05-03,-0.3016009234563069,1.12970615493446,-0.379568038915205,0.24330947803703906,7.0
2025-05-04,0.03786569705246626,1.1855176864236248,-0.42930879120978604,0.28394975908087633,27.0
2025-05-05,0.2807270840804081,0.7719465666668297,0.5535769055726718,1.3872950386840968,11.0
2025-05-06,-0.5060554410922482,0.9821838931435366,-0.24595410505765733,0.532914948655556,12.0
2025-05-07,0.09562715399793822,1.2038727595939032,-0.039498879587493124,1.3216755978999102,25.0
2025-05-08,0.016893756269218456,1.4184832575171828,-0.31945172147570566,0.3974192806667334,9.0
2025-05-09,0.3425675796558889,1.0567651047889153,-0.27593369762301534,0.5942727119690729,21.0
2025-05-10,0.6680772004575463,0.5166179835222371,-0.2385153481725798,0.4081789599755065,4.0
2025-05-11,-0.3462051508112747,1.5779634419652488,-0.1953444557776176,0.8488699773722606,8.0
2025-05-12,0.3393319291075699,0.7988868465760887,0.05391136396647563,0.8562369868805831,21.0
2025-05-13,0.06232616270734756,0.7990142421375872,-0.2850502272859118,0.4698529436215617,18.0
2025-05-14,-0.01686481739486436,0.8229570881730163,-0.1005332307167943,0.6774420930795931,11.0
2025-05-15,-0.4210847778579377,1.1502795612918808,-0.22098282399367494,1.0478129517808097,24.0
2025-05-16,0.180858014392445,1.478531219814283,0.560895501366003,1.4132556540347159,17.0
2025-05-17,-0.04499631128264696,0.3551725570390754,0.5735590968932139,2.0723072532633164,7.0
2025-05-18,-0.5509273800352564,1.020667142485596,0.9719696064645853,1.457128626932984,11.0
2025-05-19,0.024233759777234232,0.9558525047853539,0.09446700176587637,0.9881081849612848,17.0
2025-05-20,0.14996032047737923,1.430648145169731,0.8419282305062108,1.372136701813516,20.0
2025-05-21,-0.41159137501496,0.9157488361088352,-0.16095846947957598,0.5611133132206775,17.0
2025-05-22,-0.6543532822911423,1.14630760661594,-0.12459376031981963,1.1006376782930882,23.0
2025-05-23,-0.2598317205911406,1.2526649267515035,0.011020296873061566,1.092482164629952,19.0
2025-05-24,0.3421441020205338,0.8410626582950945,-0.20900574148407428,0.758051266473947,22.0
2025-05-25,-0.5803593722091237,0.9093311466165361,0.3276416047509119,1.2038084740492678,21.0
2025-05-26,-0.3790515956090156,0.8046299747579398,-0.13155063692066302,0.6450178672083798,8.0
2025-05-27,0.1250410624406379,0.7578112817076021,-0.38725186232295566,0.5044214212360242,9.0
2025-05-28,-0.019648918367033575,0.6737885729286984,0.11836566455880797,1.032343938954399,17.0
2025-05-29,0.25798747106138464,0.5985981993260882,-0.05148852777444812,0.6044388271289423,9.0
2025-05-30,-0.08378534008253911,1.0442286748740381,0.09873176164236398,1.0272810148430496,30.0
2025-05-31,-0.12135870015710568,0.9897117660701018,-0.22973395112792777,0.6480708496894032,20.0
2025-06-01,0.33723603647671774,1.076213366732642,-0.028052650389796673,1.2000768989956363,11.0
2025-06-02,0.5689779356545183,0.6797229711099377,0.6963748208123275,2.206085846810587,12.0
2025-06-03,0.07766737191736602,1.099898903708295,1.0016181654987883,1.7382268490706756,11.0
2025-06-04,0.21382179626728492,1.4978067850045367,-0.007618802191210842,0.7782779303808276,4.0
2025-06-05,0.16143630033061163,0.7960867629502618,-0.27519768666384536,0.5694641018351544,7.0
2025-06-06,-0.5214835320557345,1.4598330050493291,0.29700099638568517,1.644034862059049,14.0
2025-06-07,0.04229636019117769,1.204864566735513,-0.08034668504257679,0.9548490671949236,16.0
2025-06-08,0.551866634853942,2.0698790774156426,-0.11692662170457332,0.7291181046417726,5.0
2025-06-09,0.41274800902825337,0.9839101127439225,-0.24004799460124726,0.6080860202487204,6.0
2025-06-10,-0.04087476740514373,0.8462326164201479,0.24741959962868693,1.396455176383161,13.0
2025-06-11,-0.10907514149613937,0.8666592951911513,0.42810192179975876,1.0463077194172445,14.0
2025-06-12,-0.4558073299894317,1.3042897552246613,0.022157577188241986,1.105222987679444,18.0
2025-06-13,-0.01649650415218003,1.0403748860620983,0.4460983402106435,1.5362683309120484,13.0
2025-06-14,-0.537475623038191,1.7684269272460018,0.27992365347099946,1.4254078378933341,6.0
2025-06-15,-0.4431883370531235,1.4056801722576666,-0.2333110839580748,0.6748578603519472,17.0
2025-06-16,-0.4838890654558967,1.6012504858491359,-0.21563546616547652,0.5818944428529815,10.0
2025-06-17,-0.3608947204382327,0.9219501620922427,0.4683244804263004,1.1577432458320562,28.0
2025-06-18,0.1110034599348292,1.1087142478705814,0.08947350519039711,0.9258916428041163,15.0
2025-06-19,-0.06137991038081165,1.3701381707765532,0.2853757801794512,1.6784003543706012,9.0
2025-06-20,0.6546850034857028,1.1443738360818785,-0.30907560961400754,0.3569490312148517,13.0
2025-06-21,-0.9408835226815102,1.1706276920987686,-0.0799098031180541,0.4696591291363349,2.0
2025-06-22,-0.47526815844523324,1.3635553869384245,-0.4557447135814454,0.11035568909578965,9.0
2025-06-23,-0.08833520544986549,0.8666972395654245,0.10916918867806642,1.1190125098689292,9.0
2025-06-24,-0.1269227876329533,1.1673038163348182,0.25765540144138743,1.1797849502794104,12.0
2025-06-25,0.08593899453819487,0.9450322424425531,-0.029894785296710337,0.8428266322906155,23.0
2025-06-26,0.18790450781578,0.9843994870876625,0.07678380115230027,0.835335054984924,9.0
2025-06-27,0.14540411364709457,0.8776921190639172,-0.4163007478016132,0.37078718153575185,12.0
2025-06-28,-0.3624549464259725,1.010348355744517,-0.09026217307784852,0.6073219033734888,11.0
2025-06-29,-0.3172706253183036,0.96634606280975,-0.22693305701608676,0.5958074808720061,11.0
2025-06-30,-0.3031242554104072,1.2332683970756317,0.5292520683648898,1.7488254534604668,9.0
2025-07-01,0.30398780984297247,1.2799807931863365,0.04116998177458079,0.9872211609170969,21.0
2025-07-02,0.08664731384310809,0.8274609079030111,0.06623979303827031,0.972700242724167,21.0
2025-07-03,-0.4390987620768701,1.044377236589216,0.23839767284680086,1.2048007107027103,23.0
2025-07-04,-0.7179348520380553,1.131680362616538,0.1501191815615331,1.3487110799629185,26.0
2025-07-05,-0.2529201639755442,1.2952068230738867,-0.16427295893280186,0.8578621520967705,13.0
2025-07-06,-1.046349908945601,1.1222417805584592,0.07985629477170923,0.6721451798301727,14.0
2025-07-07,-0.330497020037077,1.0183392860927933,0.0003161565365312819,0.8064305619829994,18.0
2025-07-08,-0.09244651463825633,1.0298505259917878,0.16201600875935984,0.9884218001755698,9.0
2025-07-09,0.18841271752327002,1.07090881929302,-0.04858751161238348,1.042473479389863,36.0
2025-07-10,-0.32337929214467764,0.9307361747118444,-0.23052851254056356,0.5004913140633132,15.0
2025-07-11,0.36128609876601536,0.6193488551114269,-0.033159858031362746,0.7514974447276824,12.0
2025-07-12,-0.038426198707144386,1.6005519446321403,-0.2928685450700835,0.31160645130931114,5.0
2025-07-13,-0.19022762983087357,0.8800207424586706,0.28495031117728165,1.1310708208382352,9.0
2025-07-14,-0.2536602386086576,0.9397494674883224,-0.1822639781449345,0.8274254072513488,20.0
2025-07-15,-0.0050364965468858115,1.1130068637153083,-0.28212607931762884,0.8080518413964962,13.0
2025-07-16,0.2805469458779344,0.886337882262859,-0.1654305604063758,0.8832367541472533,24.0
2025-07-17,0.010837455706018718,1.208405936107191,-0.3560926367480814,0.6264871307602956,31.0
2025-07-18,-0.1442976379708529,1.30012223083929,-0.36766584671615643,0.38050899054561493,11.0
2025-07-19,0.10938293862515933,0.9987607289974951,0.15234227567570838,1.245757672502542,15.0
2025-07-20,0.49091128470405865,1.136411468481839,1.2384304486333246,1.0567398314698273,5.0
2025-07-21,0.021880252333855085,1.0344645959173313,-0.048836075334779794,0.7260469511535165,16.0
2025-07-22,0.25597736364624746,1.368209685588409,0.2173563092400609,1.065747919522856,21.0
2025-07-23,-0.1285107944231987,1.4999537286054445,0.11369311068061466,1.5195586277382123,8.0
2025-07-24,-0.5244428566197407,1.553136742514192,-0.07812253631633934,0.7215170917075048,7.0
2025-07-25,-0.10734435729766247,0.5100557131289525,0.13213755772244104,1.1856793982650924,14.0
2025-07-26,-0.4371748189696872,0.938579897479412,0.12878701380103377,1.4104091633919587,12.0
2025-07-27,-0.2857677848542245,1.3385882154770719,0.01186958657214509,0.8583426361182289,15.0
2025-07-28,-0.2987340612668023,0.8969653693746685,-0.28468733792861184,0.6505617140918835,7.0
2025-07-29,0.24960466671903989,1.1189377078313156,0.23023286686701447,1.2427657122225477,13.0
2025-07-30,-0.5258288140935246,0.8819176420063495,0.20496288303110946,1.0774246511838486,11.0
2025-07-31,0.20597804505407943,0.6559330241551025,-0.026504893986593597,0.637013108801549,14.0
2025-08-01,-0.19165389505740066,0.853295507165568,0.047722916656477904,0.8833752762496744,8.0
2025-08-02,-0.46963448459343254,1.2252685457912291,-0.06046891221898081,1.1354179249352188,18.0
2025-08-03,-0.7074960826814308,1.404560933538465,-0.11787027198911322,0.9552332330565694,24.0
2025-08-04,0.37035167835568333,1.0170234078330584,0.3024043585688324,1.2684879270770368,12.0
2025-08-05,-0.19852789366811063,1.088152723252991,-0.06568873780121977,0.9487438439842778,23.0
2025-08-06,0.44050387577257516,1.1365759067711356,-0.39507577369254626,0.41158953802225734,12.0
2025-08-07,0.6319866857449279,1.0,-0.3103338288212804,1.0,1.0
2025-08-08,0.32931334864676737,0.974768523955484,0.3666839354257165,1.1959402308464877,13.0
2025-08-09,-0.3715208373932826,1.6210286978039337,-0.2157179874623943,0.8581842331744154,9.0
2025-08-10,-0.10898399142433011,1.1565389193267228,-0.1965782145657774,0.7102334450945809,17.0
2025-08-11,-0.4937518535247313,0.8899604142290286,0.2916978709448135,1.0299529456083942,13.0
2025-08-12,-0.44527944111868756,0.8127681034144444,0.7192326934072277,1.6530311040388352,9.0
2025-08-13,0.1514972840928066,0.931380979012683,0.6698338750791956,1.3754182386887628,9.0
2025-08-14,-0.47376679377754716,1.2545913089224383,0.1198739202985895,0.9590608153602463,20.0
2025-08-15,0.2667061720045792,1.05417668384273,-0.20493973258368403,0.5425620389591489,9.0
2025-08-16,0.2506843935370862,1.2366794834033534,-0.09278730999907422,0.7880425361818613,11.0
2025-08-17,0.18833510991519353,1.6477147640935463,-0.5131220247411289,0.07477293943592793,5.0
2025-08-18,-0.04873965836325343,1.0509176045814874,0.32336018453014137,1.3698564863007552,26.0
2025-08-19,0.21796123848195592,1.16957645273263,-0.056620287340943896,1.098672093095918,16.0
2025-08-20,-0.21071047725940156,1.1935435336447642,0.14844780730056503,1.1003910439325797,10.0
2025-08-21,-0.07400326302348048,0.4611920454897567,0.013147505689845039,0.6598894313572229,8.0
2025-08-22,-0.2947072827997237,1.1770339013754412,-0.09408817107189002,0.5886647884442889,9.0
2025-08-23,-0.7060787192345019,0.56516550149311,0.030112005618250948,0.9378579923576941,4.0
2025-08-24,0.9260556444827613,1.0702227923850258,-0.5510488384128093,0.06190446549373903,3.0
2025-08-25,0.5699644155352737,1.121395904473184,0.44625756832163416,1.5404264700573245,21.0
2025-08-26,-0.2682674931451668,1.3634517257411265,0.08798498310841754,0.649816196977512,10.0
2025-08-27,0.13630974108270852,0.4564796622212351,-0.3020182031141443,0.5606360359616022,12.0
2025-08-28,-0.36743399505194985,0.9176861455258326,-0.18164988798078252,0.5048581519190546,8.0
2025-08-29,-0.2014110069641277,1.2995584534923836,-0.22075225827713135,0.6164221227179693,15.0
2025-08-30,0.3315978654516602,1.2518583142531745,-0.23512854545086115,0.6877560229623757,12.0
2025-08-31,0.022563441103997873,0.9725393727292225,0.2026602729146994,1.2718133422681777,11.0
2025-09-01,0.029055301147960486,1.1036178713421758,0.015680050568133232,0.83559925393761,23.0
2025-09-02,-0.5794861896712149,1.0018717279759326,0.03478109784114122,1.0889207964491867,11.0
2025-09-03,-0.1404098938198272,1.4346287241545101,0.41859164894220585,0.8349856903789511,12.0
2025-09-04,0.016606338884685323,1.179325736161535,-0.16642781126674483,0.635891120678309,10.0
2025-09-05,0.002470969842826104,0.9442741076482893,0.34632593427049657,1.375919128559112,8.0
2025-09-06,0.09048907056736567,0.9438118786015232,0.5002732910977004,1.1752291443334295,14.0
2025-09-07,-0.4248946644436287,1.2139536244568359,-0.28487641293679483,0.4241872914092962,12.0
2025-09-08,0.36862433166094155,0.6886957600051122,0.03878769986159357,0.6684076525886465,16.0
2025-09-09,-0.2311715151274607,0.7102332735423832,0.14064834159154482,1.112604615082731,19.0
2025-09-10,-0.010268940549582533,1.1409314093485081,-0.07442070054451015,0.9512870497834583,23.0
2025-09-11,-0.11847069253414898,0.6510111924283521,0.13519283079139288,1.49396195136173,12.0
2025-09-12,-0.023540419672044274,1.3550877081400483,-0.33679122773546055,0.39799534926266733,18.0
2025-09-13,0.179604491681915,1.274736228470861,-0.24645284330015713,0.4657387094270508,11.0
2025-09-14,-0.40196537705124413,0.8168358346730832,0.33014453461334115,1.0130327063657787,21.0
2025-09-15,-0.22333681821657744,1.2358732946425772,-0.3000797116248062,0.49238117414539523,8.0
2025-09-16,0.010535082778828073,0.8753253101926473,-0.10120067463977199,0.8898221826289775,23.0
2025-09-17,0.23640679812936166,1.0762910669191326,-0.49900108619711286,0.22575755275260267,16.0
2025-09-18,0.16699129757540004,1.2239160203568529,-0.11133623328143673,0.7334790230033738,11.0
2025-09-19,-0.35258334003310954,1.0946451197767233,-0.30660804077750575,0.5020877820348574,11.0
2025-09-20,-0.17414896674576036,1.1637903597585897,0.28416464825738397,1.190156146446077,13.0
2025-09-21,-0.30520311029428754,1.0251039927170873,0.020341251647375047,0.9804173328043584,8.0
2025-09-22,0.305027670774716,0.8101249803869651,-0.3677669069954743,0.2770397271372684,8.0
2025-09-23,0.14276296890509005,0.8544959933192534,-0.15213257723029497,0.8696809035272296,9.0
2025-09-24,0.18796735293482228,0.7339350324288414,0.8606893179315812,1.744439174697935,7.0
2025-09-25,0.496638579961006,0.49554376993190447,0.1255574320484706,1.1087963124997495,6.0
2025-09-26,-0.08952571358966269,1.189357662038766,-0.01656756249289063,1.4219247634808458,18.0
2025-09-27,0.010540190367763397,0.7067911229327956,-0.38020524912006937,0.3973731376494224,8.0
2025-09-28,0.17607571767396046,1.2590701439653156,-0.4273653885954939,0.26401560603341295,9.0
2025-09-29,0.06743913498302957,0.8853629981356183,-0.5443010141613099,0.09052924174120285,11.0
2025-09-30,0.3610312112307649,1.5358540039855701,0.10182110313202852,0.9561246406219678,25.0
2025-10-01,0.18141133953417587,0.8391860670613365,0.7198551419034102,1.6778419316406457,18.0
2025-10-02,-0.13311087401204041,1.162469261248382,-0.24160334110085988,0.6544606019695159,16.0
2025-10-03,-0.3743572821696082,0.6763220291757869,-0.20859721558076952,0.5423013817341691,13.0
2025-10-04,-0.28168467048930146,1.0828342333461434,0.15838106510707933,1.3686991623224296,10.0
2025-10-05,-0.32419658582035,0.6632901222097484,-0.27468885688370615,0.44446066376966414,19.0
2025-10-06,0.22175854746862678,0.8556956900996081,-0.3540972926142877,0.5712931711475635,20.0
2025-10-07,-0.27304658124974723,1.274322306472728,0.622129657621092,1.534065685549748,16.0
2025-10-08,0.03760941621742995,0.9896748469386106,0.16375492225109975,1.1730847011073917,14.0
2025-10-09,-0.13527742965207298,1.121850513209439,-0.2872941244552259,0.5968155063958175,15.0
2025-10-10,-0.29599661464689786,1.2510098364412123,0.17161701002902813,1.2412355197300802,11.0
2025-10-11,-0.591464806582534,1.4817153422899954,-0.06471918258392081,0.5641442692387288,7.0
2025-10-12,-0.1782549387965653,0.4579991303479287,-0.41200895817652494,0.0,3.0
2025-10-13,0.41421952173527504,0.942392623523558,0.33949467491257745,0.8780245312959126,13.0
2025-10-14,0.15889956754566548,1.0368951224212808,-0.222539972098794,1.1373444895248772,15.0
2025-10-15,-0.09158182972176204,0.8565671521195226,-0.28062827079687896,0.7848310750381056,11.0
2025-10-16,-0.11451347928123912,0.48297209402554586,-0.5062749343915888,0.11218498411348017,6.0
2025-10-17,0.013270302693053957,0.7894286649413447,-0.4931201868705607,0.09317384157769194,11.0
2025-10-18,0.0451824182528187,0.9532750620552675,0.2630085767466561,0.8295253024332052,5.0
2025-10-19,1.0135776246022925,1.0,-0.41200895817652494,1.0,1.0
2025-10-20,-0.1934014980088808,1.2521418116815235,0.384533904016373,1.6832215167081674,7.0
2025-10-21,-0.15942746972677801,0.9161021582331285,-0.04637122853028121,0.753097564367561,15.0
2025-10-22,-0.23149467503138565,0.9459501774421412,-0.3852952113022164,0.3290739135486157,11.0
2025-10-23,-0.24629439427750868,1.0410492307302306,-0.02103361847328672,0.6903792895325271,12.0
2025-10-24,0.16544159191131502,0.802171167405138,-0.1277228316780981,0.6158091398355718,16.0
2025-10-25,1.8587859078494442,1.7104492680528836,-0.5265614023262688,0.07968672154419139,4.0
2025-10-26,0.22111146410077936,1.0781433662634612,-0.14101460072621746,0.6869094816622675,15.0
2025-10-27,0.5149249750132988,0.9460010194004155,-0.2002310008904701,0.6589811341209845,16.0
2025-10-28,0.13208912411365387,1.0216653481145805,0.3470187720511336,1.3922500106340037,10.0
2025-10-29,-0.5493909790321062,1.0375682361110867,-0.3582993323874762,0.4016933366303261,19.0
2025-10-30,-0.5148500570704978,1.083861445264091,0.17833646992543842,0.9796013509497647,14.0
2025-10-31,-0.2028937625639811,1.2215070343178773,-0.2807302235017952,0.558243115980429,18.0
2025-11-01,0.16538762993870432,1.7212628523303315,0.02399215157645061,0.9280152926287931,5.0
2025-11-02,0.9780233404126004,0.05028135090152985,-0.45344419321114615,0.05859827134607813,2.0
2025-11-03,0.25452715721635555,1.3221965798911395,-0.16834868085651006,0.5976630970744974,11.0
2025-11-04,0.311268505940567,0.688177510107232,0.26794321218498013,1.6230511548700144,9.0
2025-11-05,-0.013660481737692706,1.0507057505303048,-0.11859367324538556,0.704667592757769,13.0
2025-11-06,0.3955597120170866,1.3683331329177073,-0.3368461693304645,0.4333412577684864,16.0
2025-11-07,0.5871011588167293,1.2328706610914266,0.123762593268103,1.016910141016634,13.0
2025-11-08,0.26902262463167537,1.0270710259394746,-0.13065099019689919,0.664304904519706,10.0
2025-11-09,-0.3276193021395688,0.7951973730990567,0.34673178292048434,1.2402125706226104,12.0
2025-11-10,-0.02129863328089213,0.8215932069562564,0.022864196169820463,0.7919214223271391,11.0
2025-11-11,-0.5348805698661487,0.9357065918474718,-0.4027041778267877,0.2917562774832938,12.0
2025-11-12,-0.47811230942235894,1.1476858696905365,-0.15389692951977416,0.648442878036262,12.0
2025-11-13,-0.018748504708018487,1.0701640331056648,0.012636643099968396,1.0315760948356407,21.0
2025-11-14,0.5087022100042354,0.8910668297348944,-0.4934841610661859,0.0768098812988766,16.0
2025-11-15,0.13275815606633806,0.8954369556172104,-0.2725658687488962,0.5347068673084286,21.0
2025-11-16,-0.007637480166674677,0.8992625644584974,-0.1410888621289546,0.7426469256918253,25.0
2025-11-17,0.24559595988668473,0.8892524456807042,-0.15684140281476835,0.658331608175187,14.0
2025-11-18,-0.29447767329910435,1.2967401424727054,-0.4703277498789983,0.09196592911718013,20.0
2025-11-19,0.06750923207773651,1.1575391686642478,-0.4628157293723079,0.07552235015693305,17.0
2025-11-20,0.5313421256005976,1.0073624853221546,-0.15300494221330987,0.6436640003825146,33.0
2025-11-21,0.11344622836284243,1.1517300175317655,-0.4274480991440603,0.32564732131117186,23.0
2025-11-22,-0.07540921459847555,0.9724114736937752,0.10791795794756719,1.4962478175807525,29.0
2025-11-23,-0.007354933986169265,1.0895664121831679,-0.17490044045343722,0.7462582944088136,22.0
2025-11-24,0.002256869893547641,1.0870947183241284,-0.039252435294577136,0.7254049180027861,33.0
2025-11-25,-0.5302911449392628,1.2164712342928121,-0.15825104469472503,0.8484107431928074,19.0
2025-11-26,-0.38774237720858357,1.1315757217874,0.17885586001538564,1.0455027203155005,20.0
2025-11-27,-0.12114513579897075,1.1223423116932814,-0.09646388138274711,0.8888665710640477,8.0
2025-11-28,0.1545703642852203,1.0831146290069569,-0.1338220086533935,0.7580892673671829,26.0
2025-11-29,-0.07726633377433174,1.5218037303888547,-0.4318300573617935,0.2563628788442592,6.0
2025-11-30,0.4283013555588405,0.8143079204590792,0.3629221888117417,1.2153997531918717,15.0
2025-12-01,-0.17465864205263798,1.5437354780680488,-0.26381159547143834,0.3431798593024096,10.0
2025-12-02,-0.3941633655020357,1.1853797920747133,-0.14961652046726884,0.7041525861459301,10.0
2025-12-03,0.38835607605441563,0.7224315477840193,0.10897614510549734,0.7841700053678142,12.0
2025-12-04,-0.1525496431890954,1.0034032508142334,-0.21668823428072828,0.6093753206929661,23.0
2025-12-05,-0.010123597985193456,0.9567767730425082,-0.07264860143684153,0.9186042759046111,24.0
2025-12-06,-0.2784982015419722,0.9259611838122535,-0.07559012774023438,0.6393963430505899,11.0
2025-12-07,0.08427665168846239,1.0605384330143883,-0.17771140171163652,0.6451608080792537,18.0
2025-12-08,0.46778909607565045,0.6961453711809332,-0.2539983563980901,0.6431606719645223,9.0
2025-12-09,0.036214602575681924,0.6985712807309103,-0.20642511012533007,0.9832984248777444,15.0
2025-12-10,-0.0070995878189478575,0.9914848627378517,0.08689966094311503,1.1893878676700957,26.0
2025-12-11,-0.06693612552074898,0.572890326345992,0.46778226722359856,1.2186410369357525,15.0
2025-12-12,0.07397803949260134,1.1424630226113648,0.05820401744802403,0.7796721815992125,11.0
2025-12-13,-0.10366291885825057,1.1875357076791355,0.06531574867965641,0.8144207760750272,13.0
2025-12-14,-0.1930862340042195,1.0244920895315015,-0.33637685692813424,0.2848333356867975,7.0
2025-12-15,-0.05378611472912507,1.33083588219881,0.10328326406812789,0.8211982638290003,16.0
2025-12-16,0.07383014401508783,0.6709941771880255,-0.046303681161775745,0.7022776090249094,8.0
2025-12-17,0.18879282691496183,0.7290830789679935,-0.09293001415147595,0.8356016331979329,18.0
2025-12-18,0.30061064610538424,0.6747987027801622,0.4295354524466874,0.9583216216700906,8.0
2025-12-19,0.24986610383677135,1.1178934087068793,0.21975602471823266,1.313798823991356,22.0
2025-12-20,0.27209372826182227,0.6269447092356555,-0.06352511902683011,0.6462683268449242,6.0
2025-12-21,-0.1934712042232431,0.9809966124216616,0.39471435007862565,1.2787641186549958,19.0
2025-12-22,0.21086520192228395,0.9112083519194877,-0.3687341176588347,0.30713142823310097,10.0
2025-12-23,0.3388350841787129,0.8223229608426577,0.33885514440009373,1.0438081051184749,17.0
2025-12-24,-0.18792731844528793,0.6390090597956708,1.0528399867248048,1.3966217767141746,17.0
2025-12-25,-0.15250263573966633,0.8619758272125139,0.18055225623170298,0.9591041261165043,16.0
2025-12-26,0.08355541244896553,1.0452087801488517,-0.09529736875891333,0.9525377221337309,33.0
2025-12-27,-0.092253994850144,1.0782024980913703,0.2359688218056354,1.0743053220304977,19.0
2025-12-28,-0.11691599072427292,0.8579493182103856,0.0004738751064348179,1.0493770430035354,15.0
2025-12-29,-0.20802862796377777,0.5663012997252008,-0.16489032465267434,0.6833139964796214,13.0
2025-12-30,0.046050354477012514,0.8476947704530055,-0.10917441238625819,0.7537077667510735,25.0
2025-12-31,-0.330925813816883,1.1705028775390491,-0.31707966441158986,0.5375167718852905,23.0
2026-01-01,0.16572006190717734,0.6610058439180703,-0.03609180547210147,0.8808198727934252,14.0
2026-01-02,-0.0182062175839255,0.6903149344080733,0.04196771704398395,1.060957498609455,19.0
2026-01-03,0.10874816409779585,1.0682404517879993,0.2631945554876093,1.175964119592557,16.0
2026-01-04,0.061162685318735394,0.76945187972802,0.20144477332594282,1.040809555974564,15.0
2026-01-05,-0.015969194948184794,1.2473208396525792,-0.033784898657284804,0.7662894606239097,19.0
2026-01-06,0.10043221131638871,0.7349996719592949,-0.1456201520054838,0.866716643577283,21.0
2026-01-07,0.06668427240580449,1.0352521907730665,-0.037906227431742906,1.0237962855768636,36.0
2026-01-08,0.034574935506984796,0.8830691854802973,-0.08916910705561455,1.143150911923639,57.0
2026-01-09,-0.08065185076021532,1.0422029230161343,-0.021211194564866715,0.8278003233809252,34.0
2026-01-10,-0.499088869636872,1.1760873472356088,-0.29282063510793116,0.5378956376092279,17.0
2026-01-11,-0.03187042794775454,1.0110996619094965,-0.2139816508951787,0.5616598683251397,43.0
2026-01-12,-0.30507701719752095,1.1985669927335767,-0.26823486586278955,0.5850979599796909,50.0
2026-01-13,-0.17363088348340702,0.937935099251587,0.22084327203037282,1.1328151775418656,82.0
2026-01-14,-0.14134360646203345,1.2106998998987193,0.36442863400087266,1.163987061040575,27.0
2026-01-15,-0.16873576819182193,0.7132628856034161,0.11462388814915443,0.9576982351198255,21.0
2026-01-16,0.1375969472863979,0.914517009480747,0.17573999284288877,1.3883884866373921,13.0
2026-01-17,-0.08249262363661373,0.7450566958622734,-0.21315206498993736,0.6098374417678878,9.0
2026-01-18,-0.09735737179961472,0.5181204772251354,0.6939633659961185,0.953583975889728,12.0
2026-01-19,0.4719374635430658,1.5565224620000422,0.08322809947314157,0.8212598478608215,15.0
2026-01-20,0.7872061200705565,0.8752017784220034,-0.2160398918934404,0.9836546911518806,12.0
2026-01-21,-0.29638399680447186,0.8455251503377684,-0.25737289647263595,0.7626391752520477,20.0
2026-01-22,0.053344386577697876,0.8475518060624926,0.7876817284711439,1.5892215184286176,20.0
2026-01-23,0.06763470808117242,0.7460529712854967,0.15189827318931137,1.0053560578188923,23.0
2026-01-24,0.015732481183419432,1.339404771832864,-0.030318817180069974,0.8992382207883514,15.0
2026-01-25,-0.1462887472162658,1.062264765723922,-0.07993042988856565,0.7297584182599667,28.0
2026-01-26,-0.07813388574572006,1.0418854335810317,-0.014080239843322311,0.7989591799000777,45.0
2026-01-27,-0.2408002930887186,1.2796218953248042,0.2505985451547498,1.2885697834987055,20.0
2026-01-28,0.0450691440401304,1.2122951992921334,0.012211726727188586,1.1150845379394694,25.0
2026-01-29,-0.27885319668687614,0.8795051019216505,0.012673139634757592,0.7431784895441407,18.0
2026-01-30,-0.028276508276160774,0.8673792340049202,0.45552923055901606,0.9021555116377852,28.0
2026-01-31,-0.26466008324305423,1.0236890967357533,0.30967500916990864,1.180981996753315,15.0
2026-02-01,-0.0060117448692776415,0.8831915957143928,0.043359787760933556,0.7846917783652426,26.0
2026-02-02,-0.19768298587728766,1.1225964577200642,-0.040246315577955015,0.8086315844187674,19.0
2026-02-03,-0.021849112396221473,1.1210364465821936,0.009486781837121991,0.9568303918926354,34.0
2026-02-04,0.04741688849281433,0.8451773506306078,0.23473137124982835,1.1111011885817248,38.0
2026-02-05,-0.08590996928614364,1.0047903469361064,-0.18216836421864374,0.692145240398311,52.0
2026-02-06,-0.1729111205268726,1.1392276246268789,0.17276234390913323,1.153121473502505,25.0
2026-02-07,-0.12399433488306091,1.0654726214112038,-0.00896315528519685,0.773798734129903,32.0
2026-02-08,0.011165410854858927,1.0159005506298513,0.0782315620549978,0.9693176511443099,29.0
2026-02-09,-0.11545482179248368,0.7760416103219538,-0.0921290689509563,0.9173362013642877,17.0
2026-02-10,-0.29065908661018053,1.0026497705297888,0.7531247014126877,1.6813914105316092,39.0
2026-02-11,0.1472438228908219,0.6076075573895419,-0.10183539905078304,0.7960295713786156,16.0
2026-02-12,0.10824511183588655,0.8303871232944239,0.022993084134221818,1.1999060922967264,19.0
2026-02-13,-0.04221101807230694,1.3964015888127874,-0.2894608290621289,0.4844165513803904,15.0
2026-02-14,-0.009132419813659177,0.7346889581868432,0.09123972693901809,1.5314674613033106,37.0
2026-02-15,-0.18094937005375858,1.0024742489208915,-0.2338783542342898,0.8399708674801981,20.0
2026-02-16,-0.18608162174192716,0.9228785332132912,-0.29308829585996293,0.542320985995776,30.0
2026-02-17,-0.14074008826013287,0.9338238233448989,0.3055169057367302,1.0988576523088778,31.0
2026-02-18,-0.1704289878220523,1.316534017962623,-0.0812268290861212,0.961023976520393,34.0
2026-02-19,-0.11906718823454383,1.1211186478487536,0.18962142313459154,1.0996549019080373,49.0
2026-02-20,-0.24711845770512197,0.9868960859664881,-0.08097770429124172,0.9939494798208017,39.0
2026-02-21,0.03822519202004491,0.7047514632612518,0.004829005433746466,0.8388215030220346,19.0
2026-02-22,-0.18619355575105226,1.1803267475645804,-0.018454095818776602,1.0704792842270507,27.0
2026-02-23,-0.05304510655759778,0.9206244999800721,0.09790528635400296,1.2330116985410995,19.0
2026-02-24,-0.16179952996135918,1.003800934377755,-0.256441101319312,0.7590372500672048,27.0
2026-02-25,0.31905875210286366,1.1472365579314139,0.24931808849357617,1.1840776740153627,12.0
2026-02-26,0.10466169050710597,0.36242109681066875,-0.17838722006732932,0.5857594329146476,8.0
2026-02-27,0.3247323735062944,1.1415326898123996,0.0983722818430736,1.2444272320276288,24.0
2026-02-28,0.1269546200249324,1.260428479330545,-0.018048501255915447,0.943536340642277,27.0
2026-03-01,0.12764045498792823,0.6105387100551206,0.22630246874337723,1.0018810897160921,16.0
2026-03-02,-0.5396513130725521,0.9072315546920462,-0.09242802927109683,0.9443889111074044,16.0
2026-03-03,0.17528776306724553,1.2487729345045495,0.04179059832194005,1.0429265346619578,18.0
2026-03-04,0.3158536665535212,0.8996386599491549,0.28962949604100746,0.964078510064153,20.0
2026-03-05,-0.10741913058286386,0.7545688078632817,-0.30647336805816894,0.7141772554095054,20.0
2026-03-06,0.5558848275372026,1.0834815099486976,0.33498612775535064,1.157016504819919,31.0
2026-03-07,0.4782150470282785,0.8211178839983011,-0.19579355732693884,0.635153148206688,15.0
2026-03-08,-0.4064765013431444,1.99730173418723,0.354985926914666,1.0830403495076868,7.0
2026-03-09,0.29663723729084157,0.7082670195494751,0.2070343890792004,1.49322612749589,15.0
2026-03-10,0.09134772514822259,0.9065597351299699,-0.15480815334804074,0.7416586036977749,23.0
2026-03-11,-0.007989899743158823,1.0058796509320493,-0.29841875833979836,0.7587846855587888,22.0
2026-03-12,0.27977864240419914,0.9392548550365473,-0.29904471699110435,0.5948759245279828,19.0
2026-03-13,-0.17909560569788668,0.9731487731839621,-0.19739742885962547,0.7060639652612852,16.0
2026-03-14,0.18818452359343857,1.0599567441178968,0.5407245817018871,1.3381127082409112,10.0
2026-03-15,-0.22156111714882135,1.3166602884772585,0.06942855024833404,1.0828299437835924,18.0
2026-03-16,0.03736701896290394,0.9421778221002074,0.12778212086323845,1.010225496074161,20.0
2026-03-17,0.0823481960737093,0.8920889955748085,0.1673733565562057,1.265146706479452,25.0
2026-03-18,0.010160320897723375,0.8922895765280285,-0.3529513920827752,0.3174882597349695,17.0
2026-03-19,0.034927223125423804,0.9206494655809033,-0.19528086085330265,0.8096174217294984,31.0
2026-03-20,-0.11046074798914328,1.3826871432433192,-0.3596319423620191,0.39064020782947745,24.0
2026-03-21,0.18962440881702308,0.7585141242840352,-0.17309508883117233,0.6203121914327184,8.0
2026-03-22,-0.48523935564567233,0.9542035149028728,0.007286148264866322,0.9264788284368229,13.0
2026-03-23,0.030794245786889107,0.8306694424906818,0.08241277162237433,1.1252710311646474,18.0
2026-03-24,0.12124258713871637,1.0019704512572516,-0.05609156165832603,0.8159434881754298,43.0
2026-03-25,-0.17531835413389468,0.898922286961082,0.16004614076105667,1.1606432305711367,26.0
2026-03-26,0.3626785556836151,1.0521538771369916,-0.13235218222392903,0.8916915011649366,28.0
2026-03-27,0.05277896339108722,1.1300699618664067,0.09934686868118446,0.8317281740983116,26.0
2026-03-28,-0.2900403381919539,0.49978800035733434,-0.16470828096728063,0.7064945133465766,11.0
2026-03-29,-0.1842450777085802,1.0408149118156966,0.004253573068080896,0.7883906980982788,20.0
2026-03-30,-0.33546608913954185,1.051450200868595,-0.3461444106634992,0.5445796532586835,18.0
2026-03-31,-0.19172228972779906,0.7501694806537316,-0.19831609562604177,0.5500327705804242,15.0
2026-04-01,0.08095375144847015,1.2231309180517305,-0.07964011229138722,0.7545693103782438,22.0
2026-04-02,-0.24028056088699246,1.1331560350832088,-0.08036457756207813,0.7725397455323405,25.0
2026-04-03,0.5445335916335609,1.235534326504471,-0.19991321463276188,0.9165265408497276,20.0
2026-04-04,0.09825726870886985,0.799256581625629,0.24277226544022773,1.53315326124832,16.0
2026-04-05,0.18515325584672077,0.8158839913183519,-0.22624766873464994,0.5646260122652136,14.0
2026-04-06,0.7002259980715798,1.0378942740286223,8.760653262585942e-05,0.7309497650613336,12.0
2026-04-07,0.11949832279962615,0.9277707323346208,0.8592127787026881,1.7804313265788279,19.0
2026-04-08,0.2481043448587113,0.7434939369851228,-0.10361703260154521,0.7066318502057409,19.0
2026-04-09,0.6726948371800828,0.9073874933987587,-0.27629501341253,0.5347463993682038,21.0
2026-04-10,0.24123501851250068,0.6211056857599392,0.0052820790278348675,1.029586767753807,29.0
2026-04-11,-0.22763414016838357,0.6016583583748272,-0.49100067990776375,0.0961817814977947,4.0
2026-04-12,-0.05621509252823602,1.0543683881003711,-0.1735274115395201,0.8487639920061741,20.0
2026-04-13,0.2911866520885102,1.0532327602758205,-0.17751962788419265,0.687751801925281,24.0
2026-04-14,0.4047099028080663,0.7901941740606911,-0.329993524338433,0.5815342256566557,12.0
2026-04-15,-0.1715867746338619,0.5761296564489967,-0.043547097334714006,1.14268131675757,11.0
2026-04-16,0.09733347903172386,0.9755690444044203,0.08869269800997308,1.0099262978572756,18.0
2026-04-17,0.09692837054025519,0.7429222115436841,-0.2370833853279315,0.5366301904448906,16.0
2026-04-18,-0.5595838102859886,0.9810429695745368,-0.5315257617203049,0.07925858554246196,14.0
2026-04-19,-0.3678831125865913,0.8048665007128202,0.029729284107801925,1.139843709806673,14.0
2026-04-20,-0.15227819642700927,0.972273134149196,0.47338898118346956,1.6067643643611869,21.0
2026-04-21,0.017798507657654443,0.9941111660071231,0.17979983328912766,1.1572554321542612,20.0
2026-04-22,0.21437826439068902,0.7527086924642942,0.17770272007976926,1.0204403013233276,28.0
2026-04-23,0.6021074558842056,1.073244533565032,-0.35738347469521775,0.4022237213774969,17.0
2026-04-24,-0.06812827613441547,1.033477457997102,-0.277688223427483,0.5451888989984793,15.0
2026-04-25,-0.2678448424265153,0.937921131659256,-0.006422922385423663,0.8997333321048165,8.0
2026-04-26,-0.10184445697294459,0.7666210987529433,0.533088236707333,1.6555590341701432,9.0
2026-04-27,0.0067242674891261935,1.1546380787896322,0.13128299448014594,0.939519419593235,15.0
2026-04-28,0.1388204199084343,0.9482686988429554,-0.12877989774228796,0.6412087428386827,10.0
2026-04-29,0.21473998095823518,1.0400989192361587,-0.29818396073353737,0.5179867007943271,25.0
2026-04-30,0.010934700597597491,0.9733368621671036,-0.22405055382498704,0.6310511598045664,28.0
2026-05-01,0.18998059091420705,0.7292675183651474,-0.4718410879261881,0.18629022251079427,9.0
2026-05-02,0.27239946820678684,1.5151767922545827,-0.07229739437985187,0.7348118839398518,8.0
2026-05-03,-0.743165942161009,1.3261360556455495,-0.4341203812050665,0.044222846057083154,4.0
2026-05-04,-0.017479375461401096,0.7362905274790863,-0.048415397003876405,0.8631030624511459,18.0
2026-05-05,-0.12790820558611715,1.1407506196080577,-0.02171415688547597,1.4014399457181994,17.0
2026-05-06,-0.05563100694799627,1.0854383132520993,-0.09391157888275589,0.7746102246246196,13.0
2026-05-07,0.21362667012493194,0.8948777041803172,-0.27615214425387474,0.5448625215573027,20.0
2026-05-08,0.17450001239081026,0.7352894858690135,-0.05804426193278355,1.229216990839678,20.0
2026-05-09,0.7900758493880009,0.7222976273674985,-0.05560313411326301,0.8303029237348469,4.0
2026-05-10,0.006078761663590041,0.876836900947745,-0.21670231212721688,0.6933362545516116,14.0
2026-05-11,-0.2590257301542969,1.0659858233174886,-0.02698929687207971,0.9968738378696248,24.0
2026-05-12,0.07475397054686926,0.7827365143554712,-0.037808489175306,0.8350454737291255,24.0
2026-05-13,0.11471360974257679,0.7873241269974017,-0.049721523847635146,0.8758875509468487,18.0
2026-05-14,0.3035738240869,0.7686130460546008,-0.08022687323154523,0.8503872947481625,8.0
2026-05-15,-0.04929628168990286,0.21831074173214426,-0.2705692721489125,0.6233558791277051,7.0
2026-05-16,0.06921880751299278,0.8857175688132747,0.11655415084838158,0.8449031511981012,14.0
2026-05-17,0.5564433530425962,1.3255179409830917,0.23672452418110612,0.9424819539444034,17.0
2026-05-18,-0.11805833366117897,1.0469107582939212,0.03612085201604924,1.0002686748238212,21.0
2026-05-19,0.2861133498013077,0.8953910405198855,-0.39674301692945046,0.31892886326215236,10.0
2026-05-20,0.6966478403238064,0.557744703953101,-0.35228510964607285,0.5272407809484458,12.0
2026-05-21,-0.06538691877169778,1.0148341087050188,-0.16729476133032958,0.7177509052598775,21.0
2026-05-22,-0.28473646543416337,1.1660023800976254,-0.2678818161733096,0.39970548116575727,12.0
2026-05-23,-0.13492465724707647,1.03203191358165,-0.1462792368323817,0.763143724870286,18.0
2026-05-24,-0.007799560300124752,0.8328905547595807,-0.024477957394233835,0.8961448609192804,21.0
2026-05-25,-0.2559106134671149,1.0766912181447834,0.3313562068438302,0.9558642288433802,17.0
2026-05-26,0.060871542244284184,1.0043602888510728,0.01875600020344407,0.8664862617686934,23.0
2026-05-27,-0.05333625128105401,0.8807140888905767,-0.27271971074520507,0.6319318271281793,29.0
2026-05-28,-0.5549244760250646,0.9581165286587645,-0.3796832386850451,0.4329874527972102,24.0
2026-05-29,0.17812526569505538,0.9826612595051842,-0.09088657942760454,0.8265866845164825,22.0
2026-05-30,0.5535011372122097,0.768180544712592,0.15458585539067407,1.4134737015049827,10.0
2026-05-31,0.19480503241376945,0.8840706991752988,0.02059791015624645,1.160666188846219,13.0
2026-06-01,-0.05557861860242514,0.8928865695544848,-0.30307153187811753,0.4525268007058671,15.0
2026-06-02,0.1600773178124852,0.8653690862341784,-0.39657041607842564,0.36362609750670033,13.0
2026-06-03,-0.16971714276367886,1.0615627121073177,-0.31467322518331303,0.3172278551590796,16.0
2026-06-04,0.18999001338047108,1.0907999825758334,-0.02062570187820253,1.3600532612050635,15.0
2026-06-05,-0.20534534516046388,0.6408423412223359,0.13257039895625636,1.0596580427153073,18.0
2026-06-06,0.14255493568031646,0.47655325017372363,0.484318367324673,1.5103160774067976,11.0
2026-06-07,0.4793801203647592,0.9592982604673479,0.11293197482184833,1.2566313143587708,11.0
2026-06-08,0.14961960560675278,1.0660541760310536,-0.5402561141547871,0.08954827394726425,14.0
2026-06-09,-0.11773085048421408,1.010368660873268,-0.22305233520925985,0.6629414507660195,27.0
2026-06-10,-0.43556252046694033,1.507081878749783,-0.21820733950174193,0.6041365188990169,20.0
2026-06-11,-0.765007000223627,1.3015533069677392,-0.02123569074556118,1.1964567598648992,33.0
2026-06-12,0.10659023249236017,1.2867142977094859,-0.5215418379458329,0.09014879071853447,12.0
2026-06-13,-0.05561301938339796,0.330958950307361,0.6442621966326487,1.7392456349335803,6.0
2026-06-14,-0.31995636557583285,1.2511493990676115,0.2920845375241427,1.7196622994470074,5.0
2026-06-15,-0.07783812264686064,0.8043101020238307,0.017904175335217022,1.1477582141393528,11.0
2026-06-16,0.15696310707736316,0.949931050069851,-0.10218374125008907,0.6967021794307483,18.0
2026-06-17,-0.12771531594748606,1.1602870649003545,0.19768943920710222,1.1693947357764785,24.0
2026-06-18,-0.1485042958613003,1.170106692538419,-0.2503745366470097,0.7199508476111359,19.0
2026-06-19,-0.08361017354466366,0.3436491575568133,-0.5142069488231773,0.10464956217600813,6.0
2026-06-20,0.07359160839309598,1.612853347589126,-0.4116631425644554,0.31594555317636275,11.0
2026-06-21,0.2605587721392823,0.7015182973542928,-0.060638748937038196,0.8444348083089813,14.0
2026-06-22,0.04971537276044258,1.1129314205493344,-0.028746422114608778,1.0524634772425323,14.0
2026-06-23,0.16819963665386448,1.0520466430944635,0.11450980439008229,0.6146525278299745,21.0
2026-06-24,0.5661726395560936,1.1932482762867542,-0.04258958564931862,0.7485286095481413,6.0
2026-06-25,0.09684712509488702,0.6794338046226929,0.6298138774351526,0.9703016598463134,11.0
2026-06-26,0.07119160336273343,1.0244163852440809,-0.07020413463099484,0.725146117746746,12.0
2026-06-27,-0.4788585156722331,1.0147800263674998,0.284869783743331,1.0700797717985306,9.0
2026-06-28,-0.33722480084502465,0.5856852425609431,0.6551728117367358,2.3634969139710815,6.0
2026-06-29,-0.17013657366007764,0.4617803218150412,-0.023469767627844352,0.8533814766551405,12.0
2026-06-30,-0.17964117719915595,0.8501498739132067,-0.2134672172939414,0.5609514490679764,23.0
2026-07-01,-0.05274779875362185,1.0572442233794397,0.13643318764549203,0.962937512556064,27.0
2026-07-02,0.057326146953981735,1.7012380545929682,0.16145648847124894,0.9476360356320209,9.0
2026-07-03,-0.5139626235727596,1.242653692808618,-0.1714006187792783,0.8377417064246694,10.0
2026-07-04,-0.1239129313553364,1.4970235003830132,0.7691744570918426,1.5638643366131368,9.0
2026-07-05,0.008278343412460613,0.34944547952816923,0.21419181725563846,0.9991657385783436,8.0
2026-07-06,-0.8625878833533771,0.9370347266202321,-0.3011891246127031,0.5002576210767274,13.0
2026-07-07,-0.23507483438153745,1.0466058973303713,-0.230465398367705,0.5588796262097039,17.0
2026-07-08,-0.10480803128730329,0.9646879016722741,-0.06879489690771866,0.7760566432399523,27.0
2026-07-09,-0.32928116227072235,1.0881935834123755,0.14959032131482664,1.102050431143922,27.0
2026-07-10,-0.5585054977493352,1.0254839171668537,-0.3032446659693357,0.7404576871637617,22.0
2026-07-11,-0.08578980045229904,0.663165100680343,-0.07705720019588373,0.8764083191930188,15.0
2026-07-12,-0.5379726025100552,1.0351455608652804,-0.2030734626509055,0.6647408003378874,7.0
2026-07-13,-0.12504547435419025,0.8429779547180405,-0.49513986962251433,0.10306328610295708,13.0
2026-07-14,0.2530708182217181,0.7186452118507833,-0.09521833164620273,0.844876256386466,23.0
2026-07-15,-0.10699131078966001,1.0356380050195282,-0.14249592596906202,0.6518323099211838,18.0
2026-07-16,-0.0929802109457422,0.8704626424422812,0.025603063306542346,1.1331130183466953,18.0
2026-07-17,-0.3020799506700561,0.5702235104190085,0.7657263902095502,1.2772591533275508,8.0
2026-07-18,-0.7136317655451758,0.9976102986886508,-0.2399786324645768,0.5243585284137366,8.0
2026-07-19,-0.35118554048459305,1.1186431318412444,1.3173789155330016,2.140783283239965,7.0
2026-07-20,0.2450217102192247,0.44723060397305536,-0.11196355557467316,0.8802481602807521,18.0
2026-07-21,-0.10810520280049825,1.081974844871608,-0.056443793351305754,0.79567922619874,23.0
2026-07-22,0.016098044520479984,1.2208305219577698,-0.4736032483676142,0.13219129135141053,16.0
2026-07-23,0.07469200243033665,0.7724733167003954,0.19230835523847567,0.8476322043394068,22.0
2026-07-24,-0.4450863813496344,1.0631283178995037,0.12591235348449137,0.8664373775357056,11.0
2026-07-25,0.2523159818388808,0.7533611824664029,-0.3357604156520806,0.3527433072502546,9.0
2026-07-26,0.9039267205695345,2.139877096363309,-0.10531131458733804,0.5312159012581229,3.0
2026-07-27,0.16552141760353317,0.9522534633442608,-0.38691007223885693,0.263694538340046,13.0
2026-07-28,-0.18647570670034336,1.3052157000097442,0.4232024188507999,1.6086494759371632,13.0
2026-07-29,-0.03097257953360454,1.0588260435145231,-0.21988320780308387,0.4990274333347516,19.0
2026-07-30,-0.03955209770236995,0.7338149223457531,-0.5204277145704279,0.11170022094492395,9.0
2026-07-31,0.13539286978535195,1.3328854406497974,0.20451769744443066,0.8265970981622357,8.0
2026-08-01,-0.15128787880464292,0.554580342904635,0.060572900315976785,0.9097925988991623,6.0
2026-08-02,-0.38814139459646685,1.2711701747249622,-0.14813369537186583,0.4233289810371833,6.0
2026-08-03,-0.030058653582212935,0.4302579963653383,-0.47347483004296365,0.1093446335398288,9.0
2026-08-04,0.3346664988498526,0.747045905055838,-0.2854910986166364,0.719220212512353,21.0
2026-08-05,0.047791942221536786,1.0495213327473556,0.1073733478159313,1.297130340551059,9.0
2026-08-06,-0.17905600302128322,1.1670036909334438,0.2184289718781802,0.8713779397754507,13.0
2026-08-07,0.1547094396062261,0.6375431281932435,-0.08110860679044742,0.8754921144777937,13.0
2026-08-08,0.0843658637504799,0.41114017217743865,0.31642856733472147,0.9862182592323222,7.0
2026-08-09,1.2631418448629292,1.7681743879893805,-0.13324538884082726,0.6158810786189649,6.0
2026-08-10,-0.3831823434785972,0.9527970135489414,1.0655122796667302,1.5162281006932055,9.0
2026-08-11,0.12112528029444353,0.8403071816738652,0.2145021802629046,0.94326878789402,22.0
2026-08-12,-0.05136031016470846,1.1482978360896776,-0.29472699636303185,0.5246600137488208,15.0
2026-08-13,0.315353998125301,1.0642782494812166,-0.4618549007516991,0.344835889254637,16.0
2026-08-14,-0.7964939746465522,1.0948417008123992,-0.20465199566216644,1.0581029642536757,12.0
2026-08-15,0.2863326348555715,0.7179313358705236,-0.4983808639320127,0.113125905445883,7.0
2026-08-16,-0.08287826529559829,1.3267033037039002,0.12418969155906448,1.2391557195308933,13.0
2026-08-17,0.30955585087991633,0.9901597972918115,-0.22873423427616302,0.5811080732139017,15.0
2026-08-18,-0.010267613922858387,0.9949716314841821,0.337542515595953,1.2624492621580279,27.0
2026-08-19,-0.14837672541567756,0.7835835200676309,-0.27987851910351025,0.5583338612685775,16.0
2026-08-20,-0.1752900158050058,0.639487990270873,0.16553516393976803,0.9013981120476566,11.0
2026-08-21,0.08654606005728685,1.0768240720221993,0.018685088670179435,1.1621002565788816,14.0
2026-08-22,0.4020545443139798,1.014727592598216,-0.323861968985016,0.4908052122887259,17.0
2026-08-23,-0.030414063007719833,1.4178195915651688,-0.28727421415228555,0.6172651948685726,6.0
2026-08-24,-0.5101969796822737,1.0682554937753874,0.3865850889379427,0.9363331757852565,14.0
2026-08-25,-0.4526314752816268,1.5309349213209507,0.11756907635944486,1.0823621222329967,6.0
2026-08-26,0.6799246534793133,1.2896043874951346,-0.3390221642862331,0.29088919148868797,13.0
2026-08-27,0.5868526968409649,0.8219477724411145,0.20178938328743726,1.3777027541095144,7.0
2026-08-28,0.14458880132270252,0.741669601165976,-0.3690759144191393,0.35598596630707946,14.0
2026-08-29,0.21746529766634062,0.4452771798163689,0.44392013479997444,1.5840283763935947,6.0
2026-08-30,-0.5546981482098811,1.5344135167573634,0.38795560895692655,1.6547918891133828,8.0
2026-08-31,0.0035717643318422163,0.8252217815898547,0.1413939315656643,1.1661512471094184,18.0
2026-09-01,0.2021102971152685,0.5608247814117225,0.07593034123002938,1.0698506317570575,13.0
2026-09-02,0.5185410457556772,0.9711651958493465,-0.14917056442440368,0.9244142883210492,21.0
2026-09-03,0.33876074239665704,1.2967393928531623,-0.2432113110003256,0.6579990972357522,27.0
2026-09-04,0.12301288269838649,0.7517189337402729,-0.3392729480446564,0.25396304141820547,8.0
2026-09-05,0.02358517327070675,0.5539070728260526,-0.5398052980181649,0.08519755989442669,4.0
2026-09-06,0.21010844929909792,0.7093553551434247,-0.5532496685462074,0.11959456329121738,4.0
2026-09-07,0.3647541825998105,0.9908595801236911,-0.4832191107958551,0.07661907341078868,13.0
2026-09-08,-0.5351099038889262,1.1000390854633446,0.14269018839204753,0.9088641968476017,29.0
2026-09-09,-0.03368824604643277,1.132435638064544,-0.14237186638120247,0.6786296800197246,22.0
2026-09-10,-0.622477534375735,1.3077923115440462,-0.1892830990716729,0.6043021642940278,16.0
2026-09-11,-0.1338959025924981,0.7769018130894321,-0.016830670767279,0.7994720007319924,5.0
2026-09-12,0.3716605515911418,0.7655231948348298,-0.11934795159123812,0.9691669852269488,21.0
2026-09-13,0.6375146588340369,0.9273104404009764,-0.5158759822559572,0.1098823313981054,7.0
2026-09-14,-0.6324344294851499,1.1576447199999558,-0.17289478864917432,0.6750450530673072,28.0
2026-09-15,0.05589453158021166,1.0655828458650543,0.0007196916961210942,1.1989561883180624,20.0
2026-09-16,0.6309057281889177,1.1806269663669626,-0.05325974810389044,1.3373169652371082,21.0
2026-09-17,-0.1767054917515517,1.1139671332718681,0.1189772471450593,1.2201620757282154,17.0
2026-09-18,0.30602795992349013,0.7439086648028045,0.2337780684912667,1.2753435746857782,16.0
2026-09-19,-0.20751772449292594,0.09705194995375423,-0.08943691212841737,0.6299767861274456,3.0
2026-09-20,0.2988064325271749,0.6144522550654617,-0.18511076674795027,0.6903864702864613,11.0
2026-09-21,0.41792603921324345,0.9657900611319067,0.1503579782056067,1.2204425702227568,8.0
2026-09-22,0.23012441528373534,0.751401738766753,0.23446412189892013,1.1802015461531552,14.0
2026-09-23,0.009823707502865675,1.1153743832292904,0.07493254921028716,1.2344693501942634,5.0
2026-09-24,0.08617098239842587,0.0,1.435341095506729,2.612547500369523,2.0
2026-09-26,0.08617098239842587,1.0,-0.41200895817652494,1.0,1.0
