topic,sentiment_mean,sentiment_std,subjectivity_mean,subjectivity_std,counting
Energie,0.03197824658958757,0.9537779071500442,-0.03629754837312314,0.9449010382666937,686.0
Gesundheit,-0.1486377911281281,1.0021900769525107,0.03336013505228408,0.9398533008235457,162.0
Politik,0.0003650944386666929,0.8848014066176393,0.20181674924070456,1.0904242241616373,179.0
Winter,0.00903909906020277,1.0257397108754744,-0.03307935801642666,0.9752241381228327,428.0
