topic,sentiment_mean,sentiment_std,subjectivity_mean,subjectivity_std,counting
Energie,0.008495187303026239,0.9523973009792028,-0.030370789546643844,0.9820713558043501,6203.0
Gesundheit,-0.09428035030657508,1.109070631943917,0.017103934779733775,1.0223948581322055,6309.0
Politik,0.0976937941934737,0.9357366293579633,0.12935805102345552,1.0807829912345508,1922.0
Winter,0.0338144872494068,0.9561056404648104,-0.01595248270834133,0.9712598528148736,10539.0
