topic,sentiment_mean,sentiment_std,subjectivity_mean,subjectivity_std,counting
Energie,0.007902422940230665,0.9525469101438458,-0.030709552932308974,0.9824010445194845,6117.0
Gesundheit,-0.09438604651276367,1.1093680165656512,0.016124736321622236,1.020816616200818,6206.0
Politik,0.0982440383000546,0.9349857246108871,0.1417883312280598,1.0892508640106502,1857.0
Winter,0.03405675138524961,0.9561030797466303,-0.01677469032242468,0.9705452744022696,10485.0
