topic,sentiment_mean,sentiment_std,subjectivity_mean,subjectivity_std,counting
Energie,0.03137529787822186,0.9455604270434229,-0.009377846429469627,0.9734829574851314,469.0
Gesundheit,-0.6542666566459069,0.6937553690648709,0.6911835592131818,1.4458917323279303,7.0
Politik,0.101535289775512,0.8223219746627503,0.1352855521024115,0.9373905330858848,60.0
Winter,-0.11772923507027447,1.0766982814464354,-0.053665296022316455,0.8972517489024722,125.0
