topic,sentiment_mean,sentiment_std,subjectivity_mean,subjectivity_std,counting
Energie,0.007595396654082158,0.9525907810909928,-0.031174654880417624,0.9820009637391094,6081.0
Gesundheit,-0.09577261006888797,1.108818466271135,0.015591842958394607,1.0199795073381868,6193.0
Politik,0.10076183354316216,0.9362546465569024,0.14489482961564323,1.0921440195879881,1839.0
Winter,0.03481050053488619,0.9558149078357489,-0.016625035758744543,0.970658670242816,10449.0
