topic,sentiment_mean,sentiment_std,subjectivity_mean,subjectivity_std,counting
Energie,0.022181412031200116,0.9581171859728534,-0.01977795044709288,0.9646698690815767,516.0
Gesundheit,-0.25741035988432504,0.9642094115063027,0.10049105924801967,1.160109994139379,49.0
Politik,0.09508260830026008,0.8481579224294414,0.1834014376594386,1.0883721690974646,107.0
Winter,-0.03328601072377722,1.025616385576277,-0.04929747528696734,0.8431533292757706,215.0
