topic,sentiment_mean,sentiment_std,subjectivity_mean,subjectivity_std,counting
Energie,0.007713031864181827,0.9527209414776975,-0.03147726152218883,0.9816585197811075,6007.0
Gesundheit,-0.0976439527609015,1.108641608200135,0.01633557819964253,1.0215347297289226,6062.0
Politik,0.09646252918431407,0.9392916871922671,0.1586083104815807,1.1029580340808196,1737.0
Winter,0.03674342101297752,0.9554636398621628,-0.01793462692003842,0.9683847540939494,10347.0
