topic,sentiment_mean,sentiment_std,subjectivity_mean,subjectivity_std,counting
Energie,0.007677570786511333,0.9527706934197071,-0.029895187102602597,0.9823398505419595,6170.0
Gesundheit,-0.0956481523993555,1.1095033765855011,0.017254030035894912,1.0223991056664365,6217.0
Politik,0.10270354911715174,0.9347833904005195,0.1320934836436936,1.0834696422799586,1894.0
Winter,0.03380253417452521,0.9561853563637424,-0.016475659937343397,0.9707747237549353,10495.0
