topic,sentiment_mean,sentiment_std,subjectivity_mean,subjectivity_std,counting
Energie,0.009990346206478422,0.9526264896007635,-0.031855531573301614,0.9802647822475472,6341.0
Gesundheit,-0.09522754848470899,1.1068447531750536,0.01709593386085277,1.023767709748321,6461.0
Politik,0.09242139683840239,0.9407581352018691,0.12317098416249005,1.0743335143756203,1978.0
Winter,0.03508527437448208,0.9559236889701184,-0.014387105640635126,0.97243632581139,10577.0
