topic,sentiment_mean,sentiment_std,subjectivity_mean,subjectivity_std,counting
Energie,0.010134387902592605,0.9540297336538429,-0.030088796675614093,0.9828107652973435,6356.0
Gesundheit,-0.09437894229924543,1.1050495964710119,0.016332550507206636,1.0224284803547259,6506.0
Politik,0.09197024081660458,0.9413185869703747,0.12150450575065262,1.0731973063711187,1987.0
Winter,0.03477729549096434,0.9560440042574705,-0.014757230504636303,0.9720038755566133,10606.0
