topic,sentiment_mean,sentiment_std,subjectivity_mean,subjectivity_std,counting
Energie,0.04197717523981334,0.9631427585262959,-0.05923653115667206,0.9437564048811647,1429.0
Gesundheit,-0.17464546603203193,1.020720129079782,0.08481580555144141,1.0356664860599931,198.0
Politik,0.0059972912682426365,0.9056306247174735,0.2210292807445482,1.076645757882124,300.0
Winter,-0.03291251719273689,1.0258011250436219,0.0034680752574940458,0.9899265410709744,800.0
